"ref_area","ref_area.label","source","source.label","indicator","indicator.label","sex","sex.label","classif1","classif1.label","time","obs_value","obs_status","obs_status.label","note_classif","note_classif.label","note_indicator","note_indicator.label","note_source","note_source.label"
"FRA","France","BA:148","LFS - Employment Survey","EMP_5EMP_SEX_OC2_NB","Employment by sex and occupation - ISCO level 2 -- 19th ICLS (thousands)","SEX_T","Total","OC2_ISCO08_TOTAL","Occupation (ISCO-08), 2 digit level: Total","2024Q4",28933.162,,,,,"I12:415","Frequency: Quarterly","R1:3513","Repository: ILO-STATISTICS - Micro data processing"
"FRA","France","BA:148","LFS - Employment Survey","EMP_5EMP_SEX_OC2_NB","Employment by sex and occupation - ISCO level 2 -- 19th ICLS (thousands)","SEX_T","Total","OC2_ISCO08_01","Occupation (ISCO-08), 2 digit level: 01 - Commissioned armed forces officers","2024Q4",38.792,,,,,"I12:415","Frequency: Quarterly","R1:3513","Repository: ILO-STATISTICS - Micro data processing"
"FRA","France","BA:148","LFS - Employment Survey","EMP_5EMP_SEX_OC2_NB","Employment by sex and occupation - ISCO level 2 -- 19th ICLS (thousands)","SEX_T","Total","OC2_ISCO08_02","Occupation (ISCO-08), 2 digit level: 02 - Non-commissioned armed forces officers","2024Q4",106.741,,,,,"I12:415","Frequency: Quarterly","R1:3513","Repository: ILO-STATISTICS - Micro data processing"
"FRA","France","BA:148","LFS - Employment Survey","EMP_5EMP_SEX_OC2_NB","Employment by sex and occupation - ISCO level 2 -- 19th ICLS (thousands)","SEX_T","Total","OC2_ISCO08_03","Occupation (ISCO-08), 2 digit level: 03 - Armed forces occupations, other ranks","2024Q4",63.574,,,,,"I12:415","Frequency: Quarterly","R1:3513","Repository: ILO-STATISTICS - Micro data processing"
"FRA","France","BA:148","LFS - Employment Survey","EMP_5EMP_SEX_OC2_NB","Employment by sex and occupation - ISCO level 2 -- 19th ICLS (thousands)","SEX_T","Total","OC2_ISCO08_11","Occupation (ISCO-08), 2 digit level: 11 - Chief executives, senior officials and legislators","2024Q4",268.462,,,,,"I12:415","Frequency: Quarterly","R1:3513","Repository: ILO-STATISTICS - Micro data processing"
"FRA","France","BA:148","LFS - Employment Survey","EMP_5EMP_SEX_OC2_NB","Employment by sex and occupation - ISCO level 2 -- 19th ICLS (thousands)","SEX_T","Total","OC2_ISCO08_12","Occupation (ISCO-08), 2 digit level: 12 - Administrative and commercial managers","2024Q4",655.787,,,,,"I12:415","Frequency: Quarterly","R1:3513","Repository: ILO-STATISTICS - Micro data processing"
"FRA","France","BA:148","LFS - Employment Survey","EMP_5EMP_SEX_OC2_NB","Employment by sex and occupation - ISCO level 2 -- 19th ICLS (thousands)","SEX_T","Total","OC2_ISCO08_13","Occupation (ISCO-08), 2 digit level: 13 - Production and specialised services managers","2024Q4",726.783,,,,,"I12:415","Frequency: Quarterly","R1:3513","Repository: ILO-STATISTICS - Micro data processing"
"FRA","France","BA:148","LFS - Employment Survey","EMP_5EMP_SEX_OC2_NB","Employment by sex and occupation - ISCO level 2 -- 19th ICLS (thousands)","SEX_T","Total","OC2_ISCO08_14","Occupation (ISCO-08), 2 digit level: 14 - Hospitality, retail and other services managers","2024Q4",515.88,,,,,"I12:415","Frequency: Quarterly","R1:3513","Repository: ILO-STATISTICS - Micro data processing"
"FRA","France","BA:148","LFS - Employment Survey","EMP_5EMP_SEX_OC2_NB","Employment by sex and occupation - ISCO level 2 -- 19th ICLS (thousands)","SEX_T","Total","OC2_ISCO08_21","Occupation (ISCO-08), 2 digit level: 21 - Science and engineering professionals","2024Q4",1361.587,,,,,"I12:415","Frequency: Quarterly","R1:3513","Repository: ILO-STATISTICS - Micro data processing"
"FRA","France","BA:148","LFS - Employment Survey","EMP_5EMP_SEX_OC2_NB","Employment by sex and occupation - ISCO level 2 -- 19th ICLS (thousands)","SEX_T","Total","OC2_ISCO08_22","Occupation (ISCO-08), 2 digit level: 22 - Health professionals","2024Q4",909.056,,,,,"I12:415","Frequency: Quarterly","R1:3513","Repository: ILO-STATISTICS - Micro data processing"
"FRA","France","BA:148","LFS - Employment Survey","EMP_5EMP_SEX_OC2_NB","Employment by sex and occupation - ISCO level 2 -- 19th ICLS (thousands)","SEX_T","Total","OC2_ISCO08_23","Occupation (ISCO-08), 2 digit level: 23 - Teaching professionals","2024Q4",1338.828,,,,,"I12:415","Frequency: Quarterly","R1:3513","Repository: ILO-STATISTICS - Micro data processing"
"FRA","France","BA:148","LFS - Employment Survey","EMP_5EMP_SEX_OC2_NB","Employment by sex and occupation - ISCO level 2 -- 19th ICLS (thousands)","SEX_T","Total","OC2_ISCO08_24","Occupation (ISCO-08), 2 digit level: 24 - Business and administration professionals","2024Q4",1778.697,,,,,"I12:415","Frequency: Quarterly","R1:3513","Repository: ILO-STATISTICS - Micro data processing"
"FRA","France","BA:148","LFS - Employment Survey","EMP_5EMP_SEX_OC2_NB","Employment by sex and occupation - ISCO level 2 -- 19th ICLS (thousands)","SEX_T","Total","OC2_ISCO08_25","Occupation (ISCO-08), 2 digit level: 25 - Information and communications technology professionals","2024Q4",872.174,,,,,"I12:415","Frequency: Quarterly","R1:3513","Repository: ILO-STATISTICS - Micro data processing"
"FRA","France","BA:148","LFS - Employment Survey","EMP_5EMP_SEX_OC2_NB","Employment by sex and occupation - ISCO level 2 -- 19th ICLS (thousands)","SEX_T","Total","OC2_ISCO08_26","Occupation (ISCO-08), 2 digit level: 26 - Legal, social and cultural professionals","2024Q4",942.778,,,,,"I12:415","Frequency: Quarterly","R1:3513","Repository: ILO-STATISTICS - Micro data processing"
"FRA","France","BA:148","LFS - Employment Survey","EMP_5EMP_SEX_OC2_NB","Employment by sex and occupation - ISCO level 2 -- 19th ICLS (thousands)","SEX_T","Total","OC2_ISCO08_31","Occupation (ISCO-08), 2 digit level: 31 - Science and engineering associate professionals","2024Q4",991.566,,,,,"I12:415","Frequency: Quarterly","R1:3513","Repository: ILO-STATISTICS - Micro data processing"
"FRA","France","BA:148","LFS - Employment Survey","EMP_5EMP_SEX_OC2_NB","Employment by sex and occupation - ISCO level 2 -- 19th ICLS (thousands)","SEX_T","Total","OC2_ISCO08_32","Occupation (ISCO-08), 2 digit level: 32 - Health associate professionals","2024Q4",954.199,,,,,"I12:415","Frequency: Quarterly","R1:3513","Repository: ILO-STATISTICS - Micro data processing"
"FRA","France","BA:148","LFS - Employment Survey","EMP_5EMP_SEX_OC2_NB","Employment by sex and occupation - ISCO level 2 -- 19th ICLS (thousands)","SEX_T","Total","OC2_ISCO08_33","Occupation (ISCO-08), 2 digit level: 33 - Business and administration associate professionals","2024Q4",1986.511,,,,,"I12:415","Frequency: Quarterly","R1:3513","Repository: ILO-STATISTICS - Micro data processing"
"FRA","France","BA:148","LFS - Employment Survey","EMP_5EMP_SEX_OC2_NB","Employment by sex and occupation - ISCO level 2 -- 19th ICLS (thousands)","SEX_T","Total","OC2_ISCO08_34","Occupation (ISCO-08), 2 digit level: 34 - Legal, social, cultural and related associate professionals","2024Q4",1029.226,,,,,"I12:415","Frequency: Quarterly","R1:3513","Repository: ILO-STATISTICS - Micro data processing"
"FRA","France","BA:148","LFS - Employment Survey","EMP_5EMP_SEX_OC2_NB","Employment by sex and occupation - ISCO level 2 -- 19th ICLS (thousands)","SEX_T","Total","OC2_ISCO08_35","Occupation (ISCO-08), 2 digit level: 35 - Information and communications technicians","2024Q4",210.692,,,,,"I12:415","Frequency: Quarterly","R1:3513","Repository: ILO-STATISTICS - Micro data processing"
"FRA","France","BA:148","LFS - Employment Survey","EMP_5EMP_SEX_OC2_NB","Employment by sex and occupation - ISCO level 2 -- 19th ICLS (thousands)","SEX_T","Total","OC2_ISCO08_41","Occupation (ISCO-08), 2 digit level: 41 - General and keyboard clerks","2024Q4",964.814,,,,,"I12:415","Frequency: Quarterly","R1:3513","Repository: ILO-STATISTICS - Micro data processing"
"FRA","France","BA:148","LFS - Employment Survey","EMP_5EMP_SEX_OC2_NB","Employment by sex and occupation - ISCO level 2 -- 19th ICLS (thousands)","SEX_T","Total","OC2_ISCO08_42","Occupation (ISCO-08), 2 digit level: 42 - Customer services clerks","2024Q4",340.156,,,,,"I12:415","Frequency: Quarterly","R1:3513","Repository: ILO-STATISTICS - Micro data processing"
"FRA","France","BA:148","LFS - Employment Survey","EMP_5EMP_SEX_OC2_NB","Employment by sex and occupation - ISCO level 2 -- 19th ICLS (thousands)","SEX_T","Total","OC2_ISCO08_43","Occupation (ISCO-08), 2 digit level: 43 - Numerical and material recording clerks","2024Q4",714.614,,,,,"I12:415","Frequency: Quarterly","R1:3513","Repository: ILO-STATISTICS - Micro data processing"
"FRA","France","BA:148","LFS - Employment Survey","EMP_5EMP_SEX_OC2_NB","Employment by sex and occupation - ISCO level 2 -- 19th ICLS (thousands)","SEX_T","Total","OC2_ISCO08_44","Occupation (ISCO-08), 2 digit level: 44 - Other clerical support workers","2024Q4",252.402,,,,,"I12:415","Frequency: Quarterly","R1:3513","Repository: ILO-STATISTICS - Micro data processing"
"FRA","France","BA:148","LFS - Employment Survey","EMP_5EMP_SEX_OC2_NB","Employment by sex and occupation - ISCO level 2 -- 19th ICLS (thousands)","SEX_T","Total","OC2_ISCO08_51","Occupation (ISCO-08), 2 digit level: 51 - Personal service workers","2024Q4",994.238,,,,,"I12:415","Frequency: Quarterly","R1:3513","Repository: ILO-STATISTICS - Micro data processing"
"FRA","France","BA:148","LFS - Employment Survey","EMP_5EMP_SEX_OC2_NB","Employment by sex and occupation - ISCO level 2 -- 19th ICLS (thousands)","SEX_T","Total","OC2_ISCO08_52","Occupation (ISCO-08), 2 digit level: 52 - Sales workers","2024Q4",1224.071,,,,,"I12:415","Frequency: Quarterly","R1:3513","Repository: ILO-STATISTICS - Micro data processing"
"FRA","France","BA:148","LFS - Employment Survey","EMP_5EMP_SEX_OC2_NB","Employment by sex and occupation - ISCO level 2 -- 19th ICLS (thousands)","SEX_T","Total","OC2_ISCO08_53","Occupation (ISCO-08), 2 digit level: 53 - Personal care workers","2024Q4",1395.659,,,,,"I12:415","Frequency: Quarterly","R1:3513","Repository: ILO-STATISTICS - Micro data processing"
"FRA","France","BA:148","LFS - Employment Survey","EMP_5EMP_SEX_OC2_NB","Employment by sex and occupation - ISCO level 2 -- 19th ICLS (thousands)","SEX_T","Total","OC2_ISCO08_54","Occupation (ISCO-08), 2 digit level: 54 - Protective services workers","2024Q4",461.598,,,,,"I12:415","Frequency: Quarterly","R1:3513","Repository: ILO-STATISTICS - Micro data processing"
"FRA","France","BA:148","LFS - Employment Survey","EMP_5EMP_SEX_OC2_NB","Employment by sex and occupation - ISCO level 2 -- 19th ICLS (thousands)","SEX_T","Total","OC2_ISCO08_61","Occupation (ISCO-08), 2 digit level: 61 - Market-oriented skilled agricultural workers","2024Q4",649.119,,,,,"I12:415","Frequency: Quarterly","R1:3513","Repository: ILO-STATISTICS - Micro data processing"
"FRA","France","BA:148","LFS - Employment Survey","EMP_5EMP_SEX_OC2_NB","Employment by sex and occupation - ISCO level 2 -- 19th ICLS (thousands)","SEX_T","Total","OC2_ISCO08_62","Occupation (ISCO-08), 2 digit level: 62 - Market-oriented skilled forestry, fishery and hunting workers","2024Q4",35.261,,,,,"I12:415","Frequency: Quarterly","R1:3513","Repository: ILO-STATISTICS - Micro data processing"
"FRA","France","BA:148","LFS - Employment Survey","EMP_5EMP_SEX_OC2_NB","Employment by sex and occupation - ISCO level 2 -- 19th ICLS (thousands)","SEX_T","Total","OC2_ISCO08_71","Occupation (ISCO-08), 2 digit level: 71 - Building and related trades workers, excluding electricians","2024Q4",951.35,,,,,"I12:415","Frequency: Quarterly","R1:3513","Repository: ILO-STATISTICS - Micro data processing"
"FRA","France","BA:148","LFS - Employment Survey","EMP_5EMP_SEX_OC2_NB","Employment by sex and occupation - ISCO level 2 -- 19th ICLS (thousands)","SEX_T","Total","OC2_ISCO08_72","Occupation (ISCO-08), 2 digit level: 72 - Metal, machinery and related trades workers","2024Q4",833.058,,,,,"I12:415","Frequency: Quarterly","R1:3513","Repository: ILO-STATISTICS - Micro data processing"
"FRA","France","BA:148","LFS - Employment Survey","EMP_5EMP_SEX_OC2_NB","Employment by sex and occupation - ISCO level 2 -- 19th ICLS (thousands)","SEX_T","Total","OC2_ISCO08_73","Occupation (ISCO-08), 2 digit level: 73 - Handicraft and printing workers","2024Q4",109.347,,,,,"I12:415","Frequency: Quarterly","R1:3513","Repository: ILO-STATISTICS - Micro data processing"
"FRA","France","BA:148","LFS - Employment Survey","EMP_5EMP_SEX_OC2_NB","Employment by sex and occupation - ISCO level 2 -- 19th ICLS (thousands)","SEX_T","Total","OC2_ISCO08_74","Occupation (ISCO-08), 2 digit level: 74 - Electrical and electronic trades workers","2024Q4",320.994,,,,,"I12:415","Frequency: Quarterly","R1:3513","Repository: ILO-STATISTICS - Micro data processing"
"FRA","France","BA:148","LFS - Employment Survey","EMP_5EMP_SEX_OC2_NB","Employment by sex and occupation - ISCO level 2 -- 19th ICLS (thousands)","SEX_T","Total","OC2_ISCO08_75","Occupation (ISCO-08), 2 digit level: 75 - Food processing, wood working, garment and other craft and related trades workers","2024Q4",459.338,,,,,"I12:415","Frequency: Quarterly","R1:3513","Repository: ILO-STATISTICS - Micro data processing"
"FRA","France","BA:148","LFS - Employment Survey","EMP_5EMP_SEX_OC2_NB","Employment by sex and occupation - ISCO level 2 -- 19th ICLS (thousands)","SEX_T","Total","OC2_ISCO08_81","Occupation (ISCO-08), 2 digit level: 81 - Stationary plant and machine operators","2024Q4",577.776,,,,,"I12:415","Frequency: Quarterly","R1:3513","Repository: ILO-STATISTICS - Micro data processing"
"FRA","France","BA:148","LFS - Employment Survey","EMP_5EMP_SEX_OC2_NB","Employment by sex and occupation - ISCO level 2 -- 19th ICLS (thousands)","SEX_T","Total","OC2_ISCO08_82","Occupation (ISCO-08), 2 digit level: 82 - Assemblers","2024Q4",115.224,,,,,"I12:415","Frequency: Quarterly","R1:3513","Repository: ILO-STATISTICS - Micro data processing"
"FRA","France","BA:148","LFS - Employment Survey","EMP_5EMP_SEX_OC2_NB","Employment by sex and occupation - ISCO level 2 -- 19th ICLS (thousands)","SEX_T","Total","OC2_ISCO08_83","Occupation (ISCO-08), 2 digit level: 83 - Drivers and mobile plant operators","2024Q4",1051.743,,,,,"I12:415","Frequency: Quarterly","R1:3513","Repository: ILO-STATISTICS - Micro data processing"
"FRA","France","BA:148","LFS - Employment Survey","EMP_5EMP_SEX_OC2_NB","Employment by sex and occupation - ISCO level 2 -- 19th ICLS (thousands)","SEX_T","Total","OC2_ISCO08_91","Occupation (ISCO-08), 2 digit level: 91 - Cleaners and helpers","2024Q4",1149.991,,,,,"I12:415","Frequency: Quarterly","R1:3513","Repository: ILO-STATISTICS - Micro data processing"
"FRA","France","BA:148","LFS - Employment Survey","EMP_5EMP_SEX_OC2_NB","Employment by sex and occupation - ISCO level 2 -- 19th ICLS (thousands)","SEX_T","Total","OC2_ISCO08_92","Occupation (ISCO-08), 2 digit level: 92 - Agricultural, forestry and fishery labourers","2024Q4",138.768,,,,,"I12:415","Frequency: Quarterly","R1:3513","Repository: ILO-STATISTICS - Micro data processing"
"FRA","France","BA:148","LFS - Employment Survey","EMP_5EMP_SEX_OC2_NB","Employment by sex and occupation - ISCO level 2 -- 19th ICLS (thousands)","SEX_T","Total","OC2_ISCO08_93","Occupation (ISCO-08), 2 digit level: 93 - Labourers in mining, construction, manufacturing and transport","2024Q4",639.317,,,,,"I12:415","Frequency: Quarterly","R1:3513","Repository: ILO-STATISTICS - Micro data processing"
"FRA","France","BA:148","LFS - Employment Survey","EMP_5EMP_SEX_OC2_NB","Employment by sex and occupation - ISCO level 2 -- 19th ICLS (thousands)","SEX_T","Total","OC2_ISCO08_94","Occupation (ISCO-08), 2 digit level: 94 - Food preparation assistants","2024Q4",234.192,,,,,"I12:415","Frequency: Quarterly","R1:3513","Repository: ILO-STATISTICS - Micro data processing"
"FRA","France","BA:148","LFS - Employment Survey","EMP_5EMP_SEX_OC2_NB","Employment by sex and occupation - ISCO level 2 -- 19th ICLS (thousands)","SEX_T","Total","OC2_ISCO08_96","Occupation (ISCO-08), 2 digit level: 96 - Refuse workers and other elementary workers","2024Q4",227.818,,,,,"I12:415","Frequency: Quarterly","R1:3513","Repository: ILO-STATISTICS - Micro data processing"
"FRA","France","BA:148","LFS - Employment Survey","EMP_5EMP_SEX_OC2_NB","Employment by sex and occupation - ISCO level 2 -- 19th ICLS (thousands)","SEX_T","Total","OC2_ISCO08_X","Occupation (ISCO-08), 2 digit level: X - Not elsewhere classified","2024Q4",340.98,,,,,"I12:415","Frequency: Quarterly","R1:3513","Repository: ILO-STATISTICS - Micro data processing"
"FRA","France","BA:148","LFS - Employment Survey","EMP_5EMP_SEX_OC2_NB","Employment by sex and occupation - ISCO level 2 -- 19th ICLS (thousands)","SEX_M","Male","OC2_ISCO08_TOTAL","Occupation (ISCO-08), 2 digit level: Total","2024Q4",14782.451,,,,,"I12:415","Frequency: Quarterly","R1:3513","Repository: ILO-STATISTICS - Micro data processing"
"FRA","France","BA:148","LFS - Employment Survey","EMP_5EMP_SEX_OC2_NB","Employment by sex and occupation - ISCO level 2 -- 19th ICLS (thousands)","SEX_M","Male","OC2_ISCO08_01","Occupation (ISCO-08), 2 digit level: 01 - Commissioned armed forces officers","2024Q4",32.572,,,,,"I12:415","Frequency: Quarterly","R1:3513","Repository: ILO-STATISTICS - Micro data processing"
"FRA","France","BA:148","LFS - Employment Survey","EMP_5EMP_SEX_OC2_NB","Employment by sex and occupation - ISCO level 2 -- 19th ICLS (thousands)","SEX_M","Male","OC2_ISCO08_02","Occupation (ISCO-08), 2 digit level: 02 - Non-commissioned armed forces officers","2024Q4",87.687,,,,,"I12:415","Frequency: Quarterly","R1:3513","Repository: ILO-STATISTICS - Micro data processing"
"FRA","France","BA:148","LFS - Employment Survey","EMP_5EMP_SEX_OC2_NB","Employment by sex and occupation - ISCO level 2 -- 19th ICLS (thousands)","SEX_M","Male","OC2_ISCO08_03","Occupation (ISCO-08), 2 digit level: 03 - Armed forces occupations, other ranks","2024Q4",51.214,,,,,"I12:415","Frequency: Quarterly","R1:3513","Repository: ILO-STATISTICS - Micro data processing"
"FRA","France","BA:148","LFS - Employment Survey","EMP_5EMP_SEX_OC2_NB","Employment by sex and occupation - ISCO level 2 -- 19th ICLS (thousands)","SEX_M","Male","OC2_ISCO08_11","Occupation (ISCO-08), 2 digit level: 11 - Chief executives, senior officials and legislators","2024Q4",178.591,,,,,"I12:415","Frequency: Quarterly","R1:3513","Repository: ILO-STATISTICS - Micro data processing"
"FRA","France","BA:148","LFS - Employment Survey","EMP_5EMP_SEX_OC2_NB","Employment by sex and occupation - ISCO level 2 -- 19th ICLS (thousands)","SEX_M","Male","OC2_ISCO08_12","Occupation (ISCO-08), 2 digit level: 12 - Administrative and commercial managers","2024Q4",309.731,,,,,"I12:415","Frequency: Quarterly","R1:3513","Repository: ILO-STATISTICS - Micro data processing"
"FRA","France","BA:148","LFS - Employment Survey","EMP_5EMP_SEX_OC2_NB","Employment by sex and occupation - ISCO level 2 -- 19th ICLS (thousands)","SEX_M","Male","OC2_ISCO08_13","Occupation (ISCO-08), 2 digit level: 13 - Production and specialised services managers","2024Q4",529.619,,,,,"I12:415","Frequency: Quarterly","R1:3513","Repository: ILO-STATISTICS - Micro data processing"
"FRA","France","BA:148","LFS - Employment Survey","EMP_5EMP_SEX_OC2_NB","Employment by sex and occupation - ISCO level 2 -- 19th ICLS (thousands)","SEX_M","Male","OC2_ISCO08_14","Occupation (ISCO-08), 2 digit level: 14 - Hospitality, retail and other services managers","2024Q4",287.37,,,,,"I12:415","Frequency: Quarterly","R1:3513","Repository: ILO-STATISTICS - Micro data processing"
"FRA","France","BA:148","LFS - Employment Survey","EMP_5EMP_SEX_OC2_NB","Employment by sex and occupation - ISCO level 2 -- 19th ICLS (thousands)","SEX_M","Male","OC2_ISCO08_21","Occupation (ISCO-08), 2 digit level: 21 - Science and engineering professionals","2024Q4",867.84,,,,,"I12:415","Frequency: Quarterly","R1:3513","Repository: ILO-STATISTICS - Micro data processing"
"FRA","France","BA:148","LFS - Employment Survey","EMP_5EMP_SEX_OC2_NB","Employment by sex and occupation - ISCO level 2 -- 19th ICLS (thousands)","SEX_M","Male","OC2_ISCO08_22","Occupation (ISCO-08), 2 digit level: 22 - Health professionals","2024Q4",346.283,,,,,"I12:415","Frequency: Quarterly","R1:3513","Repository: ILO-STATISTICS - Micro data processing"
"FRA","France","BA:148","LFS - Employment Survey","EMP_5EMP_SEX_OC2_NB","Employment by sex and occupation - ISCO level 2 -- 19th ICLS (thousands)","SEX_M","Male","OC2_ISCO08_23","Occupation (ISCO-08), 2 digit level: 23 - Teaching professionals","2024Q4",435.818,,,,,"I12:415","Frequency: Quarterly","R1:3513","Repository: ILO-STATISTICS - Micro data processing"
"FRA","France","BA:148","LFS - Employment Survey","EMP_5EMP_SEX_OC2_NB","Employment by sex and occupation - ISCO level 2 -- 19th ICLS (thousands)","SEX_M","Male","OC2_ISCO08_24","Occupation (ISCO-08), 2 digit level: 24 - Business and administration professionals","2024Q4",868.982,,,,,"I12:415","Frequency: Quarterly","R1:3513","Repository: ILO-STATISTICS - Micro data processing"
"FRA","France","BA:148","LFS - Employment Survey","EMP_5EMP_SEX_OC2_NB","Employment by sex and occupation - ISCO level 2 -- 19th ICLS (thousands)","SEX_M","Male","OC2_ISCO08_25","Occupation (ISCO-08), 2 digit level: 25 - Information and communications technology professionals","2024Q4",710.884,,,,,"I12:415","Frequency: Quarterly","R1:3513","Repository: ILO-STATISTICS - Micro data processing"
"FRA","France","BA:148","LFS - Employment Survey","EMP_5EMP_SEX_OC2_NB","Employment by sex and occupation - ISCO level 2 -- 19th ICLS (thousands)","SEX_M","Male","OC2_ISCO08_26","Occupation (ISCO-08), 2 digit level: 26 - Legal, social and cultural professionals","2024Q4",336.486,,,,,"I12:415","Frequency: Quarterly","R1:3513","Repository: ILO-STATISTICS - Micro data processing"
"FRA","France","BA:148","LFS - Employment Survey","EMP_5EMP_SEX_OC2_NB","Employment by sex and occupation - ISCO level 2 -- 19th ICLS (thousands)","SEX_M","Male","OC2_ISCO08_31","Occupation (ISCO-08), 2 digit level: 31 - Science and engineering associate professionals","2024Q4",802.107,,,,,"I12:415","Frequency: Quarterly","R1:3513","Repository: ILO-STATISTICS - Micro data processing"
"FRA","France","BA:148","LFS - Employment Survey","EMP_5EMP_SEX_OC2_NB","Employment by sex and occupation - ISCO level 2 -- 19th ICLS (thousands)","SEX_M","Male","OC2_ISCO08_32","Occupation (ISCO-08), 2 digit level: 32 - Health associate professionals","2024Q4",198.203,,,,,"I12:415","Frequency: Quarterly","R1:3513","Repository: ILO-STATISTICS - Micro data processing"
"FRA","France","BA:148","LFS - Employment Survey","EMP_5EMP_SEX_OC2_NB","Employment by sex and occupation - ISCO level 2 -- 19th ICLS (thousands)","SEX_M","Male","OC2_ISCO08_33","Occupation (ISCO-08), 2 digit level: 33 - Business and administration associate professionals","2024Q4",657.275,,,,,"I12:415","Frequency: Quarterly","R1:3513","Repository: ILO-STATISTICS - Micro data processing"
"FRA","France","BA:148","LFS - Employment Survey","EMP_5EMP_SEX_OC2_NB","Employment by sex and occupation - ISCO level 2 -- 19th ICLS (thousands)","SEX_M","Male","OC2_ISCO08_34","Occupation (ISCO-08), 2 digit level: 34 - Legal, social, cultural and related associate professionals","2024Q4",393.763,,,,,"I12:415","Frequency: Quarterly","R1:3513","Repository: ILO-STATISTICS - Micro data processing"
"FRA","France","BA:148","LFS - Employment Survey","EMP_5EMP_SEX_OC2_NB","Employment by sex and occupation - ISCO level 2 -- 19th ICLS (thousands)","SEX_M","Male","OC2_ISCO08_35","Occupation (ISCO-08), 2 digit level: 35 - Information and communications technicians","2024Q4",179.837,,,,,"I12:415","Frequency: Quarterly","R1:3513","Repository: ILO-STATISTICS - Micro data processing"
"FRA","France","BA:148","LFS - Employment Survey","EMP_5EMP_SEX_OC2_NB","Employment by sex and occupation - ISCO level 2 -- 19th ICLS (thousands)","SEX_M","Male","OC2_ISCO08_41","Occupation (ISCO-08), 2 digit level: 41 - General and keyboard clerks","2024Q4",114.901,,,,,"I12:415","Frequency: Quarterly","R1:3513","Repository: ILO-STATISTICS - Micro data processing"
"FRA","France","BA:148","LFS - Employment Survey","EMP_5EMP_SEX_OC2_NB","Employment by sex and occupation - ISCO level 2 -- 19th ICLS (thousands)","SEX_M","Male","OC2_ISCO08_42","Occupation (ISCO-08), 2 digit level: 42 - Customer services clerks","2024Q4",89.142,,,,,"I12:415","Frequency: Quarterly","R1:3513","Repository: ILO-STATISTICS - Micro data processing"
"FRA","France","BA:148","LFS - Employment Survey","EMP_5EMP_SEX_OC2_NB","Employment by sex and occupation - ISCO level 2 -- 19th ICLS (thousands)","SEX_M","Male","OC2_ISCO08_43","Occupation (ISCO-08), 2 digit level: 43 - Numerical and material recording clerks","2024Q4",346.789,,,,,"I12:415","Frequency: Quarterly","R1:3513","Repository: ILO-STATISTICS - Micro data processing"
"FRA","France","BA:148","LFS - Employment Survey","EMP_5EMP_SEX_OC2_NB","Employment by sex and occupation - ISCO level 2 -- 19th ICLS (thousands)","SEX_M","Male","OC2_ISCO08_44","Occupation (ISCO-08), 2 digit level: 44 - Other clerical support workers","2024Q4",75.454,,,,,"I12:415","Frequency: Quarterly","R1:3513","Repository: ILO-STATISTICS - Micro data processing"
"FRA","France","BA:148","LFS - Employment Survey","EMP_5EMP_SEX_OC2_NB","Employment by sex and occupation - ISCO level 2 -- 19th ICLS (thousands)","SEX_M","Male","OC2_ISCO08_51","Occupation (ISCO-08), 2 digit level: 51 - Personal service workers","2024Q4",416.204,,,,,"I12:415","Frequency: Quarterly","R1:3513","Repository: ILO-STATISTICS - Micro data processing"
"FRA","France","BA:148","LFS - Employment Survey","EMP_5EMP_SEX_OC2_NB","Employment by sex and occupation - ISCO level 2 -- 19th ICLS (thousands)","SEX_M","Male","OC2_ISCO08_52","Occupation (ISCO-08), 2 digit level: 52 - Sales workers","2024Q4",453.064,,,,,"I12:415","Frequency: Quarterly","R1:3513","Repository: ILO-STATISTICS - Micro data processing"
"FRA","France","BA:148","LFS - Employment Survey","EMP_5EMP_SEX_OC2_NB","Employment by sex and occupation - ISCO level 2 -- 19th ICLS (thousands)","SEX_M","Male","OC2_ISCO08_53","Occupation (ISCO-08), 2 digit level: 53 - Personal care workers","2024Q4",97.208,,,,,"I12:415","Frequency: Quarterly","R1:3513","Repository: ILO-STATISTICS - Micro data processing"
"FRA","France","BA:148","LFS - Employment Survey","EMP_5EMP_SEX_OC2_NB","Employment by sex and occupation - ISCO level 2 -- 19th ICLS (thousands)","SEX_M","Male","OC2_ISCO08_54","Occupation (ISCO-08), 2 digit level: 54 - Protective services workers","2024Q4",364.41,,,,,"I12:415","Frequency: Quarterly","R1:3513","Repository: ILO-STATISTICS - Micro data processing"
"FRA","France","BA:148","LFS - Employment Survey","EMP_5EMP_SEX_OC2_NB","Employment by sex and occupation - ISCO level 2 -- 19th ICLS (thousands)","SEX_M","Male","OC2_ISCO08_61","Occupation (ISCO-08), 2 digit level: 61 - Market-oriented skilled agricultural workers","2024Q4",505.26,,,,,"I12:415","Frequency: Quarterly","R1:3513","Repository: ILO-STATISTICS - Micro data processing"
"FRA","France","BA:148","LFS - Employment Survey","EMP_5EMP_SEX_OC2_NB","Employment by sex and occupation - ISCO level 2 -- 19th ICLS (thousands)","SEX_M","Male","OC2_ISCO08_62","Occupation (ISCO-08), 2 digit level: 62 - Market-oriented skilled forestry, fishery and hunting workers","2024Q4",32.811,,,,,"I12:415","Frequency: Quarterly","R1:3513","Repository: ILO-STATISTICS - Micro data processing"
"FRA","France","BA:148","LFS - Employment Survey","EMP_5EMP_SEX_OC2_NB","Employment by sex and occupation - ISCO level 2 -- 19th ICLS (thousands)","SEX_M","Male","OC2_ISCO08_71","Occupation (ISCO-08), 2 digit level: 71 - Building and related trades workers, excluding electricians","2024Q4",926.734,,,,,"I12:415","Frequency: Quarterly","R1:3513","Repository: ILO-STATISTICS - Micro data processing"
"FRA","France","BA:148","LFS - Employment Survey","EMP_5EMP_SEX_OC2_NB","Employment by sex and occupation - ISCO level 2 -- 19th ICLS (thousands)","SEX_M","Male","OC2_ISCO08_72","Occupation (ISCO-08), 2 digit level: 72 - Metal, machinery and related trades workers","2024Q4",802.22,,,,,"I12:415","Frequency: Quarterly","R1:3513","Repository: ILO-STATISTICS - Micro data processing"
"FRA","France","BA:148","LFS - Employment Survey","EMP_5EMP_SEX_OC2_NB","Employment by sex and occupation - ISCO level 2 -- 19th ICLS (thousands)","SEX_M","Male","OC2_ISCO08_73","Occupation (ISCO-08), 2 digit level: 73 - Handicraft and printing workers","2024Q4",61.97,,,,,"I12:415","Frequency: Quarterly","R1:3513","Repository: ILO-STATISTICS - Micro data processing"
"FRA","France","BA:148","LFS - Employment Survey","EMP_5EMP_SEX_OC2_NB","Employment by sex and occupation - ISCO level 2 -- 19th ICLS (thousands)","SEX_M","Male","OC2_ISCO08_74","Occupation (ISCO-08), 2 digit level: 74 - Electrical and electronic trades workers","2024Q4",307.32,,,,,"I12:415","Frequency: Quarterly","R1:3513","Repository: ILO-STATISTICS - Micro data processing"
"FRA","France","BA:148","LFS - Employment Survey","EMP_5EMP_SEX_OC2_NB","Employment by sex and occupation - ISCO level 2 -- 19th ICLS (thousands)","SEX_M","Male","OC2_ISCO08_75","Occupation (ISCO-08), 2 digit level: 75 - Food processing, wood working, garment and other craft and related trades workers","2024Q4",321.839,,,,,"I12:415","Frequency: Quarterly","R1:3513","Repository: ILO-STATISTICS - Micro data processing"
"FRA","France","BA:148","LFS - Employment Survey","EMP_5EMP_SEX_OC2_NB","Employment by sex and occupation - ISCO level 2 -- 19th ICLS (thousands)","SEX_M","Male","OC2_ISCO08_81","Occupation (ISCO-08), 2 digit level: 81 - Stationary plant and machine operators","2024Q4",376.037,,,,,"I12:415","Frequency: Quarterly","R1:3513","Repository: ILO-STATISTICS - Micro data processing"
"FRA","France","BA:148","LFS - Employment Survey","EMP_5EMP_SEX_OC2_NB","Employment by sex and occupation - ISCO level 2 -- 19th ICLS (thousands)","SEX_M","Male","OC2_ISCO08_82","Occupation (ISCO-08), 2 digit level: 82 - Assemblers","2024Q4",84.49,,,,,"I12:415","Frequency: Quarterly","R1:3513","Repository: ILO-STATISTICS - Micro data processing"
"FRA","France","BA:148","LFS - Employment Survey","EMP_5EMP_SEX_OC2_NB","Employment by sex and occupation - ISCO level 2 -- 19th ICLS (thousands)","SEX_M","Male","OC2_ISCO08_83","Occupation (ISCO-08), 2 digit level: 83 - Drivers and mobile plant operators","2024Q4",974.709,,,,,"I12:415","Frequency: Quarterly","R1:3513","Repository: ILO-STATISTICS - Micro data processing"
"FRA","France","BA:148","LFS - Employment Survey","EMP_5EMP_SEX_OC2_NB","Employment by sex and occupation - ISCO level 2 -- 19th ICLS (thousands)","SEX_M","Male","OC2_ISCO08_91","Occupation (ISCO-08), 2 digit level: 91 - Cleaners and helpers","2024Q4",193.795,,,,,"I12:415","Frequency: Quarterly","R1:3513","Repository: ILO-STATISTICS - Micro data processing"
"FRA","France","BA:148","LFS - Employment Survey","EMP_5EMP_SEX_OC2_NB","Employment by sex and occupation - ISCO level 2 -- 19th ICLS (thousands)","SEX_M","Male","OC2_ISCO08_92","Occupation (ISCO-08), 2 digit level: 92 - Agricultural, forestry and fishery labourers","2024Q4",117.547,,,,,"I12:415","Frequency: Quarterly","R1:3513","Repository: ILO-STATISTICS - Micro data processing"
"FRA","France","BA:148","LFS - Employment Survey","EMP_5EMP_SEX_OC2_NB","Employment by sex and occupation - ISCO level 2 -- 19th ICLS (thousands)","SEX_M","Male","OC2_ISCO08_93","Occupation (ISCO-08), 2 digit level: 93 - Labourers in mining, construction, manufacturing and transport","2024Q4",397.358,,,,,"I12:415","Frequency: Quarterly","R1:3513","Repository: ILO-STATISTICS - Micro data processing"
"FRA","France","BA:148","LFS - Employment Survey","EMP_5EMP_SEX_OC2_NB","Employment by sex and occupation - ISCO level 2 -- 19th ICLS (thousands)","SEX_M","Male","OC2_ISCO08_94","Occupation (ISCO-08), 2 digit level: 94 - Food preparation assistants","2024Q4",74.213,,,,,"I12:415","Frequency: Quarterly","R1:3513","Repository: ILO-STATISTICS - Micro data processing"
"FRA","France","BA:148","LFS - Employment Survey","EMP_5EMP_SEX_OC2_NB","Employment by sex and occupation - ISCO level 2 -- 19th ICLS (thousands)","SEX_M","Male","OC2_ISCO08_96","Occupation (ISCO-08), 2 digit level: 96 - Refuse workers and other elementary workers","2024Q4",194.585,,,,,"I12:415","Frequency: Quarterly","R1:3513","Repository: ILO-STATISTICS - Micro data processing"
"FRA","France","BA:148","LFS - Employment Survey","EMP_5EMP_SEX_OC2_NB","Employment by sex and occupation - ISCO level 2 -- 19th ICLS (thousands)","SEX_M","Male","OC2_ISCO08_X","Occupation (ISCO-08), 2 digit level: X - Not elsewhere classified","2024Q4",180.128,,,,,"I12:415","Frequency: Quarterly","R1:3513","Repository: ILO-STATISTICS - Micro data processing"
"FRA","France","BA:148","LFS - Employment Survey","EMP_5EMP_SEX_OC2_NB","Employment by sex and occupation - ISCO level 2 -- 19th ICLS (thousands)","SEX_F","Female","OC2_ISCO08_TOTAL","Occupation (ISCO-08), 2 digit level: Total","2024Q4",14150.711,,,,,"I12:415","Frequency: Quarterly","R1:3513","Repository: ILO-STATISTICS - Micro data processing"
"FRA","France","BA:148","LFS - Employment Survey","EMP_5EMP_SEX_OC2_NB","Employment by sex and occupation - ISCO level 2 -- 19th ICLS (thousands)","SEX_F","Female","OC2_ISCO08_01","Occupation (ISCO-08), 2 digit level: 01 - Commissioned armed forces officers","2024Q4",6.22,"U","Unreliable",,,"I12:415","Frequency: Quarterly","R1:3513","Repository: ILO-STATISTICS - Micro data processing"
"FRA","France","BA:148","LFS - Employment Survey","EMP_5EMP_SEX_OC2_NB","Employment by sex and occupation - ISCO level 2 -- 19th ICLS (thousands)","SEX_F","Female","OC2_ISCO08_02","Occupation (ISCO-08), 2 digit level: 02 - Non-commissioned armed forces officers","2024Q4",19.054,,,,,"I12:415","Frequency: Quarterly","R1:3513","Repository: ILO-STATISTICS - Micro data processing"
"FRA","France","BA:148","LFS - Employment Survey","EMP_5EMP_SEX_OC2_NB","Employment by sex and occupation - ISCO level 2 -- 19th ICLS (thousands)","SEX_F","Female","OC2_ISCO08_03","Occupation (ISCO-08), 2 digit level: 03 - Armed forces occupations, other ranks","2024Q4",12.361,"U","Unreliable",,,"I12:415","Frequency: Quarterly","R1:3513","Repository: ILO-STATISTICS - Micro data processing"
"FRA","France","BA:148","LFS - Employment Survey","EMP_5EMP_SEX_OC2_NB","Employment by sex and occupation - ISCO level 2 -- 19th ICLS (thousands)","SEX_F","Female","OC2_ISCO08_11","Occupation (ISCO-08), 2 digit level: 11 - Chief executives, senior officials and legislators","2024Q4",89.871,,,,,"I12:415","Frequency: Quarterly","R1:3513","Repository: ILO-STATISTICS - Micro data processing"
"FRA","France","BA:148","LFS - Employment Survey","EMP_5EMP_SEX_OC2_NB","Employment by sex and occupation - ISCO level 2 -- 19th ICLS (thousands)","SEX_F","Female","OC2_ISCO08_12","Occupation (ISCO-08), 2 digit level: 12 - Administrative and commercial managers","2024Q4",346.056,,,,,"I12:415","Frequency: Quarterly","R1:3513","Repository: ILO-STATISTICS - Micro data processing"
"FRA","France","BA:148","LFS - Employment Survey","EMP_5EMP_SEX_OC2_NB","Employment by sex and occupation - ISCO level 2 -- 19th ICLS (thousands)","SEX_F","Female","OC2_ISCO08_13","Occupation (ISCO-08), 2 digit level: 13 - Production and specialised services managers","2024Q4",197.164,,,,,"I12:415","Frequency: Quarterly","R1:3513","Repository: ILO-STATISTICS - Micro data processing"
"FRA","France","BA:148","LFS - Employment Survey","EMP_5EMP_SEX_OC2_NB","Employment by sex and occupation - ISCO level 2 -- 19th ICLS (thousands)","SEX_F","Female","OC2_ISCO08_14","Occupation (ISCO-08), 2 digit level: 14 - Hospitality, retail and other services managers","2024Q4",228.51,,,,,"I12:415","Frequency: Quarterly","R1:3513","Repository: ILO-STATISTICS - Micro data processing"
"FRA","France","BA:148","LFS - Employment Survey","EMP_5EMP_SEX_OC2_NB","Employment by sex and occupation - ISCO level 2 -- 19th ICLS (thousands)","SEX_F","Female","OC2_ISCO08_21","Occupation (ISCO-08), 2 digit level: 21 - Science and engineering professionals","2024Q4",493.747,,,,,"I12:415","Frequency: Quarterly","R1:3513","Repository: ILO-STATISTICS - Micro data processing"
"FRA","France","BA:148","LFS - Employment Survey","EMP_5EMP_SEX_OC2_NB","Employment by sex and occupation - ISCO level 2 -- 19th ICLS (thousands)","SEX_F","Female","OC2_ISCO08_22","Occupation (ISCO-08), 2 digit level: 22 - Health professionals","2024Q4",562.773,,,,,"I12:415","Frequency: Quarterly","R1:3513","Repository: ILO-STATISTICS - Micro data processing"
"FRA","France","BA:148","LFS - Employment Survey","EMP_5EMP_SEX_OC2_NB","Employment by sex and occupation - ISCO level 2 -- 19th ICLS (thousands)","SEX_F","Female","OC2_ISCO08_23","Occupation (ISCO-08), 2 digit level: 23 - Teaching professionals","2024Q4",903.011,,,,,"I12:415","Frequency: Quarterly","R1:3513","Repository: ILO-STATISTICS - Micro data processing"
"FRA","France","BA:148","LFS - Employment Survey","EMP_5EMP_SEX_OC2_NB","Employment by sex and occupation - ISCO level 2 -- 19th ICLS (thousands)","SEX_F","Female","OC2_ISCO08_24","Occupation (ISCO-08), 2 digit level: 24 - Business and administration professionals","2024Q4",909.714,,,,,"I12:415","Frequency: Quarterly","R1:3513","Repository: ILO-STATISTICS - Micro data processing"
"FRA","France","BA:148","LFS - Employment Survey","EMP_5EMP_SEX_OC2_NB","Employment by sex and occupation - ISCO level 2 -- 19th ICLS (thousands)","SEX_F","Female","OC2_ISCO08_25","Occupation (ISCO-08), 2 digit level: 25 - Information and communications technology professionals","2024Q4",161.291,,,,,"I12:415","Frequency: Quarterly","R1:3513","Repository: ILO-STATISTICS - Micro data processing"
"FRA","France","BA:148","LFS - Employment Survey","EMP_5EMP_SEX_OC2_NB","Employment by sex and occupation - ISCO level 2 -- 19th ICLS (thousands)","SEX_F","Female","OC2_ISCO08_26","Occupation (ISCO-08), 2 digit level: 26 - Legal, social and cultural professionals","2024Q4",606.292,,,,,"I12:415","Frequency: Quarterly","R1:3513","Repository: ILO-STATISTICS - Micro data processing"
"FRA","France","BA:148","LFS - Employment Survey","EMP_5EMP_SEX_OC2_NB","Employment by sex and occupation - ISCO level 2 -- 19th ICLS (thousands)","SEX_F","Female","OC2_ISCO08_31","Occupation (ISCO-08), 2 digit level: 31 - Science and engineering associate professionals","2024Q4",189.458,,,,,"I12:415","Frequency: Quarterly","R1:3513","Repository: ILO-STATISTICS - Micro data processing"
"FRA","France","BA:148","LFS - Employment Survey","EMP_5EMP_SEX_OC2_NB","Employment by sex and occupation - ISCO level 2 -- 19th ICLS (thousands)","SEX_F","Female","OC2_ISCO08_32","Occupation (ISCO-08), 2 digit level: 32 - Health associate professionals","2024Q4",755.996,,,,,"I12:415","Frequency: Quarterly","R1:3513","Repository: ILO-STATISTICS - Micro data processing"
"FRA","France","BA:148","LFS - Employment Survey","EMP_5EMP_SEX_OC2_NB","Employment by sex and occupation - ISCO level 2 -- 19th ICLS (thousands)","SEX_F","Female","OC2_ISCO08_33","Occupation (ISCO-08), 2 digit level: 33 - Business and administration associate professionals","2024Q4",1329.236,,,,,"I12:415","Frequency: Quarterly","R1:3513","Repository: ILO-STATISTICS - Micro data processing"
"FRA","France","BA:148","LFS - Employment Survey","EMP_5EMP_SEX_OC2_NB","Employment by sex and occupation - ISCO level 2 -- 19th ICLS (thousands)","SEX_F","Female","OC2_ISCO08_34","Occupation (ISCO-08), 2 digit level: 34 - Legal, social, cultural and related associate professionals","2024Q4",635.462,,,,,"I12:415","Frequency: Quarterly","R1:3513","Repository: ILO-STATISTICS - Micro data processing"
"FRA","France","BA:148","LFS - Employment Survey","EMP_5EMP_SEX_OC2_NB","Employment by sex and occupation - ISCO level 2 -- 19th ICLS (thousands)","SEX_F","Female","OC2_ISCO08_35","Occupation (ISCO-08), 2 digit level: 35 - Information and communications technicians","2024Q4",30.855,,,,,"I12:415","Frequency: Quarterly","R1:3513","Repository: ILO-STATISTICS - Micro data processing"
"FRA","France","BA:148","LFS - Employment Survey","EMP_5EMP_SEX_OC2_NB","Employment by sex and occupation - ISCO level 2 -- 19th ICLS (thousands)","SEX_F","Female","OC2_ISCO08_41","Occupation (ISCO-08), 2 digit level: 41 - General and keyboard clerks","2024Q4",849.913,,,,,"I12:415","Frequency: Quarterly","R1:3513","Repository: ILO-STATISTICS - Micro data processing"
"FRA","France","BA:148","LFS - Employment Survey","EMP_5EMP_SEX_OC2_NB","Employment by sex and occupation - ISCO level 2 -- 19th ICLS (thousands)","SEX_F","Female","OC2_ISCO08_42","Occupation (ISCO-08), 2 digit level: 42 - Customer services clerks","2024Q4",251.014,,,,,"I12:415","Frequency: Quarterly","R1:3513","Repository: ILO-STATISTICS - Micro data processing"
"FRA","France","BA:148","LFS - Employment Survey","EMP_5EMP_SEX_OC2_NB","Employment by sex and occupation - ISCO level 2 -- 19th ICLS (thousands)","SEX_F","Female","OC2_ISCO08_43","Occupation (ISCO-08), 2 digit level: 43 - Numerical and material recording clerks","2024Q4",367.825,,,,,"I12:415","Frequency: Quarterly","R1:3513","Repository: ILO-STATISTICS - Micro data processing"
"FRA","France","BA:148","LFS - Employment Survey","EMP_5EMP_SEX_OC2_NB","Employment by sex and occupation - ISCO level 2 -- 19th ICLS (thousands)","SEX_F","Female","OC2_ISCO08_44","Occupation (ISCO-08), 2 digit level: 44 - Other clerical support workers","2024Q4",176.947,,,,,"I12:415","Frequency: Quarterly","R1:3513","Repository: ILO-STATISTICS - Micro data processing"
"FRA","France","BA:148","LFS - Employment Survey","EMP_5EMP_SEX_OC2_NB","Employment by sex and occupation - ISCO level 2 -- 19th ICLS (thousands)","SEX_F","Female","OC2_ISCO08_51","Occupation (ISCO-08), 2 digit level: 51 - Personal service workers","2024Q4",578.034,,,,,"I12:415","Frequency: Quarterly","R1:3513","Repository: ILO-STATISTICS - Micro data processing"
"FRA","France","BA:148","LFS - Employment Survey","EMP_5EMP_SEX_OC2_NB","Employment by sex and occupation - ISCO level 2 -- 19th ICLS (thousands)","SEX_F","Female","OC2_ISCO08_52","Occupation (ISCO-08), 2 digit level: 52 - Sales workers","2024Q4",771.007,,,,,"I12:415","Frequency: Quarterly","R1:3513","Repository: ILO-STATISTICS - Micro data processing"
"FRA","France","BA:148","LFS - Employment Survey","EMP_5EMP_SEX_OC2_NB","Employment by sex and occupation - ISCO level 2 -- 19th ICLS (thousands)","SEX_F","Female","OC2_ISCO08_53","Occupation (ISCO-08), 2 digit level: 53 - Personal care workers","2024Q4",1298.452,,,,,"I12:415","Frequency: Quarterly","R1:3513","Repository: ILO-STATISTICS - Micro data processing"
"FRA","France","BA:148","LFS - Employment Survey","EMP_5EMP_SEX_OC2_NB","Employment by sex and occupation - ISCO level 2 -- 19th ICLS (thousands)","SEX_F","Female","OC2_ISCO08_54","Occupation (ISCO-08), 2 digit level: 54 - Protective services workers","2024Q4",97.188,,,,,"I12:415","Frequency: Quarterly","R1:3513","Repository: ILO-STATISTICS - Micro data processing"
"FRA","France","BA:148","LFS - Employment Survey","EMP_5EMP_SEX_OC2_NB","Employment by sex and occupation - ISCO level 2 -- 19th ICLS (thousands)","SEX_F","Female","OC2_ISCO08_61","Occupation (ISCO-08), 2 digit level: 61 - Market-oriented skilled agricultural workers","2024Q4",143.86,,,,,"I12:415","Frequency: Quarterly","R1:3513","Repository: ILO-STATISTICS - Micro data processing"
"FRA","France","BA:148","LFS - Employment Survey","EMP_5EMP_SEX_OC2_NB","Employment by sex and occupation - ISCO level 2 -- 19th ICLS (thousands)","SEX_F","Female","OC2_ISCO08_62","Occupation (ISCO-08), 2 digit level: 62 - Market-oriented skilled forestry, fishery and hunting workers","2024Q4",,"U","Unreliable",,,"I12:415","Frequency: Quarterly","R1:3513","Repository: ILO-STATISTICS - Micro data processing"
"FRA","France","BA:148","LFS - Employment Survey","EMP_5EMP_SEX_OC2_NB","Employment by sex and occupation - ISCO level 2 -- 19th ICLS (thousands)","SEX_F","Female","OC2_ISCO08_71","Occupation (ISCO-08), 2 digit level: 71 - Building and related trades workers, excluding electricians","2024Q4",24.615,,,,,"I12:415","Frequency: Quarterly","R1:3513","Repository: ILO-STATISTICS - Micro data processing"
"FRA","France","BA:148","LFS - Employment Survey","EMP_5EMP_SEX_OC2_NB","Employment by sex and occupation - ISCO level 2 -- 19th ICLS (thousands)","SEX_F","Female","OC2_ISCO08_72","Occupation (ISCO-08), 2 digit level: 72 - Metal, machinery and related trades workers","2024Q4",30.838,,,,,"I12:415","Frequency: Quarterly","R1:3513","Repository: ILO-STATISTICS - Micro data processing"
"FRA","France","BA:148","LFS - Employment Survey","EMP_5EMP_SEX_OC2_NB","Employment by sex and occupation - ISCO level 2 -- 19th ICLS (thousands)","SEX_F","Female","OC2_ISCO08_73","Occupation (ISCO-08), 2 digit level: 73 - Handicraft and printing workers","2024Q4",47.377,,,,,"I12:415","Frequency: Quarterly","R1:3513","Repository: ILO-STATISTICS - Micro data processing"
"FRA","France","BA:148","LFS - Employment Survey","EMP_5EMP_SEX_OC2_NB","Employment by sex and occupation - ISCO level 2 -- 19th ICLS (thousands)","SEX_F","Female","OC2_ISCO08_74","Occupation (ISCO-08), 2 digit level: 74 - Electrical and electronic trades workers","2024Q4",13.674,,,,,"I12:415","Frequency: Quarterly","R1:3513","Repository: ILO-STATISTICS - Micro data processing"
"FRA","France","BA:148","LFS - Employment Survey","EMP_5EMP_SEX_OC2_NB","Employment by sex and occupation - ISCO level 2 -- 19th ICLS (thousands)","SEX_F","Female","OC2_ISCO08_75","Occupation (ISCO-08), 2 digit level: 75 - Food processing, wood working, garment and other craft and related trades workers","2024Q4",137.499,,,,,"I12:415","Frequency: Quarterly","R1:3513","Repository: ILO-STATISTICS - Micro data processing"
"FRA","France","BA:148","LFS - Employment Survey","EMP_5EMP_SEX_OC2_NB","Employment by sex and occupation - ISCO level 2 -- 19th ICLS (thousands)","SEX_F","Female","OC2_ISCO08_81","Occupation (ISCO-08), 2 digit level: 81 - Stationary plant and machine operators","2024Q4",201.739,,,,,"I12:415","Frequency: Quarterly","R1:3513","Repository: ILO-STATISTICS - Micro data processing"
"FRA","France","BA:148","LFS - Employment Survey","EMP_5EMP_SEX_OC2_NB","Employment by sex and occupation - ISCO level 2 -- 19th ICLS (thousands)","SEX_F","Female","OC2_ISCO08_82","Occupation (ISCO-08), 2 digit level: 82 - Assemblers","2024Q4",30.735,,,,,"I12:415","Frequency: Quarterly","R1:3513","Repository: ILO-STATISTICS - Micro data processing"
"FRA","France","BA:148","LFS - Employment Survey","EMP_5EMP_SEX_OC2_NB","Employment by sex and occupation - ISCO level 2 -- 19th ICLS (thousands)","SEX_F","Female","OC2_ISCO08_83","Occupation (ISCO-08), 2 digit level: 83 - Drivers and mobile plant operators","2024Q4",77.034,,,,,"I12:415","Frequency: Quarterly","R1:3513","Repository: ILO-STATISTICS - Micro data processing"
"FRA","France","BA:148","LFS - Employment Survey","EMP_5EMP_SEX_OC2_NB","Employment by sex and occupation - ISCO level 2 -- 19th ICLS (thousands)","SEX_F","Female","OC2_ISCO08_91","Occupation (ISCO-08), 2 digit level: 91 - Cleaners and helpers","2024Q4",956.196,,,,,"I12:415","Frequency: Quarterly","R1:3513","Repository: ILO-STATISTICS - Micro data processing"
"FRA","France","BA:148","LFS - Employment Survey","EMP_5EMP_SEX_OC2_NB","Employment by sex and occupation - ISCO level 2 -- 19th ICLS (thousands)","SEX_F","Female","OC2_ISCO08_92","Occupation (ISCO-08), 2 digit level: 92 - Agricultural, forestry and fishery labourers","2024Q4",21.221,,,,,"I12:415","Frequency: Quarterly","R1:3513","Repository: ILO-STATISTICS - Micro data processing"
"FRA","France","BA:148","LFS - Employment Survey","EMP_5EMP_SEX_OC2_NB","Employment by sex and occupation - ISCO level 2 -- 19th ICLS (thousands)","SEX_F","Female","OC2_ISCO08_93","Occupation (ISCO-08), 2 digit level: 93 - Labourers in mining, construction, manufacturing and transport","2024Q4",241.959,,,,,"I12:415","Frequency: Quarterly","R1:3513","Repository: ILO-STATISTICS - Micro data processing"
"FRA","France","BA:148","LFS - Employment Survey","EMP_5EMP_SEX_OC2_NB","Employment by sex and occupation - ISCO level 2 -- 19th ICLS (thousands)","SEX_F","Female","OC2_ISCO08_94","Occupation (ISCO-08), 2 digit level: 94 - Food preparation assistants","2024Q4",159.979,,,,,"I12:415","Frequency: Quarterly","R1:3513","Repository: ILO-STATISTICS - Micro data processing"
"FRA","France","BA:148","LFS - Employment Survey","EMP_5EMP_SEX_OC2_NB","Employment by sex and occupation - ISCO level 2 -- 19th ICLS (thousands)","SEX_F","Female","OC2_ISCO08_96","Occupation (ISCO-08), 2 digit level: 96 - Refuse workers and other elementary workers","2024Q4",33.233,,,,,"I12:415","Frequency: Quarterly","R1:3513","Repository: ILO-STATISTICS - Micro data processing"
"FRA","France","BA:148","LFS - Employment Survey","EMP_5EMP_SEX_OC2_NB","Employment by sex and occupation - ISCO level 2 -- 19th ICLS (thousands)","SEX_F","Female","OC2_ISCO08_X","Occupation (ISCO-08), 2 digit level: X - Not elsewhere classified","2024Q4",160.852,,,,,"I12:415","Frequency: Quarterly","R1:3513","Repository: ILO-STATISTICS - Micro data processing"
"FRA","France","BA:148","LFS - Employment Survey","EMP_5EMP_SEX_OC2_NB","Employment by sex and occupation - ISCO level 2 -- 19th ICLS (thousands)","SEX_T","Total","OC2_ISCO08_TOTAL","Occupation (ISCO-08), 2 digit level: Total","2024Q3",29216.586,,,,,"I12:415","Frequency: Quarterly","R1:3513","Repository: ILO-STATISTICS - Micro data processing"
"FRA","France","BA:148","LFS - Employment Survey","EMP_5EMP_SEX_OC2_NB","Employment by sex and occupation - ISCO level 2 -- 19th ICLS (thousands)","SEX_T","Total","OC2_ISCO08_01","Occupation (ISCO-08), 2 digit level: 01 - Commissioned armed forces officers","2024Q3",34.998,,,,,"I12:415","Frequency: Quarterly","R1:3513","Repository: ILO-STATISTICS - Micro data processing"
"FRA","France","BA:148","LFS - Employment Survey","EMP_5EMP_SEX_OC2_NB","Employment by sex and occupation - ISCO level 2 -- 19th ICLS (thousands)","SEX_T","Total","OC2_ISCO08_02","Occupation (ISCO-08), 2 digit level: 02 - Non-commissioned armed forces officers","2024Q3",88.771,,,,,"I12:415","Frequency: Quarterly","R1:3513","Repository: ILO-STATISTICS - Micro data processing"
"FRA","France","BA:148","LFS - Employment Survey","EMP_5EMP_SEX_OC2_NB","Employment by sex and occupation - ISCO level 2 -- 19th ICLS (thousands)","SEX_T","Total","OC2_ISCO08_03","Occupation (ISCO-08), 2 digit level: 03 - Armed forces occupations, other ranks","2024Q3",62.302,,,,,"I12:415","Frequency: Quarterly","R1:3513","Repository: ILO-STATISTICS - Micro data processing"
"FRA","France","BA:148","LFS - Employment Survey","EMP_5EMP_SEX_OC2_NB","Employment by sex and occupation - ISCO level 2 -- 19th ICLS (thousands)","SEX_T","Total","OC2_ISCO08_11","Occupation (ISCO-08), 2 digit level: 11 - Chief executives, senior officials and legislators","2024Q3",258.829,,,,,"I12:415","Frequency: Quarterly","R1:3513","Repository: ILO-STATISTICS - Micro data processing"
"FRA","France","BA:148","LFS - Employment Survey","EMP_5EMP_SEX_OC2_NB","Employment by sex and occupation - ISCO level 2 -- 19th ICLS (thousands)","SEX_T","Total","OC2_ISCO08_12","Occupation (ISCO-08), 2 digit level: 12 - Administrative and commercial managers","2024Q3",642.144,,,,,"I12:415","Frequency: Quarterly","R1:3513","Repository: ILO-STATISTICS - Micro data processing"
"FRA","France","BA:148","LFS - Employment Survey","EMP_5EMP_SEX_OC2_NB","Employment by sex and occupation - ISCO level 2 -- 19th ICLS (thousands)","SEX_T","Total","OC2_ISCO08_13","Occupation (ISCO-08), 2 digit level: 13 - Production and specialised services managers","2024Q3",717.972,,,,,"I12:415","Frequency: Quarterly","R1:3513","Repository: ILO-STATISTICS - Micro data processing"
"FRA","France","BA:148","LFS - Employment Survey","EMP_5EMP_SEX_OC2_NB","Employment by sex and occupation - ISCO level 2 -- 19th ICLS (thousands)","SEX_T","Total","OC2_ISCO08_14","Occupation (ISCO-08), 2 digit level: 14 - Hospitality, retail and other services managers","2024Q3",497.538,,,,,"I12:415","Frequency: Quarterly","R1:3513","Repository: ILO-STATISTICS - Micro data processing"
"FRA","France","BA:148","LFS - Employment Survey","EMP_5EMP_SEX_OC2_NB","Employment by sex and occupation - ISCO level 2 -- 19th ICLS (thousands)","SEX_T","Total","OC2_ISCO08_21","Occupation (ISCO-08), 2 digit level: 21 - Science and engineering professionals","2024Q3",1367.86,,,,,"I12:415","Frequency: Quarterly","R1:3513","Repository: ILO-STATISTICS - Micro data processing"
"FRA","France","BA:148","LFS - Employment Survey","EMP_5EMP_SEX_OC2_NB","Employment by sex and occupation - ISCO level 2 -- 19th ICLS (thousands)","SEX_T","Total","OC2_ISCO08_22","Occupation (ISCO-08), 2 digit level: 22 - Health professionals","2024Q3",918.694,,,,,"I12:415","Frequency: Quarterly","R1:3513","Repository: ILO-STATISTICS - Micro data processing"
"FRA","France","BA:148","LFS - Employment Survey","EMP_5EMP_SEX_OC2_NB","Employment by sex and occupation - ISCO level 2 -- 19th ICLS (thousands)","SEX_T","Total","OC2_ISCO08_23","Occupation (ISCO-08), 2 digit level: 23 - Teaching professionals","2024Q3",1302.834,,,,,"I12:415","Frequency: Quarterly","R1:3513","Repository: ILO-STATISTICS - Micro data processing"
"FRA","France","BA:148","LFS - Employment Survey","EMP_5EMP_SEX_OC2_NB","Employment by sex and occupation - ISCO level 2 -- 19th ICLS (thousands)","SEX_T","Total","OC2_ISCO08_24","Occupation (ISCO-08), 2 digit level: 24 - Business and administration professionals","2024Q3",1724.953,,,,,"I12:415","Frequency: Quarterly","R1:3513","Repository: ILO-STATISTICS - Micro data processing"
"FRA","France","BA:148","LFS - Employment Survey","EMP_5EMP_SEX_OC2_NB","Employment by sex and occupation - ISCO level 2 -- 19th ICLS (thousands)","SEX_T","Total","OC2_ISCO08_25","Occupation (ISCO-08), 2 digit level: 25 - Information and communications technology professionals","2024Q3",885.315,,,,,"I12:415","Frequency: Quarterly","R1:3513","Repository: ILO-STATISTICS - Micro data processing"
"FRA","France","BA:148","LFS - Employment Survey","EMP_5EMP_SEX_OC2_NB","Employment by sex and occupation - ISCO level 2 -- 19th ICLS (thousands)","SEX_T","Total","OC2_ISCO08_26","Occupation (ISCO-08), 2 digit level: 26 - Legal, social and cultural professionals","2024Q3",902.777,,,,,"I12:415","Frequency: Quarterly","R1:3513","Repository: ILO-STATISTICS - Micro data processing"
"FRA","France","BA:148","LFS - Employment Survey","EMP_5EMP_SEX_OC2_NB","Employment by sex and occupation - ISCO level 2 -- 19th ICLS (thousands)","SEX_T","Total","OC2_ISCO08_31","Occupation (ISCO-08), 2 digit level: 31 - Science and engineering associate professionals","2024Q3",950.307,,,,,"I12:415","Frequency: Quarterly","R1:3513","Repository: ILO-STATISTICS - Micro data processing"
"FRA","France","BA:148","LFS - Employment Survey","EMP_5EMP_SEX_OC2_NB","Employment by sex and occupation - ISCO level 2 -- 19th ICLS (thousands)","SEX_T","Total","OC2_ISCO08_32","Occupation (ISCO-08), 2 digit level: 32 - Health associate professionals","2024Q3",976.309,,,,,"I12:415","Frequency: Quarterly","R1:3513","Repository: ILO-STATISTICS - Micro data processing"
"FRA","France","BA:148","LFS - Employment Survey","EMP_5EMP_SEX_OC2_NB","Employment by sex and occupation - ISCO level 2 -- 19th ICLS (thousands)","SEX_T","Total","OC2_ISCO08_33","Occupation (ISCO-08), 2 digit level: 33 - Business and administration associate professionals","2024Q3",1992.198,,,,,"I12:415","Frequency: Quarterly","R1:3513","Repository: ILO-STATISTICS - Micro data processing"
"FRA","France","BA:148","LFS - Employment Survey","EMP_5EMP_SEX_OC2_NB","Employment by sex and occupation - ISCO level 2 -- 19th ICLS (thousands)","SEX_T","Total","OC2_ISCO08_34","Occupation (ISCO-08), 2 digit level: 34 - Legal, social, cultural and related associate professionals","2024Q3",1027.739,,,,,"I12:415","Frequency: Quarterly","R1:3513","Repository: ILO-STATISTICS - Micro data processing"
"FRA","France","BA:148","LFS - Employment Survey","EMP_5EMP_SEX_OC2_NB","Employment by sex and occupation - ISCO level 2 -- 19th ICLS (thousands)","SEX_T","Total","OC2_ISCO08_35","Occupation (ISCO-08), 2 digit level: 35 - Information and communications technicians","2024Q3",205.881,,,,,"I12:415","Frequency: Quarterly","R1:3513","Repository: ILO-STATISTICS - Micro data processing"
"FRA","France","BA:148","LFS - Employment Survey","EMP_5EMP_SEX_OC2_NB","Employment by sex and occupation - ISCO level 2 -- 19th ICLS (thousands)","SEX_T","Total","OC2_ISCO08_41","Occupation (ISCO-08), 2 digit level: 41 - General and keyboard clerks","2024Q3",974.85,,,,,"I12:415","Frequency: Quarterly","R1:3513","Repository: ILO-STATISTICS - Micro data processing"
"FRA","France","BA:148","LFS - Employment Survey","EMP_5EMP_SEX_OC2_NB","Employment by sex and occupation - ISCO level 2 -- 19th ICLS (thousands)","SEX_T","Total","OC2_ISCO08_42","Occupation (ISCO-08), 2 digit level: 42 - Customer services clerks","2024Q3",359.218,,,,,"I12:415","Frequency: Quarterly","R1:3513","Repository: ILO-STATISTICS - Micro data processing"
"FRA","France","BA:148","LFS - Employment Survey","EMP_5EMP_SEX_OC2_NB","Employment by sex and occupation - ISCO level 2 -- 19th ICLS (thousands)","SEX_T","Total","OC2_ISCO08_43","Occupation (ISCO-08), 2 digit level: 43 - Numerical and material recording clerks","2024Q3",764.979,,,,,"I12:415","Frequency: Quarterly","R1:3513","Repository: ILO-STATISTICS - Micro data processing"
"FRA","France","BA:148","LFS - Employment Survey","EMP_5EMP_SEX_OC2_NB","Employment by sex and occupation - ISCO level 2 -- 19th ICLS (thousands)","SEX_T","Total","OC2_ISCO08_44","Occupation (ISCO-08), 2 digit level: 44 - Other clerical support workers","2024Q3",260.376,,,,,"I12:415","Frequency: Quarterly","R1:3513","Repository: ILO-STATISTICS - Micro data processing"
"FRA","France","BA:148","LFS - Employment Survey","EMP_5EMP_SEX_OC2_NB","Employment by sex and occupation - ISCO level 2 -- 19th ICLS (thousands)","SEX_T","Total","OC2_ISCO08_51","Occupation (ISCO-08), 2 digit level: 51 - Personal service workers","2024Q3",1101.459,,,,,"I12:415","Frequency: Quarterly","R1:3513","Repository: ILO-STATISTICS - Micro data processing"
"FRA","France","BA:148","LFS - Employment Survey","EMP_5EMP_SEX_OC2_NB","Employment by sex and occupation - ISCO level 2 -- 19th ICLS (thousands)","SEX_T","Total","OC2_ISCO08_52","Occupation (ISCO-08), 2 digit level: 52 - Sales workers","2024Q3",1282.256,,,,,"I12:415","Frequency: Quarterly","R1:3513","Repository: ILO-STATISTICS - Micro data processing"
"FRA","France","BA:148","LFS - Employment Survey","EMP_5EMP_SEX_OC2_NB","Employment by sex and occupation - ISCO level 2 -- 19th ICLS (thousands)","SEX_T","Total","OC2_ISCO08_53","Occupation (ISCO-08), 2 digit level: 53 - Personal care workers","2024Q3",1391.978,,,,,"I12:415","Frequency: Quarterly","R1:3513","Repository: ILO-STATISTICS - Micro data processing"
"FRA","France","BA:148","LFS - Employment Survey","EMP_5EMP_SEX_OC2_NB","Employment by sex and occupation - ISCO level 2 -- 19th ICLS (thousands)","SEX_T","Total","OC2_ISCO08_54","Occupation (ISCO-08), 2 digit level: 54 - Protective services workers","2024Q3",463.579,,,,,"I12:415","Frequency: Quarterly","R1:3513","Repository: ILO-STATISTICS - Micro data processing"
"FRA","France","BA:148","LFS - Employment Survey","EMP_5EMP_SEX_OC2_NB","Employment by sex and occupation - ISCO level 2 -- 19th ICLS (thousands)","SEX_T","Total","OC2_ISCO08_61","Occupation (ISCO-08), 2 digit level: 61 - Market-oriented skilled agricultural workers","2024Q3",699.189,,,,,"I12:415","Frequency: Quarterly","R1:3513","Repository: ILO-STATISTICS - Micro data processing"
"FRA","France","BA:148","LFS - Employment Survey","EMP_5EMP_SEX_OC2_NB","Employment by sex and occupation - ISCO level 2 -- 19th ICLS (thousands)","SEX_T","Total","OC2_ISCO08_62","Occupation (ISCO-08), 2 digit level: 62 - Market-oriented skilled forestry, fishery and hunting workers","2024Q3",32.752,,,,,"I12:415","Frequency: Quarterly","R1:3513","Repository: ILO-STATISTICS - Micro data processing"
"FRA","France","BA:148","LFS - Employment Survey","EMP_5EMP_SEX_OC2_NB","Employment by sex and occupation - ISCO level 2 -- 19th ICLS (thousands)","SEX_T","Total","OC2_ISCO08_71","Occupation (ISCO-08), 2 digit level: 71 - Building and related trades workers, excluding electricians","2024Q3",1004.524,,,,,"I12:415","Frequency: Quarterly","R1:3513","Repository: ILO-STATISTICS - Micro data processing"
"FRA","France","BA:148","LFS - Employment Survey","EMP_5EMP_SEX_OC2_NB","Employment by sex and occupation - ISCO level 2 -- 19th ICLS (thousands)","SEX_T","Total","OC2_ISCO08_72","Occupation (ISCO-08), 2 digit level: 72 - Metal, machinery and related trades workers","2024Q3",840.338,,,,,"I12:415","Frequency: Quarterly","R1:3513","Repository: ILO-STATISTICS - Micro data processing"
"FRA","France","BA:148","LFS - Employment Survey","EMP_5EMP_SEX_OC2_NB","Employment by sex and occupation - ISCO level 2 -- 19th ICLS (thousands)","SEX_T","Total","OC2_ISCO08_73","Occupation (ISCO-08), 2 digit level: 73 - Handicraft and printing workers","2024Q3",111.92,,,,,"I12:415","Frequency: Quarterly","R1:3513","Repository: ILO-STATISTICS - Micro data processing"
"FRA","France","BA:148","LFS - Employment Survey","EMP_5EMP_SEX_OC2_NB","Employment by sex and occupation - ISCO level 2 -- 19th ICLS (thousands)","SEX_T","Total","OC2_ISCO08_74","Occupation (ISCO-08), 2 digit level: 74 - Electrical and electronic trades workers","2024Q3",317.589,,,,,"I12:415","Frequency: Quarterly","R1:3513","Repository: ILO-STATISTICS - Micro data processing"
"FRA","France","BA:148","LFS - Employment Survey","EMP_5EMP_SEX_OC2_NB","Employment by sex and occupation - ISCO level 2 -- 19th ICLS (thousands)","SEX_T","Total","OC2_ISCO08_75","Occupation (ISCO-08), 2 digit level: 75 - Food processing, wood working, garment and other craft and related trades workers","2024Q3",471.601,,,,,"I12:415","Frequency: Quarterly","R1:3513","Repository: ILO-STATISTICS - Micro data processing"
"FRA","France","BA:148","LFS - Employment Survey","EMP_5EMP_SEX_OC2_NB","Employment by sex and occupation - ISCO level 2 -- 19th ICLS (thousands)","SEX_T","Total","OC2_ISCO08_81","Occupation (ISCO-08), 2 digit level: 81 - Stationary plant and machine operators","2024Q3",557.878,,,,,"I12:415","Frequency: Quarterly","R1:3513","Repository: ILO-STATISTICS - Micro data processing"
"FRA","France","BA:148","LFS - Employment Survey","EMP_5EMP_SEX_OC2_NB","Employment by sex and occupation - ISCO level 2 -- 19th ICLS (thousands)","SEX_T","Total","OC2_ISCO08_82","Occupation (ISCO-08), 2 digit level: 82 - Assemblers","2024Q3",113.692,,,,,"I12:415","Frequency: Quarterly","R1:3513","Repository: ILO-STATISTICS - Micro data processing"
"FRA","France","BA:148","LFS - Employment Survey","EMP_5EMP_SEX_OC2_NB","Employment by sex and occupation - ISCO level 2 -- 19th ICLS (thousands)","SEX_T","Total","OC2_ISCO08_83","Occupation (ISCO-08), 2 digit level: 83 - Drivers and mobile plant operators","2024Q3",1099.464,,,,,"I12:415","Frequency: Quarterly","R1:3513","Repository: ILO-STATISTICS - Micro data processing"
"FRA","France","BA:148","LFS - Employment Survey","EMP_5EMP_SEX_OC2_NB","Employment by sex and occupation - ISCO level 2 -- 19th ICLS (thousands)","SEX_T","Total","OC2_ISCO08_91","Occupation (ISCO-08), 2 digit level: 91 - Cleaners and helpers","2024Q3",1150.072,,,,,"I12:415","Frequency: Quarterly","R1:3513","Repository: ILO-STATISTICS - Micro data processing"
"FRA","France","BA:148","LFS - Employment Survey","EMP_5EMP_SEX_OC2_NB","Employment by sex and occupation - ISCO level 2 -- 19th ICLS (thousands)","SEX_T","Total","OC2_ISCO08_92","Occupation (ISCO-08), 2 digit level: 92 - Agricultural, forestry and fishery labourers","2024Q3",160.291,,,,,"I12:415","Frequency: Quarterly","R1:3513","Repository: ILO-STATISTICS - Micro data processing"
"FRA","France","BA:148","LFS - Employment Survey","EMP_5EMP_SEX_OC2_NB","Employment by sex and occupation - ISCO level 2 -- 19th ICLS (thousands)","SEX_T","Total","OC2_ISCO08_93","Occupation (ISCO-08), 2 digit level: 93 - Labourers in mining, construction, manufacturing and transport","2024Q3",686.802,,,,,"I12:415","Frequency: Quarterly","R1:3513","Repository: ILO-STATISTICS - Micro data processing"
"FRA","France","BA:148","LFS - Employment Survey","EMP_5EMP_SEX_OC2_NB","Employment by sex and occupation - ISCO level 2 -- 19th ICLS (thousands)","SEX_T","Total","OC2_ISCO08_94","Occupation (ISCO-08), 2 digit level: 94 - Food preparation assistants","2024Q3",253.171,,,,,"I12:415","Frequency: Quarterly","R1:3513","Repository: ILO-STATISTICS - Micro data processing"
"FRA","France","BA:148","LFS - Employment Survey","EMP_5EMP_SEX_OC2_NB","Employment by sex and occupation - ISCO level 2 -- 19th ICLS (thousands)","SEX_T","Total","OC2_ISCO08_96","Occupation (ISCO-08), 2 digit level: 96 - Refuse workers and other elementary workers","2024Q3",233.611,,,,,"I12:415","Frequency: Quarterly","R1:3513","Repository: ILO-STATISTICS - Micro data processing"
"FRA","France","BA:148","LFS - Employment Survey","EMP_5EMP_SEX_OC2_NB","Employment by sex and occupation - ISCO level 2 -- 19th ICLS (thousands)","SEX_T","Total","OC2_ISCO08_X","Occupation (ISCO-08), 2 digit level: X - Not elsewhere classified","2024Q3",327.574,,,,,"I12:415","Frequency: Quarterly","R1:3513","Repository: ILO-STATISTICS - Micro data processing"
"FRA","France","BA:148","LFS - Employment Survey","EMP_5EMP_SEX_OC2_NB","Employment by sex and occupation - ISCO level 2 -- 19th ICLS (thousands)","SEX_M","Male","OC2_ISCO08_TOTAL","Occupation (ISCO-08), 2 digit level: Total","2024Q3",14977.805,,,,,"I12:415","Frequency: Quarterly","R1:3513","Repository: ILO-STATISTICS - Micro data processing"
"FRA","France","BA:148","LFS - Employment Survey","EMP_5EMP_SEX_OC2_NB","Employment by sex and occupation - ISCO level 2 -- 19th ICLS (thousands)","SEX_M","Male","OC2_ISCO08_01","Occupation (ISCO-08), 2 digit level: 01 - Commissioned armed forces officers","2024Q3",28.824,,,,,"I12:415","Frequency: Quarterly","R1:3513","Repository: ILO-STATISTICS - Micro data processing"
"FRA","France","BA:148","LFS - Employment Survey","EMP_5EMP_SEX_OC2_NB","Employment by sex and occupation - ISCO level 2 -- 19th ICLS (thousands)","SEX_M","Male","OC2_ISCO08_02","Occupation (ISCO-08), 2 digit level: 02 - Non-commissioned armed forces officers","2024Q3",78.179,,,,,"I12:415","Frequency: Quarterly","R1:3513","Repository: ILO-STATISTICS - Micro data processing"
"FRA","France","BA:148","LFS - Employment Survey","EMP_5EMP_SEX_OC2_NB","Employment by sex and occupation - ISCO level 2 -- 19th ICLS (thousands)","SEX_M","Male","OC2_ISCO08_03","Occupation (ISCO-08), 2 digit level: 03 - Armed forces occupations, other ranks","2024Q3",49.789,,,,,"I12:415","Frequency: Quarterly","R1:3513","Repository: ILO-STATISTICS - Micro data processing"
"FRA","France","BA:148","LFS - Employment Survey","EMP_5EMP_SEX_OC2_NB","Employment by sex and occupation - ISCO level 2 -- 19th ICLS (thousands)","SEX_M","Male","OC2_ISCO08_11","Occupation (ISCO-08), 2 digit level: 11 - Chief executives, senior officials and legislators","2024Q3",168.783,,,,,"I12:415","Frequency: Quarterly","R1:3513","Repository: ILO-STATISTICS - Micro data processing"
"FRA","France","BA:148","LFS - Employment Survey","EMP_5EMP_SEX_OC2_NB","Employment by sex and occupation - ISCO level 2 -- 19th ICLS (thousands)","SEX_M","Male","OC2_ISCO08_12","Occupation (ISCO-08), 2 digit level: 12 - Administrative and commercial managers","2024Q3",308.545,,,,,"I12:415","Frequency: Quarterly","R1:3513","Repository: ILO-STATISTICS - Micro data processing"
"FRA","France","BA:148","LFS - Employment Survey","EMP_5EMP_SEX_OC2_NB","Employment by sex and occupation - ISCO level 2 -- 19th ICLS (thousands)","SEX_M","Male","OC2_ISCO08_13","Occupation (ISCO-08), 2 digit level: 13 - Production and specialised services managers","2024Q3",515.036,,,,,"I12:415","Frequency: Quarterly","R1:3513","Repository: ILO-STATISTICS - Micro data processing"
"FRA","France","BA:148","LFS - Employment Survey","EMP_5EMP_SEX_OC2_NB","Employment by sex and occupation - ISCO level 2 -- 19th ICLS (thousands)","SEX_M","Male","OC2_ISCO08_14","Occupation (ISCO-08), 2 digit level: 14 - Hospitality, retail and other services managers","2024Q3",283.111,,,,,"I12:415","Frequency: Quarterly","R1:3513","Repository: ILO-STATISTICS - Micro data processing"
"FRA","France","BA:148","LFS - Employment Survey","EMP_5EMP_SEX_OC2_NB","Employment by sex and occupation - ISCO level 2 -- 19th ICLS (thousands)","SEX_M","Male","OC2_ISCO08_21","Occupation (ISCO-08), 2 digit level: 21 - Science and engineering professionals","2024Q3",898.185,,,,,"I12:415","Frequency: Quarterly","R1:3513","Repository: ILO-STATISTICS - Micro data processing"
"FRA","France","BA:148","LFS - Employment Survey","EMP_5EMP_SEX_OC2_NB","Employment by sex and occupation - ISCO level 2 -- 19th ICLS (thousands)","SEX_M","Male","OC2_ISCO08_22","Occupation (ISCO-08), 2 digit level: 22 - Health professionals","2024Q3",347.775,,,,,"I12:415","Frequency: Quarterly","R1:3513","Repository: ILO-STATISTICS - Micro data processing"
"FRA","France","BA:148","LFS - Employment Survey","EMP_5EMP_SEX_OC2_NB","Employment by sex and occupation - ISCO level 2 -- 19th ICLS (thousands)","SEX_M","Male","OC2_ISCO08_23","Occupation (ISCO-08), 2 digit level: 23 - Teaching professionals","2024Q3",423.389,,,,,"I12:415","Frequency: Quarterly","R1:3513","Repository: ILO-STATISTICS - Micro data processing"
"FRA","France","BA:148","LFS - Employment Survey","EMP_5EMP_SEX_OC2_NB","Employment by sex and occupation - ISCO level 2 -- 19th ICLS (thousands)","SEX_M","Male","OC2_ISCO08_24","Occupation (ISCO-08), 2 digit level: 24 - Business and administration professionals","2024Q3",862.756,,,,,"I12:415","Frequency: Quarterly","R1:3513","Repository: ILO-STATISTICS - Micro data processing"
"FRA","France","BA:148","LFS - Employment Survey","EMP_5EMP_SEX_OC2_NB","Employment by sex and occupation - ISCO level 2 -- 19th ICLS (thousands)","SEX_M","Male","OC2_ISCO08_25","Occupation (ISCO-08), 2 digit level: 25 - Information and communications technology professionals","2024Q3",720.902,,,,,"I12:415","Frequency: Quarterly","R1:3513","Repository: ILO-STATISTICS - Micro data processing"
"FRA","France","BA:148","LFS - Employment Survey","EMP_5EMP_SEX_OC2_NB","Employment by sex and occupation - ISCO level 2 -- 19th ICLS (thousands)","SEX_M","Male","OC2_ISCO08_26","Occupation (ISCO-08), 2 digit level: 26 - Legal, social and cultural professionals","2024Q3",294.332,,,,,"I12:415","Frequency: Quarterly","R1:3513","Repository: ILO-STATISTICS - Micro data processing"
"FRA","France","BA:148","LFS - Employment Survey","EMP_5EMP_SEX_OC2_NB","Employment by sex and occupation - ISCO level 2 -- 19th ICLS (thousands)","SEX_M","Male","OC2_ISCO08_31","Occupation (ISCO-08), 2 digit level: 31 - Science and engineering associate professionals","2024Q3",765.86,,,,,"I12:415","Frequency: Quarterly","R1:3513","Repository: ILO-STATISTICS - Micro data processing"
"FRA","France","BA:148","LFS - Employment Survey","EMP_5EMP_SEX_OC2_NB","Employment by sex and occupation - ISCO level 2 -- 19th ICLS (thousands)","SEX_M","Male","OC2_ISCO08_32","Occupation (ISCO-08), 2 digit level: 32 - Health associate professionals","2024Q3",201.743,,,,,"I12:415","Frequency: Quarterly","R1:3513","Repository: ILO-STATISTICS - Micro data processing"
"FRA","France","BA:148","LFS - Employment Survey","EMP_5EMP_SEX_OC2_NB","Employment by sex and occupation - ISCO level 2 -- 19th ICLS (thousands)","SEX_M","Male","OC2_ISCO08_33","Occupation (ISCO-08), 2 digit level: 33 - Business and administration associate professionals","2024Q3",670.841,,,,,"I12:415","Frequency: Quarterly","R1:3513","Repository: ILO-STATISTICS - Micro data processing"
"FRA","France","BA:148","LFS - Employment Survey","EMP_5EMP_SEX_OC2_NB","Employment by sex and occupation - ISCO level 2 -- 19th ICLS (thousands)","SEX_M","Male","OC2_ISCO08_34","Occupation (ISCO-08), 2 digit level: 34 - Legal, social, cultural and related associate professionals","2024Q3",373.161,,,,,"I12:415","Frequency: Quarterly","R1:3513","Repository: ILO-STATISTICS - Micro data processing"
"FRA","France","BA:148","LFS - Employment Survey","EMP_5EMP_SEX_OC2_NB","Employment by sex and occupation - ISCO level 2 -- 19th ICLS (thousands)","SEX_M","Male","OC2_ISCO08_35","Occupation (ISCO-08), 2 digit level: 35 - Information and communications technicians","2024Q3",177.842,,,,,"I12:415","Frequency: Quarterly","R1:3513","Repository: ILO-STATISTICS - Micro data processing"
"FRA","France","BA:148","LFS - Employment Survey","EMP_5EMP_SEX_OC2_NB","Employment by sex and occupation - ISCO level 2 -- 19th ICLS (thousands)","SEX_M","Male","OC2_ISCO08_41","Occupation (ISCO-08), 2 digit level: 41 - General and keyboard clerks","2024Q3",118.723,,,,,"I12:415","Frequency: Quarterly","R1:3513","Repository: ILO-STATISTICS - Micro data processing"
"FRA","France","BA:148","LFS - Employment Survey","EMP_5EMP_SEX_OC2_NB","Employment by sex and occupation - ISCO level 2 -- 19th ICLS (thousands)","SEX_M","Male","OC2_ISCO08_42","Occupation (ISCO-08), 2 digit level: 42 - Customer services clerks","2024Q3",89.667,,,,,"I12:415","Frequency: Quarterly","R1:3513","Repository: ILO-STATISTICS - Micro data processing"
"FRA","France","BA:148","LFS - Employment Survey","EMP_5EMP_SEX_OC2_NB","Employment by sex and occupation - ISCO level 2 -- 19th ICLS (thousands)","SEX_M","Male","OC2_ISCO08_43","Occupation (ISCO-08), 2 digit level: 43 - Numerical and material recording clerks","2024Q3",379.058,,,,,"I12:415","Frequency: Quarterly","R1:3513","Repository: ILO-STATISTICS - Micro data processing"
"FRA","France","BA:148","LFS - Employment Survey","EMP_5EMP_SEX_OC2_NB","Employment by sex and occupation - ISCO level 2 -- 19th ICLS (thousands)","SEX_M","Male","OC2_ISCO08_44","Occupation (ISCO-08), 2 digit level: 44 - Other clerical support workers","2024Q3",85.391,,,,,"I12:415","Frequency: Quarterly","R1:3513","Repository: ILO-STATISTICS - Micro data processing"
"FRA","France","BA:148","LFS - Employment Survey","EMP_5EMP_SEX_OC2_NB","Employment by sex and occupation - ISCO level 2 -- 19th ICLS (thousands)","SEX_M","Male","OC2_ISCO08_51","Occupation (ISCO-08), 2 digit level: 51 - Personal service workers","2024Q3",467.993,,,,,"I12:415","Frequency: Quarterly","R1:3513","Repository: ILO-STATISTICS - Micro data processing"
"FRA","France","BA:148","LFS - Employment Survey","EMP_5EMP_SEX_OC2_NB","Employment by sex and occupation - ISCO level 2 -- 19th ICLS (thousands)","SEX_M","Male","OC2_ISCO08_52","Occupation (ISCO-08), 2 digit level: 52 - Sales workers","2024Q3",465.115,,,,,"I12:415","Frequency: Quarterly","R1:3513","Repository: ILO-STATISTICS - Micro data processing"
"FRA","France","BA:148","LFS - Employment Survey","EMP_5EMP_SEX_OC2_NB","Employment by sex and occupation - ISCO level 2 -- 19th ICLS (thousands)","SEX_M","Male","OC2_ISCO08_53","Occupation (ISCO-08), 2 digit level: 53 - Personal care workers","2024Q3",98.891,,,,,"I12:415","Frequency: Quarterly","R1:3513","Repository: ILO-STATISTICS - Micro data processing"
"FRA","France","BA:148","LFS - Employment Survey","EMP_5EMP_SEX_OC2_NB","Employment by sex and occupation - ISCO level 2 -- 19th ICLS (thousands)","SEX_M","Male","OC2_ISCO08_54","Occupation (ISCO-08), 2 digit level: 54 - Protective services workers","2024Q3",369.57,,,,,"I12:415","Frequency: Quarterly","R1:3513","Repository: ILO-STATISTICS - Micro data processing"
"FRA","France","BA:148","LFS - Employment Survey","EMP_5EMP_SEX_OC2_NB","Employment by sex and occupation - ISCO level 2 -- 19th ICLS (thousands)","SEX_M","Male","OC2_ISCO08_61","Occupation (ISCO-08), 2 digit level: 61 - Market-oriented skilled agricultural workers","2024Q3",546.653,,,,,"I12:415","Frequency: Quarterly","R1:3513","Repository: ILO-STATISTICS - Micro data processing"
"FRA","France","BA:148","LFS - Employment Survey","EMP_5EMP_SEX_OC2_NB","Employment by sex and occupation - ISCO level 2 -- 19th ICLS (thousands)","SEX_M","Male","OC2_ISCO08_62","Occupation (ISCO-08), 2 digit level: 62 - Market-oriented skilled forestry, fishery and hunting workers","2024Q3",30.549,,,,,"I12:415","Frequency: Quarterly","R1:3513","Repository: ILO-STATISTICS - Micro data processing"
"FRA","France","BA:148","LFS - Employment Survey","EMP_5EMP_SEX_OC2_NB","Employment by sex and occupation - ISCO level 2 -- 19th ICLS (thousands)","SEX_M","Male","OC2_ISCO08_71","Occupation (ISCO-08), 2 digit level: 71 - Building and related trades workers, excluding electricians","2024Q3",978.634,,,,,"I12:415","Frequency: Quarterly","R1:3513","Repository: ILO-STATISTICS - Micro data processing"
"FRA","France","BA:148","LFS - Employment Survey","EMP_5EMP_SEX_OC2_NB","Employment by sex and occupation - ISCO level 2 -- 19th ICLS (thousands)","SEX_M","Male","OC2_ISCO08_72","Occupation (ISCO-08), 2 digit level: 72 - Metal, machinery and related trades workers","2024Q3",804.04,,,,,"I12:415","Frequency: Quarterly","R1:3513","Repository: ILO-STATISTICS - Micro data processing"
"FRA","France","BA:148","LFS - Employment Survey","EMP_5EMP_SEX_OC2_NB","Employment by sex and occupation - ISCO level 2 -- 19th ICLS (thousands)","SEX_M","Male","OC2_ISCO08_73","Occupation (ISCO-08), 2 digit level: 73 - Handicraft and printing workers","2024Q3",57.751,,,,,"I12:415","Frequency: Quarterly","R1:3513","Repository: ILO-STATISTICS - Micro data processing"
"FRA","France","BA:148","LFS - Employment Survey","EMP_5EMP_SEX_OC2_NB","Employment by sex and occupation - ISCO level 2 -- 19th ICLS (thousands)","SEX_M","Male","OC2_ISCO08_74","Occupation (ISCO-08), 2 digit level: 74 - Electrical and electronic trades workers","2024Q3",302.165,,,,,"I12:415","Frequency: Quarterly","R1:3513","Repository: ILO-STATISTICS - Micro data processing"
"FRA","France","BA:148","LFS - Employment Survey","EMP_5EMP_SEX_OC2_NB","Employment by sex and occupation - ISCO level 2 -- 19th ICLS (thousands)","SEX_M","Male","OC2_ISCO08_75","Occupation (ISCO-08), 2 digit level: 75 - Food processing, wood working, garment and other craft and related trades workers","2024Q3",335.908,,,,,"I12:415","Frequency: Quarterly","R1:3513","Repository: ILO-STATISTICS - Micro data processing"
"FRA","France","BA:148","LFS - Employment Survey","EMP_5EMP_SEX_OC2_NB","Employment by sex and occupation - ISCO level 2 -- 19th ICLS (thousands)","SEX_M","Male","OC2_ISCO08_81","Occupation (ISCO-08), 2 digit level: 81 - Stationary plant and machine operators","2024Q3",358.067,,,,,"I12:415","Frequency: Quarterly","R1:3513","Repository: ILO-STATISTICS - Micro data processing"
"FRA","France","BA:148","LFS - Employment Survey","EMP_5EMP_SEX_OC2_NB","Employment by sex and occupation - ISCO level 2 -- 19th ICLS (thousands)","SEX_M","Male","OC2_ISCO08_82","Occupation (ISCO-08), 2 digit level: 82 - Assemblers","2024Q3",87.69,,,,,"I12:415","Frequency: Quarterly","R1:3513","Repository: ILO-STATISTICS - Micro data processing"
"FRA","France","BA:148","LFS - Employment Survey","EMP_5EMP_SEX_OC2_NB","Employment by sex and occupation - ISCO level 2 -- 19th ICLS (thousands)","SEX_M","Male","OC2_ISCO08_83","Occupation (ISCO-08), 2 digit level: 83 - Drivers and mobile plant operators","2024Q3",1027.157,,,,,"I12:415","Frequency: Quarterly","R1:3513","Repository: ILO-STATISTICS - Micro data processing"
"FRA","France","BA:148","LFS - Employment Survey","EMP_5EMP_SEX_OC2_NB","Employment by sex and occupation - ISCO level 2 -- 19th ICLS (thousands)","SEX_M","Male","OC2_ISCO08_91","Occupation (ISCO-08), 2 digit level: 91 - Cleaners and helpers","2024Q3",186.531,,,,,"I12:415","Frequency: Quarterly","R1:3513","Repository: ILO-STATISTICS - Micro data processing"
"FRA","France","BA:148","LFS - Employment Survey","EMP_5EMP_SEX_OC2_NB","Employment by sex and occupation - ISCO level 2 -- 19th ICLS (thousands)","SEX_M","Male","OC2_ISCO08_92","Occupation (ISCO-08), 2 digit level: 92 - Agricultural, forestry and fishery labourers","2024Q3",137.898,,,,,"I12:415","Frequency: Quarterly","R1:3513","Repository: ILO-STATISTICS - Micro data processing"
"FRA","France","BA:148","LFS - Employment Survey","EMP_5EMP_SEX_OC2_NB","Employment by sex and occupation - ISCO level 2 -- 19th ICLS (thousands)","SEX_M","Male","OC2_ISCO08_93","Occupation (ISCO-08), 2 digit level: 93 - Labourers in mining, construction, manufacturing and transport","2024Q3",441.409,,,,,"I12:415","Frequency: Quarterly","R1:3513","Repository: ILO-STATISTICS - Micro data processing"
"FRA","France","BA:148","LFS - Employment Survey","EMP_5EMP_SEX_OC2_NB","Employment by sex and occupation - ISCO level 2 -- 19th ICLS (thousands)","SEX_M","Male","OC2_ISCO08_94","Occupation (ISCO-08), 2 digit level: 94 - Food preparation assistants","2024Q3",73.934,,,,,"I12:415","Frequency: Quarterly","R1:3513","Repository: ILO-STATISTICS - Micro data processing"
"FRA","France","BA:148","LFS - Employment Survey","EMP_5EMP_SEX_OC2_NB","Employment by sex and occupation - ISCO level 2 -- 19th ICLS (thousands)","SEX_M","Male","OC2_ISCO08_96","Occupation (ISCO-08), 2 digit level: 96 - Refuse workers and other elementary workers","2024Q3",195.981,,,,,"I12:415","Frequency: Quarterly","R1:3513","Repository: ILO-STATISTICS - Micro data processing"
"FRA","France","BA:148","LFS - Employment Survey","EMP_5EMP_SEX_OC2_NB","Employment by sex and occupation - ISCO level 2 -- 19th ICLS (thousands)","SEX_M","Male","OC2_ISCO08_X","Occupation (ISCO-08), 2 digit level: X - Not elsewhere classified","2024Q3",169.977,,,,,"I12:415","Frequency: Quarterly","R1:3513","Repository: ILO-STATISTICS - Micro data processing"
"FRA","France","BA:148","LFS - Employment Survey","EMP_5EMP_SEX_OC2_NB","Employment by sex and occupation - ISCO level 2 -- 19th ICLS (thousands)","SEX_F","Female","OC2_ISCO08_TOTAL","Occupation (ISCO-08), 2 digit level: Total","2024Q3",14238.781,,,,,"I12:415","Frequency: Quarterly","R1:3513","Repository: ILO-STATISTICS - Micro data processing"
"FRA","France","BA:148","LFS - Employment Survey","EMP_5EMP_SEX_OC2_NB","Employment by sex and occupation - ISCO level 2 -- 19th ICLS (thousands)","SEX_F","Female","OC2_ISCO08_01","Occupation (ISCO-08), 2 digit level: 01 - Commissioned armed forces officers","2024Q3",6.174,"U","Unreliable",,,"I12:415","Frequency: Quarterly","R1:3513","Repository: ILO-STATISTICS - Micro data processing"
"FRA","France","BA:148","LFS - Employment Survey","EMP_5EMP_SEX_OC2_NB","Employment by sex and occupation - ISCO level 2 -- 19th ICLS (thousands)","SEX_F","Female","OC2_ISCO08_02","Occupation (ISCO-08), 2 digit level: 02 - Non-commissioned armed forces officers","2024Q3",10.592,,,,,"I12:415","Frequency: Quarterly","R1:3513","Repository: ILO-STATISTICS - Micro data processing"
"FRA","France","BA:148","LFS - Employment Survey","EMP_5EMP_SEX_OC2_NB","Employment by sex and occupation - ISCO level 2 -- 19th ICLS (thousands)","SEX_F","Female","OC2_ISCO08_03","Occupation (ISCO-08), 2 digit level: 03 - Armed forces occupations, other ranks","2024Q3",12.512,"U","Unreliable",,,"I12:415","Frequency: Quarterly","R1:3513","Repository: ILO-STATISTICS - Micro data processing"
"FRA","France","BA:148","LFS - Employment Survey","EMP_5EMP_SEX_OC2_NB","Employment by sex and occupation - ISCO level 2 -- 19th ICLS (thousands)","SEX_F","Female","OC2_ISCO08_11","Occupation (ISCO-08), 2 digit level: 11 - Chief executives, senior officials and legislators","2024Q3",90.045,,,,,"I12:415","Frequency: Quarterly","R1:3513","Repository: ILO-STATISTICS - Micro data processing"
"FRA","France","BA:148","LFS - Employment Survey","EMP_5EMP_SEX_OC2_NB","Employment by sex and occupation - ISCO level 2 -- 19th ICLS (thousands)","SEX_F","Female","OC2_ISCO08_12","Occupation (ISCO-08), 2 digit level: 12 - Administrative and commercial managers","2024Q3",333.598,,,,,"I12:415","Frequency: Quarterly","R1:3513","Repository: ILO-STATISTICS - Micro data processing"
"FRA","France","BA:148","LFS - Employment Survey","EMP_5EMP_SEX_OC2_NB","Employment by sex and occupation - ISCO level 2 -- 19th ICLS (thousands)","SEX_F","Female","OC2_ISCO08_13","Occupation (ISCO-08), 2 digit level: 13 - Production and specialised services managers","2024Q3",202.935,,,,,"I12:415","Frequency: Quarterly","R1:3513","Repository: ILO-STATISTICS - Micro data processing"
"FRA","France","BA:148","LFS - Employment Survey","EMP_5EMP_SEX_OC2_NB","Employment by sex and occupation - ISCO level 2 -- 19th ICLS (thousands)","SEX_F","Female","OC2_ISCO08_14","Occupation (ISCO-08), 2 digit level: 14 - Hospitality, retail and other services managers","2024Q3",214.427,,,,,"I12:415","Frequency: Quarterly","R1:3513","Repository: ILO-STATISTICS - Micro data processing"
"FRA","France","BA:148","LFS - Employment Survey","EMP_5EMP_SEX_OC2_NB","Employment by sex and occupation - ISCO level 2 -- 19th ICLS (thousands)","SEX_F","Female","OC2_ISCO08_21","Occupation (ISCO-08), 2 digit level: 21 - Science and engineering professionals","2024Q3",469.675,,,,,"I12:415","Frequency: Quarterly","R1:3513","Repository: ILO-STATISTICS - Micro data processing"
"FRA","France","BA:148","LFS - Employment Survey","EMP_5EMP_SEX_OC2_NB","Employment by sex and occupation - ISCO level 2 -- 19th ICLS (thousands)","SEX_F","Female","OC2_ISCO08_22","Occupation (ISCO-08), 2 digit level: 22 - Health professionals","2024Q3",570.92,,,,,"I12:415","Frequency: Quarterly","R1:3513","Repository: ILO-STATISTICS - Micro data processing"
"FRA","France","BA:148","LFS - Employment Survey","EMP_5EMP_SEX_OC2_NB","Employment by sex and occupation - ISCO level 2 -- 19th ICLS (thousands)","SEX_F","Female","OC2_ISCO08_23","Occupation (ISCO-08), 2 digit level: 23 - Teaching professionals","2024Q3",879.445,,,,,"I12:415","Frequency: Quarterly","R1:3513","Repository: ILO-STATISTICS - Micro data processing"
"FRA","France","BA:148","LFS - Employment Survey","EMP_5EMP_SEX_OC2_NB","Employment by sex and occupation - ISCO level 2 -- 19th ICLS (thousands)","SEX_F","Female","OC2_ISCO08_24","Occupation (ISCO-08), 2 digit level: 24 - Business and administration professionals","2024Q3",862.198,,,,,"I12:415","Frequency: Quarterly","R1:3513","Repository: ILO-STATISTICS - Micro data processing"
"FRA","France","BA:148","LFS - Employment Survey","EMP_5EMP_SEX_OC2_NB","Employment by sex and occupation - ISCO level 2 -- 19th ICLS (thousands)","SEX_F","Female","OC2_ISCO08_25","Occupation (ISCO-08), 2 digit level: 25 - Information and communications technology professionals","2024Q3",164.413,,,,,"I12:415","Frequency: Quarterly","R1:3513","Repository: ILO-STATISTICS - Micro data processing"
"FRA","France","BA:148","LFS - Employment Survey","EMP_5EMP_SEX_OC2_NB","Employment by sex and occupation - ISCO level 2 -- 19th ICLS (thousands)","SEX_F","Female","OC2_ISCO08_26","Occupation (ISCO-08), 2 digit level: 26 - Legal, social and cultural professionals","2024Q3",608.445,,,,,"I12:415","Frequency: Quarterly","R1:3513","Repository: ILO-STATISTICS - Micro data processing"
"FRA","France","BA:148","LFS - Employment Survey","EMP_5EMP_SEX_OC2_NB","Employment by sex and occupation - ISCO level 2 -- 19th ICLS (thousands)","SEX_F","Female","OC2_ISCO08_31","Occupation (ISCO-08), 2 digit level: 31 - Science and engineering associate professionals","2024Q3",184.447,,,,,"I12:415","Frequency: Quarterly","R1:3513","Repository: ILO-STATISTICS - Micro data processing"
"FRA","France","BA:148","LFS - Employment Survey","EMP_5EMP_SEX_OC2_NB","Employment by sex and occupation - ISCO level 2 -- 19th ICLS (thousands)","SEX_F","Female","OC2_ISCO08_32","Occupation (ISCO-08), 2 digit level: 32 - Health associate professionals","2024Q3",774.566,,,,,"I12:415","Frequency: Quarterly","R1:3513","Repository: ILO-STATISTICS - Micro data processing"
"FRA","France","BA:148","LFS - Employment Survey","EMP_5EMP_SEX_OC2_NB","Employment by sex and occupation - ISCO level 2 -- 19th ICLS (thousands)","SEX_F","Female","OC2_ISCO08_33","Occupation (ISCO-08), 2 digit level: 33 - Business and administration associate professionals","2024Q3",1321.357,,,,,"I12:415","Frequency: Quarterly","R1:3513","Repository: ILO-STATISTICS - Micro data processing"
"FRA","France","BA:148","LFS - Employment Survey","EMP_5EMP_SEX_OC2_NB","Employment by sex and occupation - ISCO level 2 -- 19th ICLS (thousands)","SEX_F","Female","OC2_ISCO08_34","Occupation (ISCO-08), 2 digit level: 34 - Legal, social, cultural and related associate professionals","2024Q3",654.579,,,,,"I12:415","Frequency: Quarterly","R1:3513","Repository: ILO-STATISTICS - Micro data processing"
"FRA","France","BA:148","LFS - Employment Survey","EMP_5EMP_SEX_OC2_NB","Employment by sex and occupation - ISCO level 2 -- 19th ICLS (thousands)","SEX_F","Female","OC2_ISCO08_35","Occupation (ISCO-08), 2 digit level: 35 - Information and communications technicians","2024Q3",28.039,,,,,"I12:415","Frequency: Quarterly","R1:3513","Repository: ILO-STATISTICS - Micro data processing"
"FRA","France","BA:148","LFS - Employment Survey","EMP_5EMP_SEX_OC2_NB","Employment by sex and occupation - ISCO level 2 -- 19th ICLS (thousands)","SEX_F","Female","OC2_ISCO08_41","Occupation (ISCO-08), 2 digit level: 41 - General and keyboard clerks","2024Q3",856.127,,,,,"I12:415","Frequency: Quarterly","R1:3513","Repository: ILO-STATISTICS - Micro data processing"
"FRA","France","BA:148","LFS - Employment Survey","EMP_5EMP_SEX_OC2_NB","Employment by sex and occupation - ISCO level 2 -- 19th ICLS (thousands)","SEX_F","Female","OC2_ISCO08_42","Occupation (ISCO-08), 2 digit level: 42 - Customer services clerks","2024Q3",269.551,,,,,"I12:415","Frequency: Quarterly","R1:3513","Repository: ILO-STATISTICS - Micro data processing"
"FRA","France","BA:148","LFS - Employment Survey","EMP_5EMP_SEX_OC2_NB","Employment by sex and occupation - ISCO level 2 -- 19th ICLS (thousands)","SEX_F","Female","OC2_ISCO08_43","Occupation (ISCO-08), 2 digit level: 43 - Numerical and material recording clerks","2024Q3",385.921,,,,,"I12:415","Frequency: Quarterly","R1:3513","Repository: ILO-STATISTICS - Micro data processing"
"FRA","France","BA:148","LFS - Employment Survey","EMP_5EMP_SEX_OC2_NB","Employment by sex and occupation - ISCO level 2 -- 19th ICLS (thousands)","SEX_F","Female","OC2_ISCO08_44","Occupation (ISCO-08), 2 digit level: 44 - Other clerical support workers","2024Q3",174.985,,,,,"I12:415","Frequency: Quarterly","R1:3513","Repository: ILO-STATISTICS - Micro data processing"
"FRA","France","BA:148","LFS - Employment Survey","EMP_5EMP_SEX_OC2_NB","Employment by sex and occupation - ISCO level 2 -- 19th ICLS (thousands)","SEX_F","Female","OC2_ISCO08_51","Occupation (ISCO-08), 2 digit level: 51 - Personal service workers","2024Q3",633.466,,,,,"I12:415","Frequency: Quarterly","R1:3513","Repository: ILO-STATISTICS - Micro data processing"
"FRA","France","BA:148","LFS - Employment Survey","EMP_5EMP_SEX_OC2_NB","Employment by sex and occupation - ISCO level 2 -- 19th ICLS (thousands)","SEX_F","Female","OC2_ISCO08_52","Occupation (ISCO-08), 2 digit level: 52 - Sales workers","2024Q3",817.142,,,,,"I12:415","Frequency: Quarterly","R1:3513","Repository: ILO-STATISTICS - Micro data processing"
"FRA","France","BA:148","LFS - Employment Survey","EMP_5EMP_SEX_OC2_NB","Employment by sex and occupation - ISCO level 2 -- 19th ICLS (thousands)","SEX_F","Female","OC2_ISCO08_53","Occupation (ISCO-08), 2 digit level: 53 - Personal care workers","2024Q3",1293.088,,,,,"I12:415","Frequency: Quarterly","R1:3513","Repository: ILO-STATISTICS - Micro data processing"
"FRA","France","BA:148","LFS - Employment Survey","EMP_5EMP_SEX_OC2_NB","Employment by sex and occupation - ISCO level 2 -- 19th ICLS (thousands)","SEX_F","Female","OC2_ISCO08_54","Occupation (ISCO-08), 2 digit level: 54 - Protective services workers","2024Q3",94.01,,,,,"I12:415","Frequency: Quarterly","R1:3513","Repository: ILO-STATISTICS - Micro data processing"
"FRA","France","BA:148","LFS - Employment Survey","EMP_5EMP_SEX_OC2_NB","Employment by sex and occupation - ISCO level 2 -- 19th ICLS (thousands)","SEX_F","Female","OC2_ISCO08_61","Occupation (ISCO-08), 2 digit level: 61 - Market-oriented skilled agricultural workers","2024Q3",152.536,,,,,"I12:415","Frequency: Quarterly","R1:3513","Repository: ILO-STATISTICS - Micro data processing"
"FRA","France","BA:148","LFS - Employment Survey","EMP_5EMP_SEX_OC2_NB","Employment by sex and occupation - ISCO level 2 -- 19th ICLS (thousands)","SEX_F","Female","OC2_ISCO08_62","Occupation (ISCO-08), 2 digit level: 62 - Market-oriented skilled forestry, fishery and hunting workers","2024Q3",,"U","Unreliable",,,"I12:415","Frequency: Quarterly","R1:3513","Repository: ILO-STATISTICS - Micro data processing"
"FRA","France","BA:148","LFS - Employment Survey","EMP_5EMP_SEX_OC2_NB","Employment by sex and occupation - ISCO level 2 -- 19th ICLS (thousands)","SEX_F","Female","OC2_ISCO08_71","Occupation (ISCO-08), 2 digit level: 71 - Building and related trades workers, excluding electricians","2024Q3",25.889,,,,,"I12:415","Frequency: Quarterly","R1:3513","Repository: ILO-STATISTICS - Micro data processing"
"FRA","France","BA:148","LFS - Employment Survey","EMP_5EMP_SEX_OC2_NB","Employment by sex and occupation - ISCO level 2 -- 19th ICLS (thousands)","SEX_F","Female","OC2_ISCO08_72","Occupation (ISCO-08), 2 digit level: 72 - Metal, machinery and related trades workers","2024Q3",36.298,,,,,"I12:415","Frequency: Quarterly","R1:3513","Repository: ILO-STATISTICS - Micro data processing"
"FRA","France","BA:148","LFS - Employment Survey","EMP_5EMP_SEX_OC2_NB","Employment by sex and occupation - ISCO level 2 -- 19th ICLS (thousands)","SEX_F","Female","OC2_ISCO08_73","Occupation (ISCO-08), 2 digit level: 73 - Handicraft and printing workers","2024Q3",54.168,,,,,"I12:415","Frequency: Quarterly","R1:3513","Repository: ILO-STATISTICS - Micro data processing"
"FRA","France","BA:148","LFS - Employment Survey","EMP_5EMP_SEX_OC2_NB","Employment by sex and occupation - ISCO level 2 -- 19th ICLS (thousands)","SEX_F","Female","OC2_ISCO08_74","Occupation (ISCO-08), 2 digit level: 74 - Electrical and electronic trades workers","2024Q3",15.424,,,,,"I12:415","Frequency: Quarterly","R1:3513","Repository: ILO-STATISTICS - Micro data processing"
"FRA","France","BA:148","LFS - Employment Survey","EMP_5EMP_SEX_OC2_NB","Employment by sex and occupation - ISCO level 2 -- 19th ICLS (thousands)","SEX_F","Female","OC2_ISCO08_75","Occupation (ISCO-08), 2 digit level: 75 - Food processing, wood working, garment and other craft and related trades workers","2024Q3",135.693,,,,,"I12:415","Frequency: Quarterly","R1:3513","Repository: ILO-STATISTICS - Micro data processing"
"FRA","France","BA:148","LFS - Employment Survey","EMP_5EMP_SEX_OC2_NB","Employment by sex and occupation - ISCO level 2 -- 19th ICLS (thousands)","SEX_F","Female","OC2_ISCO08_81","Occupation (ISCO-08), 2 digit level: 81 - Stationary plant and machine operators","2024Q3",199.811,,,,,"I12:415","Frequency: Quarterly","R1:3513","Repository: ILO-STATISTICS - Micro data processing"
"FRA","France","BA:148","LFS - Employment Survey","EMP_5EMP_SEX_OC2_NB","Employment by sex and occupation - ISCO level 2 -- 19th ICLS (thousands)","SEX_F","Female","OC2_ISCO08_82","Occupation (ISCO-08), 2 digit level: 82 - Assemblers","2024Q3",26.002,,,,,"I12:415","Frequency: Quarterly","R1:3513","Repository: ILO-STATISTICS - Micro data processing"
"FRA","France","BA:148","LFS - Employment Survey","EMP_5EMP_SEX_OC2_NB","Employment by sex and occupation - ISCO level 2 -- 19th ICLS (thousands)","SEX_F","Female","OC2_ISCO08_83","Occupation (ISCO-08), 2 digit level: 83 - Drivers and mobile plant operators","2024Q3",72.308,,,,,"I12:415","Frequency: Quarterly","R1:3513","Repository: ILO-STATISTICS - Micro data processing"
"FRA","France","BA:148","LFS - Employment Survey","EMP_5EMP_SEX_OC2_NB","Employment by sex and occupation - ISCO level 2 -- 19th ICLS (thousands)","SEX_F","Female","OC2_ISCO08_91","Occupation (ISCO-08), 2 digit level: 91 - Cleaners and helpers","2024Q3",963.541,,,,,"I12:415","Frequency: Quarterly","R1:3513","Repository: ILO-STATISTICS - Micro data processing"
"FRA","France","BA:148","LFS - Employment Survey","EMP_5EMP_SEX_OC2_NB","Employment by sex and occupation - ISCO level 2 -- 19th ICLS (thousands)","SEX_F","Female","OC2_ISCO08_92","Occupation (ISCO-08), 2 digit level: 92 - Agricultural, forestry and fishery labourers","2024Q3",22.393,,,,,"I12:415","Frequency: Quarterly","R1:3513","Repository: ILO-STATISTICS - Micro data processing"
"FRA","France","BA:148","LFS - Employment Survey","EMP_5EMP_SEX_OC2_NB","Employment by sex and occupation - ISCO level 2 -- 19th ICLS (thousands)","SEX_F","Female","OC2_ISCO08_93","Occupation (ISCO-08), 2 digit level: 93 - Labourers in mining, construction, manufacturing and transport","2024Q3",245.393,,,,,"I12:415","Frequency: Quarterly","R1:3513","Repository: ILO-STATISTICS - Micro data processing"
"FRA","France","BA:148","LFS - Employment Survey","EMP_5EMP_SEX_OC2_NB","Employment by sex and occupation - ISCO level 2 -- 19th ICLS (thousands)","SEX_F","Female","OC2_ISCO08_94","Occupation (ISCO-08), 2 digit level: 94 - Food preparation assistants","2024Q3",179.237,,,,,"I12:415","Frequency: Quarterly","R1:3513","Repository: ILO-STATISTICS - Micro data processing"
"FRA","France","BA:148","LFS - Employment Survey","EMP_5EMP_SEX_OC2_NB","Employment by sex and occupation - ISCO level 2 -- 19th ICLS (thousands)","SEX_F","Female","OC2_ISCO08_96","Occupation (ISCO-08), 2 digit level: 96 - Refuse workers and other elementary workers","2024Q3",37.629,,,,,"I12:415","Frequency: Quarterly","R1:3513","Repository: ILO-STATISTICS - Micro data processing"
"FRA","France","BA:148","LFS - Employment Survey","EMP_5EMP_SEX_OC2_NB","Employment by sex and occupation - ISCO level 2 -- 19th ICLS (thousands)","SEX_F","Female","OC2_ISCO08_X","Occupation (ISCO-08), 2 digit level: X - Not elsewhere classified","2024Q3",157.598,,,,,"I12:415","Frequency: Quarterly","R1:3513","Repository: ILO-STATISTICS - Micro data processing"
"FRA","France","BA:148","LFS - Employment Survey","EMP_5EMP_SEX_OC2_NB","Employment by sex and occupation - ISCO level 2 -- 19th ICLS (thousands)","SEX_T","Total","OC2_ISCO08_TOTAL","Occupation (ISCO-08), 2 digit level: Total","2024Q2",29133.388,,,,,"I12:415","Frequency: Quarterly","R1:3513","Repository: ILO-STATISTICS - Micro data processing"
"FRA","France","BA:148","LFS - Employment Survey","EMP_5EMP_SEX_OC2_NB","Employment by sex and occupation - ISCO level 2 -- 19th ICLS (thousands)","SEX_T","Total","OC2_ISCO08_01","Occupation (ISCO-08), 2 digit level: 01 - Commissioned armed forces officers","2024Q2",40.985,,,,,"I12:415","Frequency: Quarterly","R1:3513","Repository: ILO-STATISTICS - Micro data processing"
"FRA","France","BA:148","LFS - Employment Survey","EMP_5EMP_SEX_OC2_NB","Employment by sex and occupation - ISCO level 2 -- 19th ICLS (thousands)","SEX_T","Total","OC2_ISCO08_02","Occupation (ISCO-08), 2 digit level: 02 - Non-commissioned armed forces officers","2024Q2",86.242,,,,,"I12:415","Frequency: Quarterly","R1:3513","Repository: ILO-STATISTICS - Micro data processing"
"FRA","France","BA:148","LFS - Employment Survey","EMP_5EMP_SEX_OC2_NB","Employment by sex and occupation - ISCO level 2 -- 19th ICLS (thousands)","SEX_T","Total","OC2_ISCO08_03","Occupation (ISCO-08), 2 digit level: 03 - Armed forces occupations, other ranks","2024Q2",46.568,,,,,"I12:415","Frequency: Quarterly","R1:3513","Repository: ILO-STATISTICS - Micro data processing"
"FRA","France","BA:148","LFS - Employment Survey","EMP_5EMP_SEX_OC2_NB","Employment by sex and occupation - ISCO level 2 -- 19th ICLS (thousands)","SEX_T","Total","OC2_ISCO08_11","Occupation (ISCO-08), 2 digit level: 11 - Chief executives, senior officials and legislators","2024Q2",247.543,,,,,"I12:415","Frequency: Quarterly","R1:3513","Repository: ILO-STATISTICS - Micro data processing"
"FRA","France","BA:148","LFS - Employment Survey","EMP_5EMP_SEX_OC2_NB","Employment by sex and occupation - ISCO level 2 -- 19th ICLS (thousands)","SEX_T","Total","OC2_ISCO08_12","Occupation (ISCO-08), 2 digit level: 12 - Administrative and commercial managers","2024Q2",622.488,,,,,"I12:415","Frequency: Quarterly","R1:3513","Repository: ILO-STATISTICS - Micro data processing"
"FRA","France","BA:148","LFS - Employment Survey","EMP_5EMP_SEX_OC2_NB","Employment by sex and occupation - ISCO level 2 -- 19th ICLS (thousands)","SEX_T","Total","OC2_ISCO08_13","Occupation (ISCO-08), 2 digit level: 13 - Production and specialised services managers","2024Q2",722.77,,,,,"I12:415","Frequency: Quarterly","R1:3513","Repository: ILO-STATISTICS - Micro data processing"
"FRA","France","BA:148","LFS - Employment Survey","EMP_5EMP_SEX_OC2_NB","Employment by sex and occupation - ISCO level 2 -- 19th ICLS (thousands)","SEX_T","Total","OC2_ISCO08_14","Occupation (ISCO-08), 2 digit level: 14 - Hospitality, retail and other services managers","2024Q2",491.272,,,,,"I12:415","Frequency: Quarterly","R1:3513","Repository: ILO-STATISTICS - Micro data processing"
"FRA","France","BA:148","LFS - Employment Survey","EMP_5EMP_SEX_OC2_NB","Employment by sex and occupation - ISCO level 2 -- 19th ICLS (thousands)","SEX_T","Total","OC2_ISCO08_21","Occupation (ISCO-08), 2 digit level: 21 - Science and engineering professionals","2024Q2",1382.736,,,,,"I12:415","Frequency: Quarterly","R1:3513","Repository: ILO-STATISTICS - Micro data processing"
"FRA","France","BA:148","LFS - Employment Survey","EMP_5EMP_SEX_OC2_NB","Employment by sex and occupation - ISCO level 2 -- 19th ICLS (thousands)","SEX_T","Total","OC2_ISCO08_22","Occupation (ISCO-08), 2 digit level: 22 - Health professionals","2024Q2",920.578,,,,,"I12:415","Frequency: Quarterly","R1:3513","Repository: ILO-STATISTICS - Micro data processing"
"FRA","France","BA:148","LFS - Employment Survey","EMP_5EMP_SEX_OC2_NB","Employment by sex and occupation - ISCO level 2 -- 19th ICLS (thousands)","SEX_T","Total","OC2_ISCO08_23","Occupation (ISCO-08), 2 digit level: 23 - Teaching professionals","2024Q2",1363.335,,,,,"I12:415","Frequency: Quarterly","R1:3513","Repository: ILO-STATISTICS - Micro data processing"
"FRA","France","BA:148","LFS - Employment Survey","EMP_5EMP_SEX_OC2_NB","Employment by sex and occupation - ISCO level 2 -- 19th ICLS (thousands)","SEX_T","Total","OC2_ISCO08_24","Occupation (ISCO-08), 2 digit level: 24 - Business and administration professionals","2024Q2",1688.723,,,,,"I12:415","Frequency: Quarterly","R1:3513","Repository: ILO-STATISTICS - Micro data processing"
"FRA","France","BA:148","LFS - Employment Survey","EMP_5EMP_SEX_OC2_NB","Employment by sex and occupation - ISCO level 2 -- 19th ICLS (thousands)","SEX_T","Total","OC2_ISCO08_25","Occupation (ISCO-08), 2 digit level: 25 - Information and communications technology professionals","2024Q2",874.382,,,,,"I12:415","Frequency: Quarterly","R1:3513","Repository: ILO-STATISTICS - Micro data processing"
"FRA","France","BA:148","LFS - Employment Survey","EMP_5EMP_SEX_OC2_NB","Employment by sex and occupation - ISCO level 2 -- 19th ICLS (thousands)","SEX_T","Total","OC2_ISCO08_26","Occupation (ISCO-08), 2 digit level: 26 - Legal, social and cultural professionals","2024Q2",912.724,,,,,"I12:415","Frequency: Quarterly","R1:3513","Repository: ILO-STATISTICS - Micro data processing"
"FRA","France","BA:148","LFS - Employment Survey","EMP_5EMP_SEX_OC2_NB","Employment by sex and occupation - ISCO level 2 -- 19th ICLS (thousands)","SEX_T","Total","OC2_ISCO08_31","Occupation (ISCO-08), 2 digit level: 31 - Science and engineering associate professionals","2024Q2",964.124,,,,,"I12:415","Frequency: Quarterly","R1:3513","Repository: ILO-STATISTICS - Micro data processing"
"FRA","France","BA:148","LFS - Employment Survey","EMP_5EMP_SEX_OC2_NB","Employment by sex and occupation - ISCO level 2 -- 19th ICLS (thousands)","SEX_T","Total","OC2_ISCO08_32","Occupation (ISCO-08), 2 digit level: 32 - Health associate professionals","2024Q2",933.96,,,,,"I12:415","Frequency: Quarterly","R1:3513","Repository: ILO-STATISTICS - Micro data processing"
"FRA","France","BA:148","LFS - Employment Survey","EMP_5EMP_SEX_OC2_NB","Employment by sex and occupation - ISCO level 2 -- 19th ICLS (thousands)","SEX_T","Total","OC2_ISCO08_33","Occupation (ISCO-08), 2 digit level: 33 - Business and administration associate professionals","2024Q2",2007.746,,,,,"I12:415","Frequency: Quarterly","R1:3513","Repository: ILO-STATISTICS - Micro data processing"
"FRA","France","BA:148","LFS - Employment Survey","EMP_5EMP_SEX_OC2_NB","Employment by sex and occupation - ISCO level 2 -- 19th ICLS (thousands)","SEX_T","Total","OC2_ISCO08_34","Occupation (ISCO-08), 2 digit level: 34 - Legal, social, cultural and related associate professionals","2024Q2",1023.804,,,,,"I12:415","Frequency: Quarterly","R1:3513","Repository: ILO-STATISTICS - Micro data processing"
"FRA","France","BA:148","LFS - Employment Survey","EMP_5EMP_SEX_OC2_NB","Employment by sex and occupation - ISCO level 2 -- 19th ICLS (thousands)","SEX_T","Total","OC2_ISCO08_35","Occupation (ISCO-08), 2 digit level: 35 - Information and communications technicians","2024Q2",204.375,,,,,"I12:415","Frequency: Quarterly","R1:3513","Repository: ILO-STATISTICS - Micro data processing"
"FRA","France","BA:148","LFS - Employment Survey","EMP_5EMP_SEX_OC2_NB","Employment by sex and occupation - ISCO level 2 -- 19th ICLS (thousands)","SEX_T","Total","OC2_ISCO08_41","Occupation (ISCO-08), 2 digit level: 41 - General and keyboard clerks","2024Q2",960.305,,,,,"I12:415","Frequency: Quarterly","R1:3513","Repository: ILO-STATISTICS - Micro data processing"
"FRA","France","BA:148","LFS - Employment Survey","EMP_5EMP_SEX_OC2_NB","Employment by sex and occupation - ISCO level 2 -- 19th ICLS (thousands)","SEX_T","Total","OC2_ISCO08_42","Occupation (ISCO-08), 2 digit level: 42 - Customer services clerks","2024Q2",355.735,,,,,"I12:415","Frequency: Quarterly","R1:3513","Repository: ILO-STATISTICS - Micro data processing"
"FRA","France","BA:148","LFS - Employment Survey","EMP_5EMP_SEX_OC2_NB","Employment by sex and occupation - ISCO level 2 -- 19th ICLS (thousands)","SEX_T","Total","OC2_ISCO08_43","Occupation (ISCO-08), 2 digit level: 43 - Numerical and material recording clerks","2024Q2",764.126,,,,,"I12:415","Frequency: Quarterly","R1:3513","Repository: ILO-STATISTICS - Micro data processing"
"FRA","France","BA:148","LFS - Employment Survey","EMP_5EMP_SEX_OC2_NB","Employment by sex and occupation - ISCO level 2 -- 19th ICLS (thousands)","SEX_T","Total","OC2_ISCO08_44","Occupation (ISCO-08), 2 digit level: 44 - Other clerical support workers","2024Q2",267.954,,,,,"I12:415","Frequency: Quarterly","R1:3513","Repository: ILO-STATISTICS - Micro data processing"
"FRA","France","BA:148","LFS - Employment Survey","EMP_5EMP_SEX_OC2_NB","Employment by sex and occupation - ISCO level 2 -- 19th ICLS (thousands)","SEX_T","Total","OC2_ISCO08_51","Occupation (ISCO-08), 2 digit level: 51 - Personal service workers","2024Q2",1060.397,,,,,"I12:415","Frequency: Quarterly","R1:3513","Repository: ILO-STATISTICS - Micro data processing"
"FRA","France","BA:148","LFS - Employment Survey","EMP_5EMP_SEX_OC2_NB","Employment by sex and occupation - ISCO level 2 -- 19th ICLS (thousands)","SEX_T","Total","OC2_ISCO08_52","Occupation (ISCO-08), 2 digit level: 52 - Sales workers","2024Q2",1268.665,,,,,"I12:415","Frequency: Quarterly","R1:3513","Repository: ILO-STATISTICS - Micro data processing"
"FRA","France","BA:148","LFS - Employment Survey","EMP_5EMP_SEX_OC2_NB","Employment by sex and occupation - ISCO level 2 -- 19th ICLS (thousands)","SEX_T","Total","OC2_ISCO08_53","Occupation (ISCO-08), 2 digit level: 53 - Personal care workers","2024Q2",1421.222,,,,,"I12:415","Frequency: Quarterly","R1:3513","Repository: ILO-STATISTICS - Micro data processing"
"FRA","France","BA:148","LFS - Employment Survey","EMP_5EMP_SEX_OC2_NB","Employment by sex and occupation - ISCO level 2 -- 19th ICLS (thousands)","SEX_T","Total","OC2_ISCO08_54","Occupation (ISCO-08), 2 digit level: 54 - Protective services workers","2024Q2",437.618,,,,,"I12:415","Frequency: Quarterly","R1:3513","Repository: ILO-STATISTICS - Micro data processing"
"FRA","France","BA:148","LFS - Employment Survey","EMP_5EMP_SEX_OC2_NB","Employment by sex and occupation - ISCO level 2 -- 19th ICLS (thousands)","SEX_T","Total","OC2_ISCO08_61","Occupation (ISCO-08), 2 digit level: 61 - Market-oriented skilled agricultural workers","2024Q2",701.278,,,,,"I12:415","Frequency: Quarterly","R1:3513","Repository: ILO-STATISTICS - Micro data processing"
"FRA","France","BA:148","LFS - Employment Survey","EMP_5EMP_SEX_OC2_NB","Employment by sex and occupation - ISCO level 2 -- 19th ICLS (thousands)","SEX_T","Total","OC2_ISCO08_62","Occupation (ISCO-08), 2 digit level: 62 - Market-oriented skilled forestry, fishery and hunting workers","2024Q2",31.274,,,,,"I12:415","Frequency: Quarterly","R1:3513","Repository: ILO-STATISTICS - Micro data processing"
"FRA","France","BA:148","LFS - Employment Survey","EMP_5EMP_SEX_OC2_NB","Employment by sex and occupation - ISCO level 2 -- 19th ICLS (thousands)","SEX_T","Total","OC2_ISCO08_71","Occupation (ISCO-08), 2 digit level: 71 - Building and related trades workers, excluding electricians","2024Q2",1017.366,,,,,"I12:415","Frequency: Quarterly","R1:3513","Repository: ILO-STATISTICS - Micro data processing"
"FRA","France","BA:148","LFS - Employment Survey","EMP_5EMP_SEX_OC2_NB","Employment by sex and occupation - ISCO level 2 -- 19th ICLS (thousands)","SEX_T","Total","OC2_ISCO08_72","Occupation (ISCO-08), 2 digit level: 72 - Metal, machinery and related trades workers","2024Q2",863.058,,,,,"I12:415","Frequency: Quarterly","R1:3513","Repository: ILO-STATISTICS - Micro data processing"
"FRA","France","BA:148","LFS - Employment Survey","EMP_5EMP_SEX_OC2_NB","Employment by sex and occupation - ISCO level 2 -- 19th ICLS (thousands)","SEX_T","Total","OC2_ISCO08_73","Occupation (ISCO-08), 2 digit level: 73 - Handicraft and printing workers","2024Q2",118.995,,,,,"I12:415","Frequency: Quarterly","R1:3513","Repository: ILO-STATISTICS - Micro data processing"
"FRA","France","BA:148","LFS - Employment Survey","EMP_5EMP_SEX_OC2_NB","Employment by sex and occupation - ISCO level 2 -- 19th ICLS (thousands)","SEX_T","Total","OC2_ISCO08_74","Occupation (ISCO-08), 2 digit level: 74 - Electrical and electronic trades workers","2024Q2",315.18,,,,,"I12:415","Frequency: Quarterly","R1:3513","Repository: ILO-STATISTICS - Micro data processing"
"FRA","France","BA:148","LFS - Employment Survey","EMP_5EMP_SEX_OC2_NB","Employment by sex and occupation - ISCO level 2 -- 19th ICLS (thousands)","SEX_T","Total","OC2_ISCO08_75","Occupation (ISCO-08), 2 digit level: 75 - Food processing, wood working, garment and other craft and related trades workers","2024Q2",479.912,,,,,"I12:415","Frequency: Quarterly","R1:3513","Repository: ILO-STATISTICS - Micro data processing"
"FRA","France","BA:148","LFS - Employment Survey","EMP_5EMP_SEX_OC2_NB","Employment by sex and occupation - ISCO level 2 -- 19th ICLS (thousands)","SEX_T","Total","OC2_ISCO08_81","Occupation (ISCO-08), 2 digit level: 81 - Stationary plant and machine operators","2024Q2",586.022,,,,,"I12:415","Frequency: Quarterly","R1:3513","Repository: ILO-STATISTICS - Micro data processing"
"FRA","France","BA:148","LFS - Employment Survey","EMP_5EMP_SEX_OC2_NB","Employment by sex and occupation - ISCO level 2 -- 19th ICLS (thousands)","SEX_T","Total","OC2_ISCO08_82","Occupation (ISCO-08), 2 digit level: 82 - Assemblers","2024Q2",128.661,,,,,"I12:415","Frequency: Quarterly","R1:3513","Repository: ILO-STATISTICS - Micro data processing"
"FRA","France","BA:148","LFS - Employment Survey","EMP_5EMP_SEX_OC2_NB","Employment by sex and occupation - ISCO level 2 -- 19th ICLS (thousands)","SEX_T","Total","OC2_ISCO08_83","Occupation (ISCO-08), 2 digit level: 83 - Drivers and mobile plant operators","2024Q2",1144.106,,,,,"I12:415","Frequency: Quarterly","R1:3513","Repository: ILO-STATISTICS - Micro data processing"
"FRA","France","BA:148","LFS - Employment Survey","EMP_5EMP_SEX_OC2_NB","Employment by sex and occupation - ISCO level 2 -- 19th ICLS (thousands)","SEX_T","Total","OC2_ISCO08_91","Occupation (ISCO-08), 2 digit level: 91 - Cleaners and helpers","2024Q2",1126.969,,,,,"I12:415","Frequency: Quarterly","R1:3513","Repository: ILO-STATISTICS - Micro data processing"
"FRA","France","BA:148","LFS - Employment Survey","EMP_5EMP_SEX_OC2_NB","Employment by sex and occupation - ISCO level 2 -- 19th ICLS (thousands)","SEX_T","Total","OC2_ISCO08_92","Occupation (ISCO-08), 2 digit level: 92 - Agricultural, forestry and fishery labourers","2024Q2",138.558,,,,,"I12:415","Frequency: Quarterly","R1:3513","Repository: ILO-STATISTICS - Micro data processing"
"FRA","France","BA:148","LFS - Employment Survey","EMP_5EMP_SEX_OC2_NB","Employment by sex and occupation - ISCO level 2 -- 19th ICLS (thousands)","SEX_T","Total","OC2_ISCO08_93","Occupation (ISCO-08), 2 digit level: 93 - Labourers in mining, construction, manufacturing and transport","2024Q2",670.82,,,,,"I12:415","Frequency: Quarterly","R1:3513","Repository: ILO-STATISTICS - Micro data processing"
"FRA","France","BA:148","LFS - Employment Survey","EMP_5EMP_SEX_OC2_NB","Employment by sex and occupation - ISCO level 2 -- 19th ICLS (thousands)","SEX_T","Total","OC2_ISCO08_94","Occupation (ISCO-08), 2 digit level: 94 - Food preparation assistants","2024Q2",240.726,,,,,"I12:415","Frequency: Quarterly","R1:3513","Repository: ILO-STATISTICS - Micro data processing"
"FRA","France","BA:148","LFS - Employment Survey","EMP_5EMP_SEX_OC2_NB","Employment by sex and occupation - ISCO level 2 -- 19th ICLS (thousands)","SEX_T","Total","OC2_ISCO08_96","Occupation (ISCO-08), 2 digit level: 96 - Refuse workers and other elementary workers","2024Q2",244.38,,,,,"I12:415","Frequency: Quarterly","R1:3513","Repository: ILO-STATISTICS - Micro data processing"
"FRA","France","BA:148","LFS - Employment Survey","EMP_5EMP_SEX_OC2_NB","Employment by sex and occupation - ISCO level 2 -- 19th ICLS (thousands)","SEX_T","Total","OC2_ISCO08_X","Occupation (ISCO-08), 2 digit level: X - Not elsewhere classified","2024Q2",255.705,,,,,"I12:415","Frequency: Quarterly","R1:3513","Repository: ILO-STATISTICS - Micro data processing"
"FRA","France","BA:148","LFS - Employment Survey","EMP_5EMP_SEX_OC2_NB","Employment by sex and occupation - ISCO level 2 -- 19th ICLS (thousands)","SEX_M","Male","OC2_ISCO08_TOTAL","Occupation (ISCO-08), 2 digit level: Total","2024Q2",14929.515,,,,,"I12:415","Frequency: Quarterly","R1:3513","Repository: ILO-STATISTICS - Micro data processing"
"FRA","France","BA:148","LFS - Employment Survey","EMP_5EMP_SEX_OC2_NB","Employment by sex and occupation - ISCO level 2 -- 19th ICLS (thousands)","SEX_M","Male","OC2_ISCO08_01","Occupation (ISCO-08), 2 digit level: 01 - Commissioned armed forces officers","2024Q2",32.87,,,,,"I12:415","Frequency: Quarterly","R1:3513","Repository: ILO-STATISTICS - Micro data processing"
"FRA","France","BA:148","LFS - Employment Survey","EMP_5EMP_SEX_OC2_NB","Employment by sex and occupation - ISCO level 2 -- 19th ICLS (thousands)","SEX_M","Male","OC2_ISCO08_02","Occupation (ISCO-08), 2 digit level: 02 - Non-commissioned armed forces officers","2024Q2",74.848,,,,,"I12:415","Frequency: Quarterly","R1:3513","Repository: ILO-STATISTICS - Micro data processing"
"FRA","France","BA:148","LFS - Employment Survey","EMP_5EMP_SEX_OC2_NB","Employment by sex and occupation - ISCO level 2 -- 19th ICLS (thousands)","SEX_M","Male","OC2_ISCO08_03","Occupation (ISCO-08), 2 digit level: 03 - Armed forces occupations, other ranks","2024Q2",38.284,,,,,"I12:415","Frequency: Quarterly","R1:3513","Repository: ILO-STATISTICS - Micro data processing"
"FRA","France","BA:148","LFS - Employment Survey","EMP_5EMP_SEX_OC2_NB","Employment by sex and occupation - ISCO level 2 -- 19th ICLS (thousands)","SEX_M","Male","OC2_ISCO08_11","Occupation (ISCO-08), 2 digit level: 11 - Chief executives, senior officials and legislators","2024Q2",165.73,,,,,"I12:415","Frequency: Quarterly","R1:3513","Repository: ILO-STATISTICS - Micro data processing"
"FRA","France","BA:148","LFS - Employment Survey","EMP_5EMP_SEX_OC2_NB","Employment by sex and occupation - ISCO level 2 -- 19th ICLS (thousands)","SEX_M","Male","OC2_ISCO08_12","Occupation (ISCO-08), 2 digit level: 12 - Administrative and commercial managers","2024Q2",299.968,,,,,"I12:415","Frequency: Quarterly","R1:3513","Repository: ILO-STATISTICS - Micro data processing"
"FRA","France","BA:148","LFS - Employment Survey","EMP_5EMP_SEX_OC2_NB","Employment by sex and occupation - ISCO level 2 -- 19th ICLS (thousands)","SEX_M","Male","OC2_ISCO08_13","Occupation (ISCO-08), 2 digit level: 13 - Production and specialised services managers","2024Q2",508.41,,,,,"I12:415","Frequency: Quarterly","R1:3513","Repository: ILO-STATISTICS - Micro data processing"
"FRA","France","BA:148","LFS - Employment Survey","EMP_5EMP_SEX_OC2_NB","Employment by sex and occupation - ISCO level 2 -- 19th ICLS (thousands)","SEX_M","Male","OC2_ISCO08_14","Occupation (ISCO-08), 2 digit level: 14 - Hospitality, retail and other services managers","2024Q2",291.642,,,,,"I12:415","Frequency: Quarterly","R1:3513","Repository: ILO-STATISTICS - Micro data processing"
"FRA","France","BA:148","LFS - Employment Survey","EMP_5EMP_SEX_OC2_NB","Employment by sex and occupation - ISCO level 2 -- 19th ICLS (thousands)","SEX_M","Male","OC2_ISCO08_21","Occupation (ISCO-08), 2 digit level: 21 - Science and engineering professionals","2024Q2",884.684,,,,,"I12:415","Frequency: Quarterly","R1:3513","Repository: ILO-STATISTICS - Micro data processing"
"FRA","France","BA:148","LFS - Employment Survey","EMP_5EMP_SEX_OC2_NB","Employment by sex and occupation - ISCO level 2 -- 19th ICLS (thousands)","SEX_M","Male","OC2_ISCO08_22","Occupation (ISCO-08), 2 digit level: 22 - Health professionals","2024Q2",352.724,,,,,"I12:415","Frequency: Quarterly","R1:3513","Repository: ILO-STATISTICS - Micro data processing"
"FRA","France","BA:148","LFS - Employment Survey","EMP_5EMP_SEX_OC2_NB","Employment by sex and occupation - ISCO level 2 -- 19th ICLS (thousands)","SEX_M","Male","OC2_ISCO08_23","Occupation (ISCO-08), 2 digit level: 23 - Teaching professionals","2024Q2",453.867,,,,,"I12:415","Frequency: Quarterly","R1:3513","Repository: ILO-STATISTICS - Micro data processing"
"FRA","France","BA:148","LFS - Employment Survey","EMP_5EMP_SEX_OC2_NB","Employment by sex and occupation - ISCO level 2 -- 19th ICLS (thousands)","SEX_M","Male","OC2_ISCO08_24","Occupation (ISCO-08), 2 digit level: 24 - Business and administration professionals","2024Q2",840.049,,,,,"I12:415","Frequency: Quarterly","R1:3513","Repository: ILO-STATISTICS - Micro data processing"
"FRA","France","BA:148","LFS - Employment Survey","EMP_5EMP_SEX_OC2_NB","Employment by sex and occupation - ISCO level 2 -- 19th ICLS (thousands)","SEX_M","Male","OC2_ISCO08_25","Occupation (ISCO-08), 2 digit level: 25 - Information and communications technology professionals","2024Q2",707.869,,,,,"I12:415","Frequency: Quarterly","R1:3513","Repository: ILO-STATISTICS - Micro data processing"
"FRA","France","BA:148","LFS - Employment Survey","EMP_5EMP_SEX_OC2_NB","Employment by sex and occupation - ISCO level 2 -- 19th ICLS (thousands)","SEX_M","Male","OC2_ISCO08_26","Occupation (ISCO-08), 2 digit level: 26 - Legal, social and cultural professionals","2024Q2",311.652,,,,,"I12:415","Frequency: Quarterly","R1:3513","Repository: ILO-STATISTICS - Micro data processing"
"FRA","France","BA:148","LFS - Employment Survey","EMP_5EMP_SEX_OC2_NB","Employment by sex and occupation - ISCO level 2 -- 19th ICLS (thousands)","SEX_M","Male","OC2_ISCO08_31","Occupation (ISCO-08), 2 digit level: 31 - Science and engineering associate professionals","2024Q2",784.658,,,,,"I12:415","Frequency: Quarterly","R1:3513","Repository: ILO-STATISTICS - Micro data processing"
"FRA","France","BA:148","LFS - Employment Survey","EMP_5EMP_SEX_OC2_NB","Employment by sex and occupation - ISCO level 2 -- 19th ICLS (thousands)","SEX_M","Male","OC2_ISCO08_32","Occupation (ISCO-08), 2 digit level: 32 - Health associate professionals","2024Q2",208.324,,,,,"I12:415","Frequency: Quarterly","R1:3513","Repository: ILO-STATISTICS - Micro data processing"
"FRA","France","BA:148","LFS - Employment Survey","EMP_5EMP_SEX_OC2_NB","Employment by sex and occupation - ISCO level 2 -- 19th ICLS (thousands)","SEX_M","Male","OC2_ISCO08_33","Occupation (ISCO-08), 2 digit level: 33 - Business and administration associate professionals","2024Q2",680.149,,,,,"I12:415","Frequency: Quarterly","R1:3513","Repository: ILO-STATISTICS - Micro data processing"
"FRA","France","BA:148","LFS - Employment Survey","EMP_5EMP_SEX_OC2_NB","Employment by sex and occupation - ISCO level 2 -- 19th ICLS (thousands)","SEX_M","Male","OC2_ISCO08_34","Occupation (ISCO-08), 2 digit level: 34 - Legal, social, cultural and related associate professionals","2024Q2",366.687,,,,,"I12:415","Frequency: Quarterly","R1:3513","Repository: ILO-STATISTICS - Micro data processing"
"FRA","France","BA:148","LFS - Employment Survey","EMP_5EMP_SEX_OC2_NB","Employment by sex and occupation - ISCO level 2 -- 19th ICLS (thousands)","SEX_M","Male","OC2_ISCO08_35","Occupation (ISCO-08), 2 digit level: 35 - Information and communications technicians","2024Q2",171.574,,,,,"I12:415","Frequency: Quarterly","R1:3513","Repository: ILO-STATISTICS - Micro data processing"
"FRA","France","BA:148","LFS - Employment Survey","EMP_5EMP_SEX_OC2_NB","Employment by sex and occupation - ISCO level 2 -- 19th ICLS (thousands)","SEX_M","Male","OC2_ISCO08_41","Occupation (ISCO-08), 2 digit level: 41 - General and keyboard clerks","2024Q2",115.927,,,,,"I12:415","Frequency: Quarterly","R1:3513","Repository: ILO-STATISTICS - Micro data processing"
"FRA","France","BA:148","LFS - Employment Survey","EMP_5EMP_SEX_OC2_NB","Employment by sex and occupation - ISCO level 2 -- 19th ICLS (thousands)","SEX_M","Male","OC2_ISCO08_42","Occupation (ISCO-08), 2 digit level: 42 - Customer services clerks","2024Q2",109.393,,,,,"I12:415","Frequency: Quarterly","R1:3513","Repository: ILO-STATISTICS - Micro data processing"
"FRA","France","BA:148","LFS - Employment Survey","EMP_5EMP_SEX_OC2_NB","Employment by sex and occupation - ISCO level 2 -- 19th ICLS (thousands)","SEX_M","Male","OC2_ISCO08_43","Occupation (ISCO-08), 2 digit level: 43 - Numerical and material recording clerks","2024Q2",369.94,,,,,"I12:415","Frequency: Quarterly","R1:3513","Repository: ILO-STATISTICS - Micro data processing"
"FRA","France","BA:148","LFS - Employment Survey","EMP_5EMP_SEX_OC2_NB","Employment by sex and occupation - ISCO level 2 -- 19th ICLS (thousands)","SEX_M","Male","OC2_ISCO08_44","Occupation (ISCO-08), 2 digit level: 44 - Other clerical support workers","2024Q2",87.962,,,,,"I12:415","Frequency: Quarterly","R1:3513","Repository: ILO-STATISTICS - Micro data processing"
"FRA","France","BA:148","LFS - Employment Survey","EMP_5EMP_SEX_OC2_NB","Employment by sex and occupation - ISCO level 2 -- 19th ICLS (thousands)","SEX_M","Male","OC2_ISCO08_51","Occupation (ISCO-08), 2 digit level: 51 - Personal service workers","2024Q2",458.303,,,,,"I12:415","Frequency: Quarterly","R1:3513","Repository: ILO-STATISTICS - Micro data processing"
"FRA","France","BA:148","LFS - Employment Survey","EMP_5EMP_SEX_OC2_NB","Employment by sex and occupation - ISCO level 2 -- 19th ICLS (thousands)","SEX_M","Male","OC2_ISCO08_52","Occupation (ISCO-08), 2 digit level: 52 - Sales workers","2024Q2",429.42,,,,,"I12:415","Frequency: Quarterly","R1:3513","Repository: ILO-STATISTICS - Micro data processing"
"FRA","France","BA:148","LFS - Employment Survey","EMP_5EMP_SEX_OC2_NB","Employment by sex and occupation - ISCO level 2 -- 19th ICLS (thousands)","SEX_M","Male","OC2_ISCO08_53","Occupation (ISCO-08), 2 digit level: 53 - Personal care workers","2024Q2",101.359,,,,,"I12:415","Frequency: Quarterly","R1:3513","Repository: ILO-STATISTICS - Micro data processing"
"FRA","France","BA:148","LFS - Employment Survey","EMP_5EMP_SEX_OC2_NB","Employment by sex and occupation - ISCO level 2 -- 19th ICLS (thousands)","SEX_M","Male","OC2_ISCO08_54","Occupation (ISCO-08), 2 digit level: 54 - Protective services workers","2024Q2",342.307,,,,,"I12:415","Frequency: Quarterly","R1:3513","Repository: ILO-STATISTICS - Micro data processing"
"FRA","France","BA:148","LFS - Employment Survey","EMP_5EMP_SEX_OC2_NB","Employment by sex and occupation - ISCO level 2 -- 19th ICLS (thousands)","SEX_M","Male","OC2_ISCO08_61","Occupation (ISCO-08), 2 digit level: 61 - Market-oriented skilled agricultural workers","2024Q2",534.174,,,,,"I12:415","Frequency: Quarterly","R1:3513","Repository: ILO-STATISTICS - Micro data processing"
"FRA","France","BA:148","LFS - Employment Survey","EMP_5EMP_SEX_OC2_NB","Employment by sex and occupation - ISCO level 2 -- 19th ICLS (thousands)","SEX_M","Male","OC2_ISCO08_62","Occupation (ISCO-08), 2 digit level: 62 - Market-oriented skilled forestry, fishery and hunting workers","2024Q2",29.68,,,,,"I12:415","Frequency: Quarterly","R1:3513","Repository: ILO-STATISTICS - Micro data processing"
"FRA","France","BA:148","LFS - Employment Survey","EMP_5EMP_SEX_OC2_NB","Employment by sex and occupation - ISCO level 2 -- 19th ICLS (thousands)","SEX_M","Male","OC2_ISCO08_71","Occupation (ISCO-08), 2 digit level: 71 - Building and related trades workers, excluding electricians","2024Q2",990.731,,,,,"I12:415","Frequency: Quarterly","R1:3513","Repository: ILO-STATISTICS - Micro data processing"
"FRA","France","BA:148","LFS - Employment Survey","EMP_5EMP_SEX_OC2_NB","Employment by sex and occupation - ISCO level 2 -- 19th ICLS (thousands)","SEX_M","Male","OC2_ISCO08_72","Occupation (ISCO-08), 2 digit level: 72 - Metal, machinery and related trades workers","2024Q2",828.079,,,,,"I12:415","Frequency: Quarterly","R1:3513","Repository: ILO-STATISTICS - Micro data processing"
"FRA","France","BA:148","LFS - Employment Survey","EMP_5EMP_SEX_OC2_NB","Employment by sex and occupation - ISCO level 2 -- 19th ICLS (thousands)","SEX_M","Male","OC2_ISCO08_73","Occupation (ISCO-08), 2 digit level: 73 - Handicraft and printing workers","2024Q2",62.15,,,,,"I12:415","Frequency: Quarterly","R1:3513","Repository: ILO-STATISTICS - Micro data processing"
"FRA","France","BA:148","LFS - Employment Survey","EMP_5EMP_SEX_OC2_NB","Employment by sex and occupation - ISCO level 2 -- 19th ICLS (thousands)","SEX_M","Male","OC2_ISCO08_74","Occupation (ISCO-08), 2 digit level: 74 - Electrical and electronic trades workers","2024Q2",303.674,,,,,"I12:415","Frequency: Quarterly","R1:3513","Repository: ILO-STATISTICS - Micro data processing"
"FRA","France","BA:148","LFS - Employment Survey","EMP_5EMP_SEX_OC2_NB","Employment by sex and occupation - ISCO level 2 -- 19th ICLS (thousands)","SEX_M","Male","OC2_ISCO08_75","Occupation (ISCO-08), 2 digit level: 75 - Food processing, wood working, garment and other craft and related trades workers","2024Q2",337.141,,,,,"I12:415","Frequency: Quarterly","R1:3513","Repository: ILO-STATISTICS - Micro data processing"
"FRA","France","BA:148","LFS - Employment Survey","EMP_5EMP_SEX_OC2_NB","Employment by sex and occupation - ISCO level 2 -- 19th ICLS (thousands)","SEX_M","Male","OC2_ISCO08_81","Occupation (ISCO-08), 2 digit level: 81 - Stationary plant and machine operators","2024Q2",370.004,,,,,"I12:415","Frequency: Quarterly","R1:3513","Repository: ILO-STATISTICS - Micro data processing"
"FRA","France","BA:148","LFS - Employment Survey","EMP_5EMP_SEX_OC2_NB","Employment by sex and occupation - ISCO level 2 -- 19th ICLS (thousands)","SEX_M","Male","OC2_ISCO08_82","Occupation (ISCO-08), 2 digit level: 82 - Assemblers","2024Q2",96.007,,,,,"I12:415","Frequency: Quarterly","R1:3513","Repository: ILO-STATISTICS - Micro data processing"
"FRA","France","BA:148","LFS - Employment Survey","EMP_5EMP_SEX_OC2_NB","Employment by sex and occupation - ISCO level 2 -- 19th ICLS (thousands)","SEX_M","Male","OC2_ISCO08_83","Occupation (ISCO-08), 2 digit level: 83 - Drivers and mobile plant operators","2024Q2",1057.673,,,,,"I12:415","Frequency: Quarterly","R1:3513","Repository: ILO-STATISTICS - Micro data processing"
"FRA","France","BA:148","LFS - Employment Survey","EMP_5EMP_SEX_OC2_NB","Employment by sex and occupation - ISCO level 2 -- 19th ICLS (thousands)","SEX_M","Male","OC2_ISCO08_91","Occupation (ISCO-08), 2 digit level: 91 - Cleaners and helpers","2024Q2",180.537,,,,,"I12:415","Frequency: Quarterly","R1:3513","Repository: ILO-STATISTICS - Micro data processing"
"FRA","France","BA:148","LFS - Employment Survey","EMP_5EMP_SEX_OC2_NB","Employment by sex and occupation - ISCO level 2 -- 19th ICLS (thousands)","SEX_M","Male","OC2_ISCO08_92","Occupation (ISCO-08), 2 digit level: 92 - Agricultural, forestry and fishery labourers","2024Q2",112.372,,,,,"I12:415","Frequency: Quarterly","R1:3513","Repository: ILO-STATISTICS - Micro data processing"
"FRA","France","BA:148","LFS - Employment Survey","EMP_5EMP_SEX_OC2_NB","Employment by sex and occupation - ISCO level 2 -- 19th ICLS (thousands)","SEX_M","Male","OC2_ISCO08_93","Occupation (ISCO-08), 2 digit level: 93 - Labourers in mining, construction, manufacturing and transport","2024Q2",423.337,,,,,"I12:415","Frequency: Quarterly","R1:3513","Repository: ILO-STATISTICS - Micro data processing"
"FRA","France","BA:148","LFS - Employment Survey","EMP_5EMP_SEX_OC2_NB","Employment by sex and occupation - ISCO level 2 -- 19th ICLS (thousands)","SEX_M","Male","OC2_ISCO08_94","Occupation (ISCO-08), 2 digit level: 94 - Food preparation assistants","2024Q2",74.582,,,,,"I12:415","Frequency: Quarterly","R1:3513","Repository: ILO-STATISTICS - Micro data processing"
"FRA","France","BA:148","LFS - Employment Survey","EMP_5EMP_SEX_OC2_NB","Employment by sex and occupation - ISCO level 2 -- 19th ICLS (thousands)","SEX_M","Male","OC2_ISCO08_96","Occupation (ISCO-08), 2 digit level: 96 - Refuse workers and other elementary workers","2024Q2",205.215,,,,,"I12:415","Frequency: Quarterly","R1:3513","Repository: ILO-STATISTICS - Micro data processing"
"FRA","France","BA:148","LFS - Employment Survey","EMP_5EMP_SEX_OC2_NB","Employment by sex and occupation - ISCO level 2 -- 19th ICLS (thousands)","SEX_M","Male","OC2_ISCO08_X","Occupation (ISCO-08), 2 digit level: X - Not elsewhere classified","2024Q2",135.558,,,,,"I12:415","Frequency: Quarterly","R1:3513","Repository: ILO-STATISTICS - Micro data processing"
"FRA","France","BA:148","LFS - Employment Survey","EMP_5EMP_SEX_OC2_NB","Employment by sex and occupation - ISCO level 2 -- 19th ICLS (thousands)","SEX_F","Female","OC2_ISCO08_TOTAL","Occupation (ISCO-08), 2 digit level: Total","2024Q2",14203.873,,,,,"I12:415","Frequency: Quarterly","R1:3513","Repository: ILO-STATISTICS - Micro data processing"
"FRA","France","BA:148","LFS - Employment Survey","EMP_5EMP_SEX_OC2_NB","Employment by sex and occupation - ISCO level 2 -- 19th ICLS (thousands)","SEX_F","Female","OC2_ISCO08_01","Occupation (ISCO-08), 2 digit level: 01 - Commissioned armed forces officers","2024Q2",8.116,"U","Unreliable",,,"I12:415","Frequency: Quarterly","R1:3513","Repository: ILO-STATISTICS - Micro data processing"
"FRA","France","BA:148","LFS - Employment Survey","EMP_5EMP_SEX_OC2_NB","Employment by sex and occupation - ISCO level 2 -- 19th ICLS (thousands)","SEX_F","Female","OC2_ISCO08_02","Occupation (ISCO-08), 2 digit level: 02 - Non-commissioned armed forces officers","2024Q2",11.394,,,,,"I12:415","Frequency: Quarterly","R1:3513","Repository: ILO-STATISTICS - Micro data processing"
"FRA","France","BA:148","LFS - Employment Survey","EMP_5EMP_SEX_OC2_NB","Employment by sex and occupation - ISCO level 2 -- 19th ICLS (thousands)","SEX_F","Female","OC2_ISCO08_03","Occupation (ISCO-08), 2 digit level: 03 - Armed forces occupations, other ranks","2024Q2",8.284,"U","Unreliable",,,"I12:415","Frequency: Quarterly","R1:3513","Repository: ILO-STATISTICS - Micro data processing"
"FRA","France","BA:148","LFS - Employment Survey","EMP_5EMP_SEX_OC2_NB","Employment by sex and occupation - ISCO level 2 -- 19th ICLS (thousands)","SEX_F","Female","OC2_ISCO08_11","Occupation (ISCO-08), 2 digit level: 11 - Chief executives, senior officials and legislators","2024Q2",81.813,,,,,"I12:415","Frequency: Quarterly","R1:3513","Repository: ILO-STATISTICS - Micro data processing"
"FRA","France","BA:148","LFS - Employment Survey","EMP_5EMP_SEX_OC2_NB","Employment by sex and occupation - ISCO level 2 -- 19th ICLS (thousands)","SEX_F","Female","OC2_ISCO08_12","Occupation (ISCO-08), 2 digit level: 12 - Administrative and commercial managers","2024Q2",322.52,,,,,"I12:415","Frequency: Quarterly","R1:3513","Repository: ILO-STATISTICS - Micro data processing"
"FRA","France","BA:148","LFS - Employment Survey","EMP_5EMP_SEX_OC2_NB","Employment by sex and occupation - ISCO level 2 -- 19th ICLS (thousands)","SEX_F","Female","OC2_ISCO08_13","Occupation (ISCO-08), 2 digit level: 13 - Production and specialised services managers","2024Q2",214.361,,,,,"I12:415","Frequency: Quarterly","R1:3513","Repository: ILO-STATISTICS - Micro data processing"
"FRA","France","BA:148","LFS - Employment Survey","EMP_5EMP_SEX_OC2_NB","Employment by sex and occupation - ISCO level 2 -- 19th ICLS (thousands)","SEX_F","Female","OC2_ISCO08_14","Occupation (ISCO-08), 2 digit level: 14 - Hospitality, retail and other services managers","2024Q2",199.63,,,,,"I12:415","Frequency: Quarterly","R1:3513","Repository: ILO-STATISTICS - Micro data processing"
"FRA","France","BA:148","LFS - Employment Survey","EMP_5EMP_SEX_OC2_NB","Employment by sex and occupation - ISCO level 2 -- 19th ICLS (thousands)","SEX_F","Female","OC2_ISCO08_21","Occupation (ISCO-08), 2 digit level: 21 - Science and engineering professionals","2024Q2",498.052,,,,,"I12:415","Frequency: Quarterly","R1:3513","Repository: ILO-STATISTICS - Micro data processing"
"FRA","France","BA:148","LFS - Employment Survey","EMP_5EMP_SEX_OC2_NB","Employment by sex and occupation - ISCO level 2 -- 19th ICLS (thousands)","SEX_F","Female","OC2_ISCO08_22","Occupation (ISCO-08), 2 digit level: 22 - Health professionals","2024Q2",567.854,,,,,"I12:415","Frequency: Quarterly","R1:3513","Repository: ILO-STATISTICS - Micro data processing"
"FRA","France","BA:148","LFS - Employment Survey","EMP_5EMP_SEX_OC2_NB","Employment by sex and occupation - ISCO level 2 -- 19th ICLS (thousands)","SEX_F","Female","OC2_ISCO08_23","Occupation (ISCO-08), 2 digit level: 23 - Teaching professionals","2024Q2",909.468,,,,,"I12:415","Frequency: Quarterly","R1:3513","Repository: ILO-STATISTICS - Micro data processing"
"FRA","France","BA:148","LFS - Employment Survey","EMP_5EMP_SEX_OC2_NB","Employment by sex and occupation - ISCO level 2 -- 19th ICLS (thousands)","SEX_F","Female","OC2_ISCO08_24","Occupation (ISCO-08), 2 digit level: 24 - Business and administration professionals","2024Q2",848.673,,,,,"I12:415","Frequency: Quarterly","R1:3513","Repository: ILO-STATISTICS - Micro data processing"
"FRA","France","BA:148","LFS - Employment Survey","EMP_5EMP_SEX_OC2_NB","Employment by sex and occupation - ISCO level 2 -- 19th ICLS (thousands)","SEX_F","Female","OC2_ISCO08_25","Occupation (ISCO-08), 2 digit level: 25 - Information and communications technology professionals","2024Q2",166.512,,,,,"I12:415","Frequency: Quarterly","R1:3513","Repository: ILO-STATISTICS - Micro data processing"
"FRA","France","BA:148","LFS - Employment Survey","EMP_5EMP_SEX_OC2_NB","Employment by sex and occupation - ISCO level 2 -- 19th ICLS (thousands)","SEX_F","Female","OC2_ISCO08_26","Occupation (ISCO-08), 2 digit level: 26 - Legal, social and cultural professionals","2024Q2",601.071,,,,,"I12:415","Frequency: Quarterly","R1:3513","Repository: ILO-STATISTICS - Micro data processing"
"FRA","France","BA:148","LFS - Employment Survey","EMP_5EMP_SEX_OC2_NB","Employment by sex and occupation - ISCO level 2 -- 19th ICLS (thousands)","SEX_F","Female","OC2_ISCO08_31","Occupation (ISCO-08), 2 digit level: 31 - Science and engineering associate professionals","2024Q2",179.466,,,,,"I12:415","Frequency: Quarterly","R1:3513","Repository: ILO-STATISTICS - Micro data processing"
"FRA","France","BA:148","LFS - Employment Survey","EMP_5EMP_SEX_OC2_NB","Employment by sex and occupation - ISCO level 2 -- 19th ICLS (thousands)","SEX_F","Female","OC2_ISCO08_32","Occupation (ISCO-08), 2 digit level: 32 - Health associate professionals","2024Q2",725.637,,,,,"I12:415","Frequency: Quarterly","R1:3513","Repository: ILO-STATISTICS - Micro data processing"
"FRA","France","BA:148","LFS - Employment Survey","EMP_5EMP_SEX_OC2_NB","Employment by sex and occupation - ISCO level 2 -- 19th ICLS (thousands)","SEX_F","Female","OC2_ISCO08_33","Occupation (ISCO-08), 2 digit level: 33 - Business and administration associate professionals","2024Q2",1327.597,,,,,"I12:415","Frequency: Quarterly","R1:3513","Repository: ILO-STATISTICS - Micro data processing"
"FRA","France","BA:148","LFS - Employment Survey","EMP_5EMP_SEX_OC2_NB","Employment by sex and occupation - ISCO level 2 -- 19th ICLS (thousands)","SEX_F","Female","OC2_ISCO08_34","Occupation (ISCO-08), 2 digit level: 34 - Legal, social, cultural and related associate professionals","2024Q2",657.117,,,,,"I12:415","Frequency: Quarterly","R1:3513","Repository: ILO-STATISTICS - Micro data processing"
"FRA","France","BA:148","LFS - Employment Survey","EMP_5EMP_SEX_OC2_NB","Employment by sex and occupation - ISCO level 2 -- 19th ICLS (thousands)","SEX_F","Female","OC2_ISCO08_35","Occupation (ISCO-08), 2 digit level: 35 - Information and communications technicians","2024Q2",32.8,,,,,"I12:415","Frequency: Quarterly","R1:3513","Repository: ILO-STATISTICS - Micro data processing"
"FRA","France","BA:148","LFS - Employment Survey","EMP_5EMP_SEX_OC2_NB","Employment by sex and occupation - ISCO level 2 -- 19th ICLS (thousands)","SEX_F","Female","OC2_ISCO08_41","Occupation (ISCO-08), 2 digit level: 41 - General and keyboard clerks","2024Q2",844.378,,,,,"I12:415","Frequency: Quarterly","R1:3513","Repository: ILO-STATISTICS - Micro data processing"
"FRA","France","BA:148","LFS - Employment Survey","EMP_5EMP_SEX_OC2_NB","Employment by sex and occupation - ISCO level 2 -- 19th ICLS (thousands)","SEX_F","Female","OC2_ISCO08_42","Occupation (ISCO-08), 2 digit level: 42 - Customer services clerks","2024Q2",246.342,,,,,"I12:415","Frequency: Quarterly","R1:3513","Repository: ILO-STATISTICS - Micro data processing"
"FRA","France","BA:148","LFS - Employment Survey","EMP_5EMP_SEX_OC2_NB","Employment by sex and occupation - ISCO level 2 -- 19th ICLS (thousands)","SEX_F","Female","OC2_ISCO08_43","Occupation (ISCO-08), 2 digit level: 43 - Numerical and material recording clerks","2024Q2",394.187,,,,,"I12:415","Frequency: Quarterly","R1:3513","Repository: ILO-STATISTICS - Micro data processing"
"FRA","France","BA:148","LFS - Employment Survey","EMP_5EMP_SEX_OC2_NB","Employment by sex and occupation - ISCO level 2 -- 19th ICLS (thousands)","SEX_F","Female","OC2_ISCO08_44","Occupation (ISCO-08), 2 digit level: 44 - Other clerical support workers","2024Q2",179.993,,,,,"I12:415","Frequency: Quarterly","R1:3513","Repository: ILO-STATISTICS - Micro data processing"
"FRA","France","BA:148","LFS - Employment Survey","EMP_5EMP_SEX_OC2_NB","Employment by sex and occupation - ISCO level 2 -- 19th ICLS (thousands)","SEX_F","Female","OC2_ISCO08_51","Occupation (ISCO-08), 2 digit level: 51 - Personal service workers","2024Q2",602.094,,,,,"I12:415","Frequency: Quarterly","R1:3513","Repository: ILO-STATISTICS - Micro data processing"
"FRA","France","BA:148","LFS - Employment Survey","EMP_5EMP_SEX_OC2_NB","Employment by sex and occupation - ISCO level 2 -- 19th ICLS (thousands)","SEX_F","Female","OC2_ISCO08_52","Occupation (ISCO-08), 2 digit level: 52 - Sales workers","2024Q2",839.246,,,,,"I12:415","Frequency: Quarterly","R1:3513","Repository: ILO-STATISTICS - Micro data processing"
"FRA","France","BA:148","LFS - Employment Survey","EMP_5EMP_SEX_OC2_NB","Employment by sex and occupation - ISCO level 2 -- 19th ICLS (thousands)","SEX_F","Female","OC2_ISCO08_53","Occupation (ISCO-08), 2 digit level: 53 - Personal care workers","2024Q2",1319.863,,,,,"I12:415","Frequency: Quarterly","R1:3513","Repository: ILO-STATISTICS - Micro data processing"
"FRA","France","BA:148","LFS - Employment Survey","EMP_5EMP_SEX_OC2_NB","Employment by sex and occupation - ISCO level 2 -- 19th ICLS (thousands)","SEX_F","Female","OC2_ISCO08_54","Occupation (ISCO-08), 2 digit level: 54 - Protective services workers","2024Q2",95.31,,,,,"I12:415","Frequency: Quarterly","R1:3513","Repository: ILO-STATISTICS - Micro data processing"
"FRA","France","BA:148","LFS - Employment Survey","EMP_5EMP_SEX_OC2_NB","Employment by sex and occupation - ISCO level 2 -- 19th ICLS (thousands)","SEX_F","Female","OC2_ISCO08_61","Occupation (ISCO-08), 2 digit level: 61 - Market-oriented skilled agricultural workers","2024Q2",167.104,,,,,"I12:415","Frequency: Quarterly","R1:3513","Repository: ILO-STATISTICS - Micro data processing"
"FRA","France","BA:148","LFS - Employment Survey","EMP_5EMP_SEX_OC2_NB","Employment by sex and occupation - ISCO level 2 -- 19th ICLS (thousands)","SEX_F","Female","OC2_ISCO08_62","Occupation (ISCO-08), 2 digit level: 62 - Market-oriented skilled forestry, fishery and hunting workers","2024Q2",,"U","Unreliable",,,"I12:415","Frequency: Quarterly","R1:3513","Repository: ILO-STATISTICS - Micro data processing"
"FRA","France","BA:148","LFS - Employment Survey","EMP_5EMP_SEX_OC2_NB","Employment by sex and occupation - ISCO level 2 -- 19th ICLS (thousands)","SEX_F","Female","OC2_ISCO08_71","Occupation (ISCO-08), 2 digit level: 71 - Building and related trades workers, excluding electricians","2024Q2",26.634,,,,,"I12:415","Frequency: Quarterly","R1:3513","Repository: ILO-STATISTICS - Micro data processing"
"FRA","France","BA:148","LFS - Employment Survey","EMP_5EMP_SEX_OC2_NB","Employment by sex and occupation - ISCO level 2 -- 19th ICLS (thousands)","SEX_F","Female","OC2_ISCO08_72","Occupation (ISCO-08), 2 digit level: 72 - Metal, machinery and related trades workers","2024Q2",34.979,,,,,"I12:415","Frequency: Quarterly","R1:3513","Repository: ILO-STATISTICS - Micro data processing"
"FRA","France","BA:148","LFS - Employment Survey","EMP_5EMP_SEX_OC2_NB","Employment by sex and occupation - ISCO level 2 -- 19th ICLS (thousands)","SEX_F","Female","OC2_ISCO08_73","Occupation (ISCO-08), 2 digit level: 73 - Handicraft and printing workers","2024Q2",56.845,,,,,"I12:415","Frequency: Quarterly","R1:3513","Repository: ILO-STATISTICS - Micro data processing"
"FRA","France","BA:148","LFS - Employment Survey","EMP_5EMP_SEX_OC2_NB","Employment by sex and occupation - ISCO level 2 -- 19th ICLS (thousands)","SEX_F","Female","OC2_ISCO08_74","Occupation (ISCO-08), 2 digit level: 74 - Electrical and electronic trades workers","2024Q2",11.506,,,,,"I12:415","Frequency: Quarterly","R1:3513","Repository: ILO-STATISTICS - Micro data processing"
"FRA","France","BA:148","LFS - Employment Survey","EMP_5EMP_SEX_OC2_NB","Employment by sex and occupation - ISCO level 2 -- 19th ICLS (thousands)","SEX_F","Female","OC2_ISCO08_75","Occupation (ISCO-08), 2 digit level: 75 - Food processing, wood working, garment and other craft and related trades workers","2024Q2",142.771,,,,,"I12:415","Frequency: Quarterly","R1:3513","Repository: ILO-STATISTICS - Micro data processing"
"FRA","France","BA:148","LFS - Employment Survey","EMP_5EMP_SEX_OC2_NB","Employment by sex and occupation - ISCO level 2 -- 19th ICLS (thousands)","SEX_F","Female","OC2_ISCO08_81","Occupation (ISCO-08), 2 digit level: 81 - Stationary plant and machine operators","2024Q2",216.018,,,,,"I12:415","Frequency: Quarterly","R1:3513","Repository: ILO-STATISTICS - Micro data processing"
"FRA","France","BA:148","LFS - Employment Survey","EMP_5EMP_SEX_OC2_NB","Employment by sex and occupation - ISCO level 2 -- 19th ICLS (thousands)","SEX_F","Female","OC2_ISCO08_82","Occupation (ISCO-08), 2 digit level: 82 - Assemblers","2024Q2",32.654,,,,,"I12:415","Frequency: Quarterly","R1:3513","Repository: ILO-STATISTICS - Micro data processing"
"FRA","France","BA:148","LFS - Employment Survey","EMP_5EMP_SEX_OC2_NB","Employment by sex and occupation - ISCO level 2 -- 19th ICLS (thousands)","SEX_F","Female","OC2_ISCO08_83","Occupation (ISCO-08), 2 digit level: 83 - Drivers and mobile plant operators","2024Q2",86.433,,,,,"I12:415","Frequency: Quarterly","R1:3513","Repository: ILO-STATISTICS - Micro data processing"
"FRA","France","BA:148","LFS - Employment Survey","EMP_5EMP_SEX_OC2_NB","Employment by sex and occupation - ISCO level 2 -- 19th ICLS (thousands)","SEX_F","Female","OC2_ISCO08_91","Occupation (ISCO-08), 2 digit level: 91 - Cleaners and helpers","2024Q2",946.432,,,,,"I12:415","Frequency: Quarterly","R1:3513","Repository: ILO-STATISTICS - Micro data processing"
"FRA","France","BA:148","LFS - Employment Survey","EMP_5EMP_SEX_OC2_NB","Employment by sex and occupation - ISCO level 2 -- 19th ICLS (thousands)","SEX_F","Female","OC2_ISCO08_92","Occupation (ISCO-08), 2 digit level: 92 - Agricultural, forestry and fishery labourers","2024Q2",26.186,,,,,"I12:415","Frequency: Quarterly","R1:3513","Repository: ILO-STATISTICS - Micro data processing"
"FRA","France","BA:148","LFS - Employment Survey","EMP_5EMP_SEX_OC2_NB","Employment by sex and occupation - ISCO level 2 -- 19th ICLS (thousands)","SEX_F","Female","OC2_ISCO08_93","Occupation (ISCO-08), 2 digit level: 93 - Labourers in mining, construction, manufacturing and transport","2024Q2",247.483,,,,,"I12:415","Frequency: Quarterly","R1:3513","Repository: ILO-STATISTICS - Micro data processing"
"FRA","France","BA:148","LFS - Employment Survey","EMP_5EMP_SEX_OC2_NB","Employment by sex and occupation - ISCO level 2 -- 19th ICLS (thousands)","SEX_F","Female","OC2_ISCO08_94","Occupation (ISCO-08), 2 digit level: 94 - Food preparation assistants","2024Q2",166.144,,,,,"I12:415","Frequency: Quarterly","R1:3513","Repository: ILO-STATISTICS - Micro data processing"
"FRA","France","BA:148","LFS - Employment Survey","EMP_5EMP_SEX_OC2_NB","Employment by sex and occupation - ISCO level 2 -- 19th ICLS (thousands)","SEX_F","Female","OC2_ISCO08_96","Occupation (ISCO-08), 2 digit level: 96 - Refuse workers and other elementary workers","2024Q2",39.165,,,,,"I12:415","Frequency: Quarterly","R1:3513","Repository: ILO-STATISTICS - Micro data processing"
"FRA","France","BA:148","LFS - Employment Survey","EMP_5EMP_SEX_OC2_NB","Employment by sex and occupation - ISCO level 2 -- 19th ICLS (thousands)","SEX_F","Female","OC2_ISCO08_X","Occupation (ISCO-08), 2 digit level: X - Not elsewhere classified","2024Q2",120.147,,,,,"I12:415","Frequency: Quarterly","R1:3513","Repository: ILO-STATISTICS - Micro data processing"
"FRA","France","BA:148","LFS - Employment Survey","EMP_5EMP_SEX_OC2_NB","Employment by sex and occupation - ISCO level 2 -- 19th ICLS (thousands)","SEX_T","Total","OC2_ISCO08_TOTAL","Occupation (ISCO-08), 2 digit level: Total","2024Q1",28804.681,,,,,"I12:415","Frequency: Quarterly","R1:3513","Repository: ILO-STATISTICS - Micro data processing"
"FRA","France","BA:148","LFS - Employment Survey","EMP_5EMP_SEX_OC2_NB","Employment by sex and occupation - ISCO level 2 -- 19th ICLS (thousands)","SEX_T","Total","OC2_ISCO08_01","Occupation (ISCO-08), 2 digit level: 01 - Commissioned armed forces officers","2024Q1",50.708,,,,,"I12:415","Frequency: Quarterly","R1:3513","Repository: ILO-STATISTICS - Micro data processing"
"FRA","France","BA:148","LFS - Employment Survey","EMP_5EMP_SEX_OC2_NB","Employment by sex and occupation - ISCO level 2 -- 19th ICLS (thousands)","SEX_T","Total","OC2_ISCO08_02","Occupation (ISCO-08), 2 digit level: 02 - Non-commissioned armed forces officers","2024Q1",84.495,,,,,"I12:415","Frequency: Quarterly","R1:3513","Repository: ILO-STATISTICS - Micro data processing"
"FRA","France","BA:148","LFS - Employment Survey","EMP_5EMP_SEX_OC2_NB","Employment by sex and occupation - ISCO level 2 -- 19th ICLS (thousands)","SEX_T","Total","OC2_ISCO08_03","Occupation (ISCO-08), 2 digit level: 03 - Armed forces occupations, other ranks","2024Q1",57.993,,,,,"I12:415","Frequency: Quarterly","R1:3513","Repository: ILO-STATISTICS - Micro data processing"
"FRA","France","BA:148","LFS - Employment Survey","EMP_5EMP_SEX_OC2_NB","Employment by sex and occupation - ISCO level 2 -- 19th ICLS (thousands)","SEX_T","Total","OC2_ISCO08_11","Occupation (ISCO-08), 2 digit level: 11 - Chief executives, senior officials and legislators","2024Q1",243.751,,,,,"I12:415","Frequency: Quarterly","R1:3513","Repository: ILO-STATISTICS - Micro data processing"
"FRA","France","BA:148","LFS - Employment Survey","EMP_5EMP_SEX_OC2_NB","Employment by sex and occupation - ISCO level 2 -- 19th ICLS (thousands)","SEX_T","Total","OC2_ISCO08_12","Occupation (ISCO-08), 2 digit level: 12 - Administrative and commercial managers","2024Q1",655.969,,,,,"I12:415","Frequency: Quarterly","R1:3513","Repository: ILO-STATISTICS - Micro data processing"
"FRA","France","BA:148","LFS - Employment Survey","EMP_5EMP_SEX_OC2_NB","Employment by sex and occupation - ISCO level 2 -- 19th ICLS (thousands)","SEX_T","Total","OC2_ISCO08_13","Occupation (ISCO-08), 2 digit level: 13 - Production and specialised services managers","2024Q1",703.788,,,,,"I12:415","Frequency: Quarterly","R1:3513","Repository: ILO-STATISTICS - Micro data processing"
"FRA","France","BA:148","LFS - Employment Survey","EMP_5EMP_SEX_OC2_NB","Employment by sex and occupation - ISCO level 2 -- 19th ICLS (thousands)","SEX_T","Total","OC2_ISCO08_14","Occupation (ISCO-08), 2 digit level: 14 - Hospitality, retail and other services managers","2024Q1",503.764,,,,,"I12:415","Frequency: Quarterly","R1:3513","Repository: ILO-STATISTICS - Micro data processing"
"FRA","France","BA:148","LFS - Employment Survey","EMP_5EMP_SEX_OC2_NB","Employment by sex and occupation - ISCO level 2 -- 19th ICLS (thousands)","SEX_T","Total","OC2_ISCO08_21","Occupation (ISCO-08), 2 digit level: 21 - Science and engineering professionals","2024Q1",1331.38,,,,,"I12:415","Frequency: Quarterly","R1:3513","Repository: ILO-STATISTICS - Micro data processing"
"FRA","France","BA:148","LFS - Employment Survey","EMP_5EMP_SEX_OC2_NB","Employment by sex and occupation - ISCO level 2 -- 19th ICLS (thousands)","SEX_T","Total","OC2_ISCO08_22","Occupation (ISCO-08), 2 digit level: 22 - Health professionals","2024Q1",912.143,,,,,"I12:415","Frequency: Quarterly","R1:3513","Repository: ILO-STATISTICS - Micro data processing"
"FRA","France","BA:148","LFS - Employment Survey","EMP_5EMP_SEX_OC2_NB","Employment by sex and occupation - ISCO level 2 -- 19th ICLS (thousands)","SEX_T","Total","OC2_ISCO08_23","Occupation (ISCO-08), 2 digit level: 23 - Teaching professionals","2024Q1",1345.311,,,,,"I12:415","Frequency: Quarterly","R1:3513","Repository: ILO-STATISTICS - Micro data processing"
"FRA","France","BA:148","LFS - Employment Survey","EMP_5EMP_SEX_OC2_NB","Employment by sex and occupation - ISCO level 2 -- 19th ICLS (thousands)","SEX_T","Total","OC2_ISCO08_24","Occupation (ISCO-08), 2 digit level: 24 - Business and administration professionals","2024Q1",1667.591,,,,,"I12:415","Frequency: Quarterly","R1:3513","Repository: ILO-STATISTICS - Micro data processing"
"FRA","France","BA:148","LFS - Employment Survey","EMP_5EMP_SEX_OC2_NB","Employment by sex and occupation - ISCO level 2 -- 19th ICLS (thousands)","SEX_T","Total","OC2_ISCO08_25","Occupation (ISCO-08), 2 digit level: 25 - Information and communications technology professionals","2024Q1",886.58,,,,,"I12:415","Frequency: Quarterly","R1:3513","Repository: ILO-STATISTICS - Micro data processing"
"FRA","France","BA:148","LFS - Employment Survey","EMP_5EMP_SEX_OC2_NB","Employment by sex and occupation - ISCO level 2 -- 19th ICLS (thousands)","SEX_T","Total","OC2_ISCO08_26","Occupation (ISCO-08), 2 digit level: 26 - Legal, social and cultural professionals","2024Q1",881.501,,,,,"I12:415","Frequency: Quarterly","R1:3513","Repository: ILO-STATISTICS - Micro data processing"
"FRA","France","BA:148","LFS - Employment Survey","EMP_5EMP_SEX_OC2_NB","Employment by sex and occupation - ISCO level 2 -- 19th ICLS (thousands)","SEX_T","Total","OC2_ISCO08_31","Occupation (ISCO-08), 2 digit level: 31 - Science and engineering associate professionals","2024Q1",968.509,,,,,"I12:415","Frequency: Quarterly","R1:3513","Repository: ILO-STATISTICS - Micro data processing"
"FRA","France","BA:148","LFS - Employment Survey","EMP_5EMP_SEX_OC2_NB","Employment by sex and occupation - ISCO level 2 -- 19th ICLS (thousands)","SEX_T","Total","OC2_ISCO08_32","Occupation (ISCO-08), 2 digit level: 32 - Health associate professionals","2024Q1",986.942,,,,,"I12:415","Frequency: Quarterly","R1:3513","Repository: ILO-STATISTICS - Micro data processing"
"FRA","France","BA:148","LFS - Employment Survey","EMP_5EMP_SEX_OC2_NB","Employment by sex and occupation - ISCO level 2 -- 19th ICLS (thousands)","SEX_T","Total","OC2_ISCO08_33","Occupation (ISCO-08), 2 digit level: 33 - Business and administration associate professionals","2024Q1",2023.681,,,,,"I12:415","Frequency: Quarterly","R1:3513","Repository: ILO-STATISTICS - Micro data processing"
"FRA","France","BA:148","LFS - Employment Survey","EMP_5EMP_SEX_OC2_NB","Employment by sex and occupation - ISCO level 2 -- 19th ICLS (thousands)","SEX_T","Total","OC2_ISCO08_34","Occupation (ISCO-08), 2 digit level: 34 - Legal, social, cultural and related associate professionals","2024Q1",1039.023,,,,,"I12:415","Frequency: Quarterly","R1:3513","Repository: ILO-STATISTICS - Micro data processing"
"FRA","France","BA:148","LFS - Employment Survey","EMP_5EMP_SEX_OC2_NB","Employment by sex and occupation - ISCO level 2 -- 19th ICLS (thousands)","SEX_T","Total","OC2_ISCO08_35","Occupation (ISCO-08), 2 digit level: 35 - Information and communications technicians","2024Q1",217.052,,,,,"I12:415","Frequency: Quarterly","R1:3513","Repository: ILO-STATISTICS - Micro data processing"
"FRA","France","BA:148","LFS - Employment Survey","EMP_5EMP_SEX_OC2_NB","Employment by sex and occupation - ISCO level 2 -- 19th ICLS (thousands)","SEX_T","Total","OC2_ISCO08_41","Occupation (ISCO-08), 2 digit level: 41 - General and keyboard clerks","2024Q1",989.991,,,,,"I12:415","Frequency: Quarterly","R1:3513","Repository: ILO-STATISTICS - Micro data processing"
"FRA","France","BA:148","LFS - Employment Survey","EMP_5EMP_SEX_OC2_NB","Employment by sex and occupation - ISCO level 2 -- 19th ICLS (thousands)","SEX_T","Total","OC2_ISCO08_42","Occupation (ISCO-08), 2 digit level: 42 - Customer services clerks","2024Q1",311.825,,,,,"I12:415","Frequency: Quarterly","R1:3513","Repository: ILO-STATISTICS - Micro data processing"
"FRA","France","BA:148","LFS - Employment Survey","EMP_5EMP_SEX_OC2_NB","Employment by sex and occupation - ISCO level 2 -- 19th ICLS (thousands)","SEX_T","Total","OC2_ISCO08_43","Occupation (ISCO-08), 2 digit level: 43 - Numerical and material recording clerks","2024Q1",730.378,,,,,"I12:415","Frequency: Quarterly","R1:3513","Repository: ILO-STATISTICS - Micro data processing"
"FRA","France","BA:148","LFS - Employment Survey","EMP_5EMP_SEX_OC2_NB","Employment by sex and occupation - ISCO level 2 -- 19th ICLS (thousands)","SEX_T","Total","OC2_ISCO08_44","Occupation (ISCO-08), 2 digit level: 44 - Other clerical support workers","2024Q1",253.957,,,,,"I12:415","Frequency: Quarterly","R1:3513","Repository: ILO-STATISTICS - Micro data processing"
"FRA","France","BA:148","LFS - Employment Survey","EMP_5EMP_SEX_OC2_NB","Employment by sex and occupation - ISCO level 2 -- 19th ICLS (thousands)","SEX_T","Total","OC2_ISCO08_51","Occupation (ISCO-08), 2 digit level: 51 - Personal service workers","2024Q1",1022.67,,,,,"I12:415","Frequency: Quarterly","R1:3513","Repository: ILO-STATISTICS - Micro data processing"
"FRA","France","BA:148","LFS - Employment Survey","EMP_5EMP_SEX_OC2_NB","Employment by sex and occupation - ISCO level 2 -- 19th ICLS (thousands)","SEX_T","Total","OC2_ISCO08_52","Occupation (ISCO-08), 2 digit level: 52 - Sales workers","2024Q1",1187.278,,,,,"I12:415","Frequency: Quarterly","R1:3513","Repository: ILO-STATISTICS - Micro data processing"
"FRA","France","BA:148","LFS - Employment Survey","EMP_5EMP_SEX_OC2_NB","Employment by sex and occupation - ISCO level 2 -- 19th ICLS (thousands)","SEX_T","Total","OC2_ISCO08_53","Occupation (ISCO-08), 2 digit level: 53 - Personal care workers","2024Q1",1427.735,,,,,"I12:415","Frequency: Quarterly","R1:3513","Repository: ILO-STATISTICS - Micro data processing"
"FRA","France","BA:148","LFS - Employment Survey","EMP_5EMP_SEX_OC2_NB","Employment by sex and occupation - ISCO level 2 -- 19th ICLS (thousands)","SEX_T","Total","OC2_ISCO08_54","Occupation (ISCO-08), 2 digit level: 54 - Protective services workers","2024Q1",452.463,,,,,"I12:415","Frequency: Quarterly","R1:3513","Repository: ILO-STATISTICS - Micro data processing"
"FRA","France","BA:148","LFS - Employment Survey","EMP_5EMP_SEX_OC2_NB","Employment by sex and occupation - ISCO level 2 -- 19th ICLS (thousands)","SEX_T","Total","OC2_ISCO08_61","Occupation (ISCO-08), 2 digit level: 61 - Market-oriented skilled agricultural workers","2024Q1",669.752,,,,,"I12:415","Frequency: Quarterly","R1:3513","Repository: ILO-STATISTICS - Micro data processing"
"FRA","France","BA:148","LFS - Employment Survey","EMP_5EMP_SEX_OC2_NB","Employment by sex and occupation - ISCO level 2 -- 19th ICLS (thousands)","SEX_T","Total","OC2_ISCO08_62","Occupation (ISCO-08), 2 digit level: 62 - Market-oriented skilled forestry, fishery and hunting workers","2024Q1",42.164,,,,,"I12:415","Frequency: Quarterly","R1:3513","Repository: ILO-STATISTICS - Micro data processing"
"FRA","France","BA:148","LFS - Employment Survey","EMP_5EMP_SEX_OC2_NB","Employment by sex and occupation - ISCO level 2 -- 19th ICLS (thousands)","SEX_T","Total","OC2_ISCO08_71","Occupation (ISCO-08), 2 digit level: 71 - Building and related trades workers, excluding electricians","2024Q1",990.676,,,,,"I12:415","Frequency: Quarterly","R1:3513","Repository: ILO-STATISTICS - Micro data processing"
"FRA","France","BA:148","LFS - Employment Survey","EMP_5EMP_SEX_OC2_NB","Employment by sex and occupation - ISCO level 2 -- 19th ICLS (thousands)","SEX_T","Total","OC2_ISCO08_72","Occupation (ISCO-08), 2 digit level: 72 - Metal, machinery and related trades workers","2024Q1",828.46,,,,,"I12:415","Frequency: Quarterly","R1:3513","Repository: ILO-STATISTICS - Micro data processing"
"FRA","France","BA:148","LFS - Employment Survey","EMP_5EMP_SEX_OC2_NB","Employment by sex and occupation - ISCO level 2 -- 19th ICLS (thousands)","SEX_T","Total","OC2_ISCO08_73","Occupation (ISCO-08), 2 digit level: 73 - Handicraft and printing workers","2024Q1",125.828,,,,,"I12:415","Frequency: Quarterly","R1:3513","Repository: ILO-STATISTICS - Micro data processing"
"FRA","France","BA:148","LFS - Employment Survey","EMP_5EMP_SEX_OC2_NB","Employment by sex and occupation - ISCO level 2 -- 19th ICLS (thousands)","SEX_T","Total","OC2_ISCO08_74","Occupation (ISCO-08), 2 digit level: 74 - Electrical and electronic trades workers","2024Q1",295.694,,,,,"I12:415","Frequency: Quarterly","R1:3513","Repository: ILO-STATISTICS - Micro data processing"
"FRA","France","BA:148","LFS - Employment Survey","EMP_5EMP_SEX_OC2_NB","Employment by sex and occupation - ISCO level 2 -- 19th ICLS (thousands)","SEX_T","Total","OC2_ISCO08_75","Occupation (ISCO-08), 2 digit level: 75 - Food processing, wood working, garment and other craft and related trades workers","2024Q1",463.373,,,,,"I12:415","Frequency: Quarterly","R1:3513","Repository: ILO-STATISTICS - Micro data processing"
"FRA","France","BA:148","LFS - Employment Survey","EMP_5EMP_SEX_OC2_NB","Employment by sex and occupation - ISCO level 2 -- 19th ICLS (thousands)","SEX_T","Total","OC2_ISCO08_81","Occupation (ISCO-08), 2 digit level: 81 - Stationary plant and machine operators","2024Q1",581.513,,,,,"I12:415","Frequency: Quarterly","R1:3513","Repository: ILO-STATISTICS - Micro data processing"
"FRA","France","BA:148","LFS - Employment Survey","EMP_5EMP_SEX_OC2_NB","Employment by sex and occupation - ISCO level 2 -- 19th ICLS (thousands)","SEX_T","Total","OC2_ISCO08_82","Occupation (ISCO-08), 2 digit level: 82 - Assemblers","2024Q1",133.629,,,,,"I12:415","Frequency: Quarterly","R1:3513","Repository: ILO-STATISTICS - Micro data processing"
"FRA","France","BA:148","LFS - Employment Survey","EMP_5EMP_SEX_OC2_NB","Employment by sex and occupation - ISCO level 2 -- 19th ICLS (thousands)","SEX_T","Total","OC2_ISCO08_83","Occupation (ISCO-08), 2 digit level: 83 - Drivers and mobile plant operators","2024Q1",1115.908,,,,,"I12:415","Frequency: Quarterly","R1:3513","Repository: ILO-STATISTICS - Micro data processing"
"FRA","France","BA:148","LFS - Employment Survey","EMP_5EMP_SEX_OC2_NB","Employment by sex and occupation - ISCO level 2 -- 19th ICLS (thousands)","SEX_T","Total","OC2_ISCO08_91","Occupation (ISCO-08), 2 digit level: 91 - Cleaners and helpers","2024Q1",1108.188,,,,,"I12:415","Frequency: Quarterly","R1:3513","Repository: ILO-STATISTICS - Micro data processing"
"FRA","France","BA:148","LFS - Employment Survey","EMP_5EMP_SEX_OC2_NB","Employment by sex and occupation - ISCO level 2 -- 19th ICLS (thousands)","SEX_T","Total","OC2_ISCO08_92","Occupation (ISCO-08), 2 digit level: 92 - Agricultural, forestry and fishery labourers","2024Q1",143.859,,,,,"I12:415","Frequency: Quarterly","R1:3513","Repository: ILO-STATISTICS - Micro data processing"
"FRA","France","BA:148","LFS - Employment Survey","EMP_5EMP_SEX_OC2_NB","Employment by sex and occupation - ISCO level 2 -- 19th ICLS (thousands)","SEX_T","Total","OC2_ISCO08_93","Occupation (ISCO-08), 2 digit level: 93 - Labourers in mining, construction, manufacturing and transport","2024Q1",674.715,,,,,"I12:415","Frequency: Quarterly","R1:3513","Repository: ILO-STATISTICS - Micro data processing"
"FRA","France","BA:148","LFS - Employment Survey","EMP_5EMP_SEX_OC2_NB","Employment by sex and occupation - ISCO level 2 -- 19th ICLS (thousands)","SEX_T","Total","OC2_ISCO08_94","Occupation (ISCO-08), 2 digit level: 94 - Food preparation assistants","2024Q1",241.778,,,,,"I12:415","Frequency: Quarterly","R1:3513","Repository: ILO-STATISTICS - Micro data processing"
"FRA","France","BA:148","LFS - Employment Survey","EMP_5EMP_SEX_OC2_NB","Employment by sex and occupation - ISCO level 2 -- 19th ICLS (thousands)","SEX_T","Total","OC2_ISCO08_96","Occupation (ISCO-08), 2 digit level: 96 - Refuse workers and other elementary workers","2024Q1",233.221,,,,,"I12:415","Frequency: Quarterly","R1:3513","Repository: ILO-STATISTICS - Micro data processing"
"FRA","France","BA:148","LFS - Employment Survey","EMP_5EMP_SEX_OC2_NB","Employment by sex and occupation - ISCO level 2 -- 19th ICLS (thousands)","SEX_T","Total","OC2_ISCO08_X","Occupation (ISCO-08), 2 digit level: X - Not elsewhere classified","2024Q1",219.446,,,,,"I12:415","Frequency: Quarterly","R1:3513","Repository: ILO-STATISTICS - Micro data processing"
"FRA","France","BA:148","LFS - Employment Survey","EMP_5EMP_SEX_OC2_NB","Employment by sex and occupation - ISCO level 2 -- 19th ICLS (thousands)","SEX_M","Male","OC2_ISCO08_TOTAL","Occupation (ISCO-08), 2 digit level: Total","2024Q1",14722.259,,,,,"I12:415","Frequency: Quarterly","R1:3513","Repository: ILO-STATISTICS - Micro data processing"
"FRA","France","BA:148","LFS - Employment Survey","EMP_5EMP_SEX_OC2_NB","Employment by sex and occupation - ISCO level 2 -- 19th ICLS (thousands)","SEX_M","Male","OC2_ISCO08_01","Occupation (ISCO-08), 2 digit level: 01 - Commissioned armed forces officers","2024Q1",39.529,,,,,"I12:415","Frequency: Quarterly","R1:3513","Repository: ILO-STATISTICS - Micro data processing"
"FRA","France","BA:148","LFS - Employment Survey","EMP_5EMP_SEX_OC2_NB","Employment by sex and occupation - ISCO level 2 -- 19th ICLS (thousands)","SEX_M","Male","OC2_ISCO08_02","Occupation (ISCO-08), 2 digit level: 02 - Non-commissioned armed forces officers","2024Q1",67.411,,,,,"I12:415","Frequency: Quarterly","R1:3513","Repository: ILO-STATISTICS - Micro data processing"
"FRA","France","BA:148","LFS - Employment Survey","EMP_5EMP_SEX_OC2_NB","Employment by sex and occupation - ISCO level 2 -- 19th ICLS (thousands)","SEX_M","Male","OC2_ISCO08_03","Occupation (ISCO-08), 2 digit level: 03 - Armed forces occupations, other ranks","2024Q1",48.11,,,,,"I12:415","Frequency: Quarterly","R1:3513","Repository: ILO-STATISTICS - Micro data processing"
"FRA","France","BA:148","LFS - Employment Survey","EMP_5EMP_SEX_OC2_NB","Employment by sex and occupation - ISCO level 2 -- 19th ICLS (thousands)","SEX_M","Male","OC2_ISCO08_11","Occupation (ISCO-08), 2 digit level: 11 - Chief executives, senior officials and legislators","2024Q1",170.014,,,,,"I12:415","Frequency: Quarterly","R1:3513","Repository: ILO-STATISTICS - Micro data processing"
"FRA","France","BA:148","LFS - Employment Survey","EMP_5EMP_SEX_OC2_NB","Employment by sex and occupation - ISCO level 2 -- 19th ICLS (thousands)","SEX_M","Male","OC2_ISCO08_12","Occupation (ISCO-08), 2 digit level: 12 - Administrative and commercial managers","2024Q1",320.261,,,,,"I12:415","Frequency: Quarterly","R1:3513","Repository: ILO-STATISTICS - Micro data processing"
"FRA","France","BA:148","LFS - Employment Survey","EMP_5EMP_SEX_OC2_NB","Employment by sex and occupation - ISCO level 2 -- 19th ICLS (thousands)","SEX_M","Male","OC2_ISCO08_13","Occupation (ISCO-08), 2 digit level: 13 - Production and specialised services managers","2024Q1",488.667,,,,,"I12:415","Frequency: Quarterly","R1:3513","Repository: ILO-STATISTICS - Micro data processing"
"FRA","France","BA:148","LFS - Employment Survey","EMP_5EMP_SEX_OC2_NB","Employment by sex and occupation - ISCO level 2 -- 19th ICLS (thousands)","SEX_M","Male","OC2_ISCO08_14","Occupation (ISCO-08), 2 digit level: 14 - Hospitality, retail and other services managers","2024Q1",300.511,,,,,"I12:415","Frequency: Quarterly","R1:3513","Repository: ILO-STATISTICS - Micro data processing"
"FRA","France","BA:148","LFS - Employment Survey","EMP_5EMP_SEX_OC2_NB","Employment by sex and occupation - ISCO level 2 -- 19th ICLS (thousands)","SEX_M","Male","OC2_ISCO08_21","Occupation (ISCO-08), 2 digit level: 21 - Science and engineering professionals","2024Q1",851.239,,,,,"I12:415","Frequency: Quarterly","R1:3513","Repository: ILO-STATISTICS - Micro data processing"
"FRA","France","BA:148","LFS - Employment Survey","EMP_5EMP_SEX_OC2_NB","Employment by sex and occupation - ISCO level 2 -- 19th ICLS (thousands)","SEX_M","Male","OC2_ISCO08_22","Occupation (ISCO-08), 2 digit level: 22 - Health professionals","2024Q1",344.168,,,,,"I12:415","Frequency: Quarterly","R1:3513","Repository: ILO-STATISTICS - Micro data processing"
"FRA","France","BA:148","LFS - Employment Survey","EMP_5EMP_SEX_OC2_NB","Employment by sex and occupation - ISCO level 2 -- 19th ICLS (thousands)","SEX_M","Male","OC2_ISCO08_23","Occupation (ISCO-08), 2 digit level: 23 - Teaching professionals","2024Q1",457.28,,,,,"I12:415","Frequency: Quarterly","R1:3513","Repository: ILO-STATISTICS - Micro data processing"
"FRA","France","BA:148","LFS - Employment Survey","EMP_5EMP_SEX_OC2_NB","Employment by sex and occupation - ISCO level 2 -- 19th ICLS (thousands)","SEX_M","Male","OC2_ISCO08_24","Occupation (ISCO-08), 2 digit level: 24 - Business and administration professionals","2024Q1",826.578,,,,,"I12:415","Frequency: Quarterly","R1:3513","Repository: ILO-STATISTICS - Micro data processing"
"FRA","France","BA:148","LFS - Employment Survey","EMP_5EMP_SEX_OC2_NB","Employment by sex and occupation - ISCO level 2 -- 19th ICLS (thousands)","SEX_M","Male","OC2_ISCO08_25","Occupation (ISCO-08), 2 digit level: 25 - Information and communications technology professionals","2024Q1",738.611,,,,,"I12:415","Frequency: Quarterly","R1:3513","Repository: ILO-STATISTICS - Micro data processing"
"FRA","France","BA:148","LFS - Employment Survey","EMP_5EMP_SEX_OC2_NB","Employment by sex and occupation - ISCO level 2 -- 19th ICLS (thousands)","SEX_M","Male","OC2_ISCO08_26","Occupation (ISCO-08), 2 digit level: 26 - Legal, social and cultural professionals","2024Q1",291.758,,,,,"I12:415","Frequency: Quarterly","R1:3513","Repository: ILO-STATISTICS - Micro data processing"
"FRA","France","BA:148","LFS - Employment Survey","EMP_5EMP_SEX_OC2_NB","Employment by sex and occupation - ISCO level 2 -- 19th ICLS (thousands)","SEX_M","Male","OC2_ISCO08_31","Occupation (ISCO-08), 2 digit level: 31 - Science and engineering associate professionals","2024Q1",800.588,,,,,"I12:415","Frequency: Quarterly","R1:3513","Repository: ILO-STATISTICS - Micro data processing"
"FRA","France","BA:148","LFS - Employment Survey","EMP_5EMP_SEX_OC2_NB","Employment by sex and occupation - ISCO level 2 -- 19th ICLS (thousands)","SEX_M","Male","OC2_ISCO08_32","Occupation (ISCO-08), 2 digit level: 32 - Health associate professionals","2024Q1",214.892,,,,,"I12:415","Frequency: Quarterly","R1:3513","Repository: ILO-STATISTICS - Micro data processing"
"FRA","France","BA:148","LFS - Employment Survey","EMP_5EMP_SEX_OC2_NB","Employment by sex and occupation - ISCO level 2 -- 19th ICLS (thousands)","SEX_M","Male","OC2_ISCO08_33","Occupation (ISCO-08), 2 digit level: 33 - Business and administration associate professionals","2024Q1",680.777,,,,,"I12:415","Frequency: Quarterly","R1:3513","Repository: ILO-STATISTICS - Micro data processing"
"FRA","France","BA:148","LFS - Employment Survey","EMP_5EMP_SEX_OC2_NB","Employment by sex and occupation - ISCO level 2 -- 19th ICLS (thousands)","SEX_M","Male","OC2_ISCO08_34","Occupation (ISCO-08), 2 digit level: 34 - Legal, social, cultural and related associate professionals","2024Q1",376.533,,,,,"I12:415","Frequency: Quarterly","R1:3513","Repository: ILO-STATISTICS - Micro data processing"
"FRA","France","BA:148","LFS - Employment Survey","EMP_5EMP_SEX_OC2_NB","Employment by sex and occupation - ISCO level 2 -- 19th ICLS (thousands)","SEX_M","Male","OC2_ISCO08_35","Occupation (ISCO-08), 2 digit level: 35 - Information and communications technicians","2024Q1",183.994,,,,,"I12:415","Frequency: Quarterly","R1:3513","Repository: ILO-STATISTICS - Micro data processing"
"FRA","France","BA:148","LFS - Employment Survey","EMP_5EMP_SEX_OC2_NB","Employment by sex and occupation - ISCO level 2 -- 19th ICLS (thousands)","SEX_M","Male","OC2_ISCO08_41","Occupation (ISCO-08), 2 digit level: 41 - General and keyboard clerks","2024Q1",128.53,,,,,"I12:415","Frequency: Quarterly","R1:3513","Repository: ILO-STATISTICS - Micro data processing"
"FRA","France","BA:148","LFS - Employment Survey","EMP_5EMP_SEX_OC2_NB","Employment by sex and occupation - ISCO level 2 -- 19th ICLS (thousands)","SEX_M","Male","OC2_ISCO08_42","Occupation (ISCO-08), 2 digit level: 42 - Customer services clerks","2024Q1",82.807,,,,,"I12:415","Frequency: Quarterly","R1:3513","Repository: ILO-STATISTICS - Micro data processing"
"FRA","France","BA:148","LFS - Employment Survey","EMP_5EMP_SEX_OC2_NB","Employment by sex and occupation - ISCO level 2 -- 19th ICLS (thousands)","SEX_M","Male","OC2_ISCO08_43","Occupation (ISCO-08), 2 digit level: 43 - Numerical and material recording clerks","2024Q1",342.35,,,,,"I12:415","Frequency: Quarterly","R1:3513","Repository: ILO-STATISTICS - Micro data processing"
"FRA","France","BA:148","LFS - Employment Survey","EMP_5EMP_SEX_OC2_NB","Employment by sex and occupation - ISCO level 2 -- 19th ICLS (thousands)","SEX_M","Male","OC2_ISCO08_44","Occupation (ISCO-08), 2 digit level: 44 - Other clerical support workers","2024Q1",73.418,,,,,"I12:415","Frequency: Quarterly","R1:3513","Repository: ILO-STATISTICS - Micro data processing"
"FRA","France","BA:148","LFS - Employment Survey","EMP_5EMP_SEX_OC2_NB","Employment by sex and occupation - ISCO level 2 -- 19th ICLS (thousands)","SEX_M","Male","OC2_ISCO08_51","Occupation (ISCO-08), 2 digit level: 51 - Personal service workers","2024Q1",428.576,,,,,"I12:415","Frequency: Quarterly","R1:3513","Repository: ILO-STATISTICS - Micro data processing"
"FRA","France","BA:148","LFS - Employment Survey","EMP_5EMP_SEX_OC2_NB","Employment by sex and occupation - ISCO level 2 -- 19th ICLS (thousands)","SEX_M","Male","OC2_ISCO08_52","Occupation (ISCO-08), 2 digit level: 52 - Sales workers","2024Q1",430.179,,,,,"I12:415","Frequency: Quarterly","R1:3513","Repository: ILO-STATISTICS - Micro data processing"
"FRA","France","BA:148","LFS - Employment Survey","EMP_5EMP_SEX_OC2_NB","Employment by sex and occupation - ISCO level 2 -- 19th ICLS (thousands)","SEX_M","Male","OC2_ISCO08_53","Occupation (ISCO-08), 2 digit level: 53 - Personal care workers","2024Q1",104.562,,,,,"I12:415","Frequency: Quarterly","R1:3513","Repository: ILO-STATISTICS - Micro data processing"
"FRA","France","BA:148","LFS - Employment Survey","EMP_5EMP_SEX_OC2_NB","Employment by sex and occupation - ISCO level 2 -- 19th ICLS (thousands)","SEX_M","Male","OC2_ISCO08_54","Occupation (ISCO-08), 2 digit level: 54 - Protective services workers","2024Q1",357.628,,,,,"I12:415","Frequency: Quarterly","R1:3513","Repository: ILO-STATISTICS - Micro data processing"
"FRA","France","BA:148","LFS - Employment Survey","EMP_5EMP_SEX_OC2_NB","Employment by sex and occupation - ISCO level 2 -- 19th ICLS (thousands)","SEX_M","Male","OC2_ISCO08_61","Occupation (ISCO-08), 2 digit level: 61 - Market-oriented skilled agricultural workers","2024Q1",501.091,,,,,"I12:415","Frequency: Quarterly","R1:3513","Repository: ILO-STATISTICS - Micro data processing"
"FRA","France","BA:148","LFS - Employment Survey","EMP_5EMP_SEX_OC2_NB","Employment by sex and occupation - ISCO level 2 -- 19th ICLS (thousands)","SEX_M","Male","OC2_ISCO08_62","Occupation (ISCO-08), 2 digit level: 62 - Market-oriented skilled forestry, fishery and hunting workers","2024Q1",41.19,,,,,"I12:415","Frequency: Quarterly","R1:3513","Repository: ILO-STATISTICS - Micro data processing"
"FRA","France","BA:148","LFS - Employment Survey","EMP_5EMP_SEX_OC2_NB","Employment by sex and occupation - ISCO level 2 -- 19th ICLS (thousands)","SEX_M","Male","OC2_ISCO08_71","Occupation (ISCO-08), 2 digit level: 71 - Building and related trades workers, excluding electricians","2024Q1",966.204,,,,,"I12:415","Frequency: Quarterly","R1:3513","Repository: ILO-STATISTICS - Micro data processing"
"FRA","France","BA:148","LFS - Employment Survey","EMP_5EMP_SEX_OC2_NB","Employment by sex and occupation - ISCO level 2 -- 19th ICLS (thousands)","SEX_M","Male","OC2_ISCO08_72","Occupation (ISCO-08), 2 digit level: 72 - Metal, machinery and related trades workers","2024Q1",792.362,,,,,"I12:415","Frequency: Quarterly","R1:3513","Repository: ILO-STATISTICS - Micro data processing"
"FRA","France","BA:148","LFS - Employment Survey","EMP_5EMP_SEX_OC2_NB","Employment by sex and occupation - ISCO level 2 -- 19th ICLS (thousands)","SEX_M","Male","OC2_ISCO08_73","Occupation (ISCO-08), 2 digit level: 73 - Handicraft and printing workers","2024Q1",61.734,,,,,"I12:415","Frequency: Quarterly","R1:3513","Repository: ILO-STATISTICS - Micro data processing"
"FRA","France","BA:148","LFS - Employment Survey","EMP_5EMP_SEX_OC2_NB","Employment by sex and occupation - ISCO level 2 -- 19th ICLS (thousands)","SEX_M","Male","OC2_ISCO08_74","Occupation (ISCO-08), 2 digit level: 74 - Electrical and electronic trades workers","2024Q1",287.019,,,,,"I12:415","Frequency: Quarterly","R1:3513","Repository: ILO-STATISTICS - Micro data processing"
"FRA","France","BA:148","LFS - Employment Survey","EMP_5EMP_SEX_OC2_NB","Employment by sex and occupation - ISCO level 2 -- 19th ICLS (thousands)","SEX_M","Male","OC2_ISCO08_75","Occupation (ISCO-08), 2 digit level: 75 - Food processing, wood working, garment and other craft and related trades workers","2024Q1",310.648,,,,,"I12:415","Frequency: Quarterly","R1:3513","Repository: ILO-STATISTICS - Micro data processing"
"FRA","France","BA:148","LFS - Employment Survey","EMP_5EMP_SEX_OC2_NB","Employment by sex and occupation - ISCO level 2 -- 19th ICLS (thousands)","SEX_M","Male","OC2_ISCO08_81","Occupation (ISCO-08), 2 digit level: 81 - Stationary plant and machine operators","2024Q1",368.179,,,,,"I12:415","Frequency: Quarterly","R1:3513","Repository: ILO-STATISTICS - Micro data processing"
"FRA","France","BA:148","LFS - Employment Survey","EMP_5EMP_SEX_OC2_NB","Employment by sex and occupation - ISCO level 2 -- 19th ICLS (thousands)","SEX_M","Male","OC2_ISCO08_82","Occupation (ISCO-08), 2 digit level: 82 - Assemblers","2024Q1",102.591,,,,,"I12:415","Frequency: Quarterly","R1:3513","Repository: ILO-STATISTICS - Micro data processing"
"FRA","France","BA:148","LFS - Employment Survey","EMP_5EMP_SEX_OC2_NB","Employment by sex and occupation - ISCO level 2 -- 19th ICLS (thousands)","SEX_M","Male","OC2_ISCO08_83","Occupation (ISCO-08), 2 digit level: 83 - Drivers and mobile plant operators","2024Q1",1037.741,,,,,"I12:415","Frequency: Quarterly","R1:3513","Repository: ILO-STATISTICS - Micro data processing"
"FRA","France","BA:148","LFS - Employment Survey","EMP_5EMP_SEX_OC2_NB","Employment by sex and occupation - ISCO level 2 -- 19th ICLS (thousands)","SEX_M","Male","OC2_ISCO08_91","Occupation (ISCO-08), 2 digit level: 91 - Cleaners and helpers","2024Q1",169.514,,,,,"I12:415","Frequency: Quarterly","R1:3513","Repository: ILO-STATISTICS - Micro data processing"
"FRA","France","BA:148","LFS - Employment Survey","EMP_5EMP_SEX_OC2_NB","Employment by sex and occupation - ISCO level 2 -- 19th ICLS (thousands)","SEX_M","Male","OC2_ISCO08_92","Occupation (ISCO-08), 2 digit level: 92 - Agricultural, forestry and fishery labourers","2024Q1",123.911,,,,,"I12:415","Frequency: Quarterly","R1:3513","Repository: ILO-STATISTICS - Micro data processing"
"FRA","France","BA:148","LFS - Employment Survey","EMP_5EMP_SEX_OC2_NB","Employment by sex and occupation - ISCO level 2 -- 19th ICLS (thousands)","SEX_M","Male","OC2_ISCO08_93","Occupation (ISCO-08), 2 digit level: 93 - Labourers in mining, construction, manufacturing and transport","2024Q1",419.881,,,,,"I12:415","Frequency: Quarterly","R1:3513","Repository: ILO-STATISTICS - Micro data processing"
"FRA","France","BA:148","LFS - Employment Survey","EMP_5EMP_SEX_OC2_NB","Employment by sex and occupation - ISCO level 2 -- 19th ICLS (thousands)","SEX_M","Male","OC2_ISCO08_94","Occupation (ISCO-08), 2 digit level: 94 - Food preparation assistants","2024Q1",86.91,,,,,"I12:415","Frequency: Quarterly","R1:3513","Repository: ILO-STATISTICS - Micro data processing"
"FRA","France","BA:148","LFS - Employment Survey","EMP_5EMP_SEX_OC2_NB","Employment by sex and occupation - ISCO level 2 -- 19th ICLS (thousands)","SEX_M","Male","OC2_ISCO08_96","Occupation (ISCO-08), 2 digit level: 96 - Refuse workers and other elementary workers","2024Q1",190.338,,,,,"I12:415","Frequency: Quarterly","R1:3513","Repository: ILO-STATISTICS - Micro data processing"
"FRA","France","BA:148","LFS - Employment Survey","EMP_5EMP_SEX_OC2_NB","Employment by sex and occupation - ISCO level 2 -- 19th ICLS (thousands)","SEX_M","Male","OC2_ISCO08_X","Occupation (ISCO-08), 2 digit level: X - Not elsewhere classified","2024Q1",113.98,,,,,"I12:415","Frequency: Quarterly","R1:3513","Repository: ILO-STATISTICS - Micro data processing"
"FRA","France","BA:148","LFS - Employment Survey","EMP_5EMP_SEX_OC2_NB","Employment by sex and occupation - ISCO level 2 -- 19th ICLS (thousands)","SEX_F","Female","OC2_ISCO08_TOTAL","Occupation (ISCO-08), 2 digit level: Total","2024Q1",14082.422,,,,,"I12:415","Frequency: Quarterly","R1:3513","Repository: ILO-STATISTICS - Micro data processing"
"FRA","France","BA:148","LFS - Employment Survey","EMP_5EMP_SEX_OC2_NB","Employment by sex and occupation - ISCO level 2 -- 19th ICLS (thousands)","SEX_F","Female","OC2_ISCO08_01","Occupation (ISCO-08), 2 digit level: 01 - Commissioned armed forces officers","2024Q1",11.18,,,,,"I12:415","Frequency: Quarterly","R1:3513","Repository: ILO-STATISTICS - Micro data processing"
"FRA","France","BA:148","LFS - Employment Survey","EMP_5EMP_SEX_OC2_NB","Employment by sex and occupation - ISCO level 2 -- 19th ICLS (thousands)","SEX_F","Female","OC2_ISCO08_02","Occupation (ISCO-08), 2 digit level: 02 - Non-commissioned armed forces officers","2024Q1",17.084,,,,,"I12:415","Frequency: Quarterly","R1:3513","Repository: ILO-STATISTICS - Micro data processing"
"FRA","France","BA:148","LFS - Employment Survey","EMP_5EMP_SEX_OC2_NB","Employment by sex and occupation - ISCO level 2 -- 19th ICLS (thousands)","SEX_F","Female","OC2_ISCO08_03","Occupation (ISCO-08), 2 digit level: 03 - Armed forces occupations, other ranks","2024Q1",9.884,"U","Unreliable",,,"I12:415","Frequency: Quarterly","R1:3513","Repository: ILO-STATISTICS - Micro data processing"
"FRA","France","BA:148","LFS - Employment Survey","EMP_5EMP_SEX_OC2_NB","Employment by sex and occupation - ISCO level 2 -- 19th ICLS (thousands)","SEX_F","Female","OC2_ISCO08_11","Occupation (ISCO-08), 2 digit level: 11 - Chief executives, senior officials and legislators","2024Q1",73.737,,,,,"I12:415","Frequency: Quarterly","R1:3513","Repository: ILO-STATISTICS - Micro data processing"
"FRA","France","BA:148","LFS - Employment Survey","EMP_5EMP_SEX_OC2_NB","Employment by sex and occupation - ISCO level 2 -- 19th ICLS (thousands)","SEX_F","Female","OC2_ISCO08_12","Occupation (ISCO-08), 2 digit level: 12 - Administrative and commercial managers","2024Q1",335.708,,,,,"I12:415","Frequency: Quarterly","R1:3513","Repository: ILO-STATISTICS - Micro data processing"
"FRA","France","BA:148","LFS - Employment Survey","EMP_5EMP_SEX_OC2_NB","Employment by sex and occupation - ISCO level 2 -- 19th ICLS (thousands)","SEX_F","Female","OC2_ISCO08_13","Occupation (ISCO-08), 2 digit level: 13 - Production and specialised services managers","2024Q1",215.121,,,,,"I12:415","Frequency: Quarterly","R1:3513","Repository: ILO-STATISTICS - Micro data processing"
"FRA","France","BA:148","LFS - Employment Survey","EMP_5EMP_SEX_OC2_NB","Employment by sex and occupation - ISCO level 2 -- 19th ICLS (thousands)","SEX_F","Female","OC2_ISCO08_14","Occupation (ISCO-08), 2 digit level: 14 - Hospitality, retail and other services managers","2024Q1",203.254,,,,,"I12:415","Frequency: Quarterly","R1:3513","Repository: ILO-STATISTICS - Micro data processing"
"FRA","France","BA:148","LFS - Employment Survey","EMP_5EMP_SEX_OC2_NB","Employment by sex and occupation - ISCO level 2 -- 19th ICLS (thousands)","SEX_F","Female","OC2_ISCO08_21","Occupation (ISCO-08), 2 digit level: 21 - Science and engineering professionals","2024Q1",480.141,,,,,"I12:415","Frequency: Quarterly","R1:3513","Repository: ILO-STATISTICS - Micro data processing"
"FRA","France","BA:148","LFS - Employment Survey","EMP_5EMP_SEX_OC2_NB","Employment by sex and occupation - ISCO level 2 -- 19th ICLS (thousands)","SEX_F","Female","OC2_ISCO08_22","Occupation (ISCO-08), 2 digit level: 22 - Health professionals","2024Q1",567.975,,,,,"I12:415","Frequency: Quarterly","R1:3513","Repository: ILO-STATISTICS - Micro data processing"
"FRA","France","BA:148","LFS - Employment Survey","EMP_5EMP_SEX_OC2_NB","Employment by sex and occupation - ISCO level 2 -- 19th ICLS (thousands)","SEX_F","Female","OC2_ISCO08_23","Occupation (ISCO-08), 2 digit level: 23 - Teaching professionals","2024Q1",888.03,,,,,"I12:415","Frequency: Quarterly","R1:3513","Repository: ILO-STATISTICS - Micro data processing"
"FRA","France","BA:148","LFS - Employment Survey","EMP_5EMP_SEX_OC2_NB","Employment by sex and occupation - ISCO level 2 -- 19th ICLS (thousands)","SEX_F","Female","OC2_ISCO08_24","Occupation (ISCO-08), 2 digit level: 24 - Business and administration professionals","2024Q1",841.013,,,,,"I12:415","Frequency: Quarterly","R1:3513","Repository: ILO-STATISTICS - Micro data processing"
"FRA","France","BA:148","LFS - Employment Survey","EMP_5EMP_SEX_OC2_NB","Employment by sex and occupation - ISCO level 2 -- 19th ICLS (thousands)","SEX_F","Female","OC2_ISCO08_25","Occupation (ISCO-08), 2 digit level: 25 - Information and communications technology professionals","2024Q1",147.969,,,,,"I12:415","Frequency: Quarterly","R1:3513","Repository: ILO-STATISTICS - Micro data processing"
"FRA","France","BA:148","LFS - Employment Survey","EMP_5EMP_SEX_OC2_NB","Employment by sex and occupation - ISCO level 2 -- 19th ICLS (thousands)","SEX_F","Female","OC2_ISCO08_26","Occupation (ISCO-08), 2 digit level: 26 - Legal, social and cultural professionals","2024Q1",589.743,,,,,"I12:415","Frequency: Quarterly","R1:3513","Repository: ILO-STATISTICS - Micro data processing"
"FRA","France","BA:148","LFS - Employment Survey","EMP_5EMP_SEX_OC2_NB","Employment by sex and occupation - ISCO level 2 -- 19th ICLS (thousands)","SEX_F","Female","OC2_ISCO08_31","Occupation (ISCO-08), 2 digit level: 31 - Science and engineering associate professionals","2024Q1",167.921,,,,,"I12:415","Frequency: Quarterly","R1:3513","Repository: ILO-STATISTICS - Micro data processing"
"FRA","France","BA:148","LFS - Employment Survey","EMP_5EMP_SEX_OC2_NB","Employment by sex and occupation - ISCO level 2 -- 19th ICLS (thousands)","SEX_F","Female","OC2_ISCO08_32","Occupation (ISCO-08), 2 digit level: 32 - Health associate professionals","2024Q1",772.05,,,,,"I12:415","Frequency: Quarterly","R1:3513","Repository: ILO-STATISTICS - Micro data processing"
"FRA","France","BA:148","LFS - Employment Survey","EMP_5EMP_SEX_OC2_NB","Employment by sex and occupation - ISCO level 2 -- 19th ICLS (thousands)","SEX_F","Female","OC2_ISCO08_33","Occupation (ISCO-08), 2 digit level: 33 - Business and administration associate professionals","2024Q1",1342.905,,,,,"I12:415","Frequency: Quarterly","R1:3513","Repository: ILO-STATISTICS - Micro data processing"
"FRA","France","BA:148","LFS - Employment Survey","EMP_5EMP_SEX_OC2_NB","Employment by sex and occupation - ISCO level 2 -- 19th ICLS (thousands)","SEX_F","Female","OC2_ISCO08_34","Occupation (ISCO-08), 2 digit level: 34 - Legal, social, cultural and related associate professionals","2024Q1",662.49,,,,,"I12:415","Frequency: Quarterly","R1:3513","Repository: ILO-STATISTICS - Micro data processing"
"FRA","France","BA:148","LFS - Employment Survey","EMP_5EMP_SEX_OC2_NB","Employment by sex and occupation - ISCO level 2 -- 19th ICLS (thousands)","SEX_F","Female","OC2_ISCO08_35","Occupation (ISCO-08), 2 digit level: 35 - Information and communications technicians","2024Q1",33.058,,,,,"I12:415","Frequency: Quarterly","R1:3513","Repository: ILO-STATISTICS - Micro data processing"
"FRA","France","BA:148","LFS - Employment Survey","EMP_5EMP_SEX_OC2_NB","Employment by sex and occupation - ISCO level 2 -- 19th ICLS (thousands)","SEX_F","Female","OC2_ISCO08_41","Occupation (ISCO-08), 2 digit level: 41 - General and keyboard clerks","2024Q1",861.462,,,,,"I12:415","Frequency: Quarterly","R1:3513","Repository: ILO-STATISTICS - Micro data processing"
"FRA","France","BA:148","LFS - Employment Survey","EMP_5EMP_SEX_OC2_NB","Employment by sex and occupation - ISCO level 2 -- 19th ICLS (thousands)","SEX_F","Female","OC2_ISCO08_42","Occupation (ISCO-08), 2 digit level: 42 - Customer services clerks","2024Q1",229.018,,,,,"I12:415","Frequency: Quarterly","R1:3513","Repository: ILO-STATISTICS - Micro data processing"
"FRA","France","BA:148","LFS - Employment Survey","EMP_5EMP_SEX_OC2_NB","Employment by sex and occupation - ISCO level 2 -- 19th ICLS (thousands)","SEX_F","Female","OC2_ISCO08_43","Occupation (ISCO-08), 2 digit level: 43 - Numerical and material recording clerks","2024Q1",388.028,,,,,"I12:415","Frequency: Quarterly","R1:3513","Repository: ILO-STATISTICS - Micro data processing"
"FRA","France","BA:148","LFS - Employment Survey","EMP_5EMP_SEX_OC2_NB","Employment by sex and occupation - ISCO level 2 -- 19th ICLS (thousands)","SEX_F","Female","OC2_ISCO08_44","Occupation (ISCO-08), 2 digit level: 44 - Other clerical support workers","2024Q1",180.54,,,,,"I12:415","Frequency: Quarterly","R1:3513","Repository: ILO-STATISTICS - Micro data processing"
"FRA","France","BA:148","LFS - Employment Survey","EMP_5EMP_SEX_OC2_NB","Employment by sex and occupation - ISCO level 2 -- 19th ICLS (thousands)","SEX_F","Female","OC2_ISCO08_51","Occupation (ISCO-08), 2 digit level: 51 - Personal service workers","2024Q1",594.095,,,,,"I12:415","Frequency: Quarterly","R1:3513","Repository: ILO-STATISTICS - Micro data processing"
"FRA","France","BA:148","LFS - Employment Survey","EMP_5EMP_SEX_OC2_NB","Employment by sex and occupation - ISCO level 2 -- 19th ICLS (thousands)","SEX_F","Female","OC2_ISCO08_52","Occupation (ISCO-08), 2 digit level: 52 - Sales workers","2024Q1",757.098,,,,,"I12:415","Frequency: Quarterly","R1:3513","Repository: ILO-STATISTICS - Micro data processing"
"FRA","France","BA:148","LFS - Employment Survey","EMP_5EMP_SEX_OC2_NB","Employment by sex and occupation - ISCO level 2 -- 19th ICLS (thousands)","SEX_F","Female","OC2_ISCO08_53","Occupation (ISCO-08), 2 digit level: 53 - Personal care workers","2024Q1",1323.173,,,,,"I12:415","Frequency: Quarterly","R1:3513","Repository: ILO-STATISTICS - Micro data processing"
"FRA","France","BA:148","LFS - Employment Survey","EMP_5EMP_SEX_OC2_NB","Employment by sex and occupation - ISCO level 2 -- 19th ICLS (thousands)","SEX_F","Female","OC2_ISCO08_54","Occupation (ISCO-08), 2 digit level: 54 - Protective services workers","2024Q1",94.836,,,,,"I12:415","Frequency: Quarterly","R1:3513","Repository: ILO-STATISTICS - Micro data processing"
"FRA","France","BA:148","LFS - Employment Survey","EMP_5EMP_SEX_OC2_NB","Employment by sex and occupation - ISCO level 2 -- 19th ICLS (thousands)","SEX_F","Female","OC2_ISCO08_61","Occupation (ISCO-08), 2 digit level: 61 - Market-oriented skilled agricultural workers","2024Q1",168.661,,,,,"I12:415","Frequency: Quarterly","R1:3513","Repository: ILO-STATISTICS - Micro data processing"
"FRA","France","BA:148","LFS - Employment Survey","EMP_5EMP_SEX_OC2_NB","Employment by sex and occupation - ISCO level 2 -- 19th ICLS (thousands)","SEX_F","Female","OC2_ISCO08_62","Occupation (ISCO-08), 2 digit level: 62 - Market-oriented skilled forestry, fishery and hunting workers","2024Q1",,"U","Unreliable",,,"I12:415","Frequency: Quarterly","R1:3513","Repository: ILO-STATISTICS - Micro data processing"
"FRA","France","BA:148","LFS - Employment Survey","EMP_5EMP_SEX_OC2_NB","Employment by sex and occupation - ISCO level 2 -- 19th ICLS (thousands)","SEX_F","Female","OC2_ISCO08_71","Occupation (ISCO-08), 2 digit level: 71 - Building and related trades workers, excluding electricians","2024Q1",24.472,,,,,"I12:415","Frequency: Quarterly","R1:3513","Repository: ILO-STATISTICS - Micro data processing"
"FRA","France","BA:148","LFS - Employment Survey","EMP_5EMP_SEX_OC2_NB","Employment by sex and occupation - ISCO level 2 -- 19th ICLS (thousands)","SEX_F","Female","OC2_ISCO08_72","Occupation (ISCO-08), 2 digit level: 72 - Metal, machinery and related trades workers","2024Q1",36.098,,,,,"I12:415","Frequency: Quarterly","R1:3513","Repository: ILO-STATISTICS - Micro data processing"
"FRA","France","BA:148","LFS - Employment Survey","EMP_5EMP_SEX_OC2_NB","Employment by sex and occupation - ISCO level 2 -- 19th ICLS (thousands)","SEX_F","Female","OC2_ISCO08_73","Occupation (ISCO-08), 2 digit level: 73 - Handicraft and printing workers","2024Q1",64.094,,,,,"I12:415","Frequency: Quarterly","R1:3513","Repository: ILO-STATISTICS - Micro data processing"
"FRA","France","BA:148","LFS - Employment Survey","EMP_5EMP_SEX_OC2_NB","Employment by sex and occupation - ISCO level 2 -- 19th ICLS (thousands)","SEX_F","Female","OC2_ISCO08_74","Occupation (ISCO-08), 2 digit level: 74 - Electrical and electronic trades workers","2024Q1",8.675,"U","Unreliable",,,"I12:415","Frequency: Quarterly","R1:3513","Repository: ILO-STATISTICS - Micro data processing"
"FRA","France","BA:148","LFS - Employment Survey","EMP_5EMP_SEX_OC2_NB","Employment by sex and occupation - ISCO level 2 -- 19th ICLS (thousands)","SEX_F","Female","OC2_ISCO08_75","Occupation (ISCO-08), 2 digit level: 75 - Food processing, wood working, garment and other craft and related trades workers","2024Q1",152.725,,,,,"I12:415","Frequency: Quarterly","R1:3513","Repository: ILO-STATISTICS - Micro data processing"
"FRA","France","BA:148","LFS - Employment Survey","EMP_5EMP_SEX_OC2_NB","Employment by sex and occupation - ISCO level 2 -- 19th ICLS (thousands)","SEX_F","Female","OC2_ISCO08_81","Occupation (ISCO-08), 2 digit level: 81 - Stationary plant and machine operators","2024Q1",213.333,,,,,"I12:415","Frequency: Quarterly","R1:3513","Repository: ILO-STATISTICS - Micro data processing"
"FRA","France","BA:148","LFS - Employment Survey","EMP_5EMP_SEX_OC2_NB","Employment by sex and occupation - ISCO level 2 -- 19th ICLS (thousands)","SEX_F","Female","OC2_ISCO08_82","Occupation (ISCO-08), 2 digit level: 82 - Assemblers","2024Q1",31.038,,,,,"I12:415","Frequency: Quarterly","R1:3513","Repository: ILO-STATISTICS - Micro data processing"
"FRA","France","BA:148","LFS - Employment Survey","EMP_5EMP_SEX_OC2_NB","Employment by sex and occupation - ISCO level 2 -- 19th ICLS (thousands)","SEX_F","Female","OC2_ISCO08_83","Occupation (ISCO-08), 2 digit level: 83 - Drivers and mobile plant operators","2024Q1",78.167,,,,,"I12:415","Frequency: Quarterly","R1:3513","Repository: ILO-STATISTICS - Micro data processing"
"FRA","France","BA:148","LFS - Employment Survey","EMP_5EMP_SEX_OC2_NB","Employment by sex and occupation - ISCO level 2 -- 19th ICLS (thousands)","SEX_F","Female","OC2_ISCO08_91","Occupation (ISCO-08), 2 digit level: 91 - Cleaners and helpers","2024Q1",938.674,,,,,"I12:415","Frequency: Quarterly","R1:3513","Repository: ILO-STATISTICS - Micro data processing"
"FRA","France","BA:148","LFS - Employment Survey","EMP_5EMP_SEX_OC2_NB","Employment by sex and occupation - ISCO level 2 -- 19th ICLS (thousands)","SEX_F","Female","OC2_ISCO08_92","Occupation (ISCO-08), 2 digit level: 92 - Agricultural, forestry and fishery labourers","2024Q1",19.948,,,,,"I12:415","Frequency: Quarterly","R1:3513","Repository: ILO-STATISTICS - Micro data processing"
"FRA","France","BA:148","LFS - Employment Survey","EMP_5EMP_SEX_OC2_NB","Employment by sex and occupation - ISCO level 2 -- 19th ICLS (thousands)","SEX_F","Female","OC2_ISCO08_93","Occupation (ISCO-08), 2 digit level: 93 - Labourers in mining, construction, manufacturing and transport","2024Q1",254.834,,,,,"I12:415","Frequency: Quarterly","R1:3513","Repository: ILO-STATISTICS - Micro data processing"
"FRA","France","BA:148","LFS - Employment Survey","EMP_5EMP_SEX_OC2_NB","Employment by sex and occupation - ISCO level 2 -- 19th ICLS (thousands)","SEX_F","Female","OC2_ISCO08_94","Occupation (ISCO-08), 2 digit level: 94 - Food preparation assistants","2024Q1",154.868,,,,,"I12:415","Frequency: Quarterly","R1:3513","Repository: ILO-STATISTICS - Micro data processing"
"FRA","France","BA:148","LFS - Employment Survey","EMP_5EMP_SEX_OC2_NB","Employment by sex and occupation - ISCO level 2 -- 19th ICLS (thousands)","SEX_F","Female","OC2_ISCO08_96","Occupation (ISCO-08), 2 digit level: 96 - Refuse workers and other elementary workers","2024Q1",42.883,,,,,"I12:415","Frequency: Quarterly","R1:3513","Repository: ILO-STATISTICS - Micro data processing"
"FRA","France","BA:148","LFS - Employment Survey","EMP_5EMP_SEX_OC2_NB","Employment by sex and occupation - ISCO level 2 -- 19th ICLS (thousands)","SEX_F","Female","OC2_ISCO08_X","Occupation (ISCO-08), 2 digit level: X - Not elsewhere classified","2024Q1",105.466,,,,,"I12:415","Frequency: Quarterly","R1:3513","Repository: ILO-STATISTICS - Micro data processing"
"FRA","France","BA:148","LFS - Employment Survey","EMP_5EMP_SEX_OC2_NB","Employment by sex and occupation - ISCO level 2 -- 19th ICLS (thousands)","SEX_T","Total","OC2_ISCO08_TOTAL","Occupation (ISCO-08), 2 digit level: Total","2023Q4",28578.699,,,,,"I12:415","Frequency: Quarterly","R1:3513","Repository: ILO-STATISTICS - Micro data processing"
"FRA","France","BA:148","LFS - Employment Survey","EMP_5EMP_SEX_OC2_NB","Employment by sex and occupation - ISCO level 2 -- 19th ICLS (thousands)","SEX_T","Total","OC2_ISCO08_01","Occupation (ISCO-08), 2 digit level: 01 - Commissioned armed forces officers","2023Q4",40.346,,,,,"I12:415","Frequency: Quarterly","R1:3513","Repository: ILO-STATISTICS - Micro data processing"
"FRA","France","BA:148","LFS - Employment Survey","EMP_5EMP_SEX_OC2_NB","Employment by sex and occupation - ISCO level 2 -- 19th ICLS (thousands)","SEX_T","Total","OC2_ISCO08_02","Occupation (ISCO-08), 2 digit level: 02 - Non-commissioned armed forces officers","2023Q4",77.674,,,,,"I12:415","Frequency: Quarterly","R1:3513","Repository: ILO-STATISTICS - Micro data processing"
"FRA","France","BA:148","LFS - Employment Survey","EMP_5EMP_SEX_OC2_NB","Employment by sex and occupation - ISCO level 2 -- 19th ICLS (thousands)","SEX_T","Total","OC2_ISCO08_03","Occupation (ISCO-08), 2 digit level: 03 - Armed forces occupations, other ranks","2023Q4",69.056,,,,,"I12:415","Frequency: Quarterly","R1:3513","Repository: ILO-STATISTICS - Micro data processing"
"FRA","France","BA:148","LFS - Employment Survey","EMP_5EMP_SEX_OC2_NB","Employment by sex and occupation - ISCO level 2 -- 19th ICLS (thousands)","SEX_T","Total","OC2_ISCO08_11","Occupation (ISCO-08), 2 digit level: 11 - Chief executives, senior officials and legislators","2023Q4",241.088,,,,,"I12:415","Frequency: Quarterly","R1:3513","Repository: ILO-STATISTICS - Micro data processing"
"FRA","France","BA:148","LFS - Employment Survey","EMP_5EMP_SEX_OC2_NB","Employment by sex and occupation - ISCO level 2 -- 19th ICLS (thousands)","SEX_T","Total","OC2_ISCO08_12","Occupation (ISCO-08), 2 digit level: 12 - Administrative and commercial managers","2023Q4",624.144,,,,,"I12:415","Frequency: Quarterly","R1:3513","Repository: ILO-STATISTICS - Micro data processing"
"FRA","France","BA:148","LFS - Employment Survey","EMP_5EMP_SEX_OC2_NB","Employment by sex and occupation - ISCO level 2 -- 19th ICLS (thousands)","SEX_T","Total","OC2_ISCO08_13","Occupation (ISCO-08), 2 digit level: 13 - Production and specialised services managers","2023Q4",668.882,,,,,"I12:415","Frequency: Quarterly","R1:3513","Repository: ILO-STATISTICS - Micro data processing"
"FRA","France","BA:148","LFS - Employment Survey","EMP_5EMP_SEX_OC2_NB","Employment by sex and occupation - ISCO level 2 -- 19th ICLS (thousands)","SEX_T","Total","OC2_ISCO08_14","Occupation (ISCO-08), 2 digit level: 14 - Hospitality, retail and other services managers","2023Q4",516.292,,,,,"I12:415","Frequency: Quarterly","R1:3513","Repository: ILO-STATISTICS - Micro data processing"
"FRA","France","BA:148","LFS - Employment Survey","EMP_5EMP_SEX_OC2_NB","Employment by sex and occupation - ISCO level 2 -- 19th ICLS (thousands)","SEX_T","Total","OC2_ISCO08_21","Occupation (ISCO-08), 2 digit level: 21 - Science and engineering professionals","2023Q4",1290.88,,,,,"I12:415","Frequency: Quarterly","R1:3513","Repository: ILO-STATISTICS - Micro data processing"
"FRA","France","BA:148","LFS - Employment Survey","EMP_5EMP_SEX_OC2_NB","Employment by sex and occupation - ISCO level 2 -- 19th ICLS (thousands)","SEX_T","Total","OC2_ISCO08_22","Occupation (ISCO-08), 2 digit level: 22 - Health professionals","2023Q4",855.201,,,,,"I12:415","Frequency: Quarterly","R1:3513","Repository: ILO-STATISTICS - Micro data processing"
"FRA","France","BA:148","LFS - Employment Survey","EMP_5EMP_SEX_OC2_NB","Employment by sex and occupation - ISCO level 2 -- 19th ICLS (thousands)","SEX_T","Total","OC2_ISCO08_23","Occupation (ISCO-08), 2 digit level: 23 - Teaching professionals","2023Q4",1332.609,,,,,"I12:415","Frequency: Quarterly","R1:3513","Repository: ILO-STATISTICS - Micro data processing"
"FRA","France","BA:148","LFS - Employment Survey","EMP_5EMP_SEX_OC2_NB","Employment by sex and occupation - ISCO level 2 -- 19th ICLS (thousands)","SEX_T","Total","OC2_ISCO08_24","Occupation (ISCO-08), 2 digit level: 24 - Business and administration professionals","2023Q4",1738.334,,,,,"I12:415","Frequency: Quarterly","R1:3513","Repository: ILO-STATISTICS - Micro data processing"
"FRA","France","BA:148","LFS - Employment Survey","EMP_5EMP_SEX_OC2_NB","Employment by sex and occupation - ISCO level 2 -- 19th ICLS (thousands)","SEX_T","Total","OC2_ISCO08_25","Occupation (ISCO-08), 2 digit level: 25 - Information and communications technology professionals","2023Q4",851.657,,,,,"I12:415","Frequency: Quarterly","R1:3513","Repository: ILO-STATISTICS - Micro data processing"
"FRA","France","BA:148","LFS - Employment Survey","EMP_5EMP_SEX_OC2_NB","Employment by sex and occupation - ISCO level 2 -- 19th ICLS (thousands)","SEX_T","Total","OC2_ISCO08_26","Occupation (ISCO-08), 2 digit level: 26 - Legal, social and cultural professionals","2023Q4",850.584,,,,,"I12:415","Frequency: Quarterly","R1:3513","Repository: ILO-STATISTICS - Micro data processing"
"FRA","France","BA:148","LFS - Employment Survey","EMP_5EMP_SEX_OC2_NB","Employment by sex and occupation - ISCO level 2 -- 19th ICLS (thousands)","SEX_T","Total","OC2_ISCO08_31","Occupation (ISCO-08), 2 digit level: 31 - Science and engineering associate professionals","2023Q4",981.214,,,,,"I12:415","Frequency: Quarterly","R1:3513","Repository: ILO-STATISTICS - Micro data processing"
"FRA","France","BA:148","LFS - Employment Survey","EMP_5EMP_SEX_OC2_NB","Employment by sex and occupation - ISCO level 2 -- 19th ICLS (thousands)","SEX_T","Total","OC2_ISCO08_32","Occupation (ISCO-08), 2 digit level: 32 - Health associate professionals","2023Q4",1030.849,,,,,"I12:415","Frequency: Quarterly","R1:3513","Repository: ILO-STATISTICS - Micro data processing"
"FRA","France","BA:148","LFS - Employment Survey","EMP_5EMP_SEX_OC2_NB","Employment by sex and occupation - ISCO level 2 -- 19th ICLS (thousands)","SEX_T","Total","OC2_ISCO08_33","Occupation (ISCO-08), 2 digit level: 33 - Business and administration associate professionals","2023Q4",1995.074,,,,,"I12:415","Frequency: Quarterly","R1:3513","Repository: ILO-STATISTICS - Micro data processing"
"FRA","France","BA:148","LFS - Employment Survey","EMP_5EMP_SEX_OC2_NB","Employment by sex and occupation - ISCO level 2 -- 19th ICLS (thousands)","SEX_T","Total","OC2_ISCO08_34","Occupation (ISCO-08), 2 digit level: 34 - Legal, social, cultural and related associate professionals","2023Q4",1070.102,,,,,"I12:415","Frequency: Quarterly","R1:3513","Repository: ILO-STATISTICS - Micro data processing"
"FRA","France","BA:148","LFS - Employment Survey","EMP_5EMP_SEX_OC2_NB","Employment by sex and occupation - ISCO level 2 -- 19th ICLS (thousands)","SEX_T","Total","OC2_ISCO08_35","Occupation (ISCO-08), 2 digit level: 35 - Information and communications technicians","2023Q4",210.052,,,,,"I12:415","Frequency: Quarterly","R1:3513","Repository: ILO-STATISTICS - Micro data processing"
"FRA","France","BA:148","LFS - Employment Survey","EMP_5EMP_SEX_OC2_NB","Employment by sex and occupation - ISCO level 2 -- 19th ICLS (thousands)","SEX_T","Total","OC2_ISCO08_41","Occupation (ISCO-08), 2 digit level: 41 - General and keyboard clerks","2023Q4",982.758,,,,,"I12:415","Frequency: Quarterly","R1:3513","Repository: ILO-STATISTICS - Micro data processing"
"FRA","France","BA:148","LFS - Employment Survey","EMP_5EMP_SEX_OC2_NB","Employment by sex and occupation - ISCO level 2 -- 19th ICLS (thousands)","SEX_T","Total","OC2_ISCO08_42","Occupation (ISCO-08), 2 digit level: 42 - Customer services clerks","2023Q4",296.255,,,,,"I12:415","Frequency: Quarterly","R1:3513","Repository: ILO-STATISTICS - Micro data processing"
"FRA","France","BA:148","LFS - Employment Survey","EMP_5EMP_SEX_OC2_NB","Employment by sex and occupation - ISCO level 2 -- 19th ICLS (thousands)","SEX_T","Total","OC2_ISCO08_43","Occupation (ISCO-08), 2 digit level: 43 - Numerical and material recording clerks","2023Q4",728.081,,,,,"I12:415","Frequency: Quarterly","R1:3513","Repository: ILO-STATISTICS - Micro data processing"
"FRA","France","BA:148","LFS - Employment Survey","EMP_5EMP_SEX_OC2_NB","Employment by sex and occupation - ISCO level 2 -- 19th ICLS (thousands)","SEX_T","Total","OC2_ISCO08_44","Occupation (ISCO-08), 2 digit level: 44 - Other clerical support workers","2023Q4",265.584,,,,,"I12:415","Frequency: Quarterly","R1:3513","Repository: ILO-STATISTICS - Micro data processing"
"FRA","France","BA:148","LFS - Employment Survey","EMP_5EMP_SEX_OC2_NB","Employment by sex and occupation - ISCO level 2 -- 19th ICLS (thousands)","SEX_T","Total","OC2_ISCO08_51","Occupation (ISCO-08), 2 digit level: 51 - Personal service workers","2023Q4",1017.479,,,,,"I12:415","Frequency: Quarterly","R1:3513","Repository: ILO-STATISTICS - Micro data processing"
"FRA","France","BA:148","LFS - Employment Survey","EMP_5EMP_SEX_OC2_NB","Employment by sex and occupation - ISCO level 2 -- 19th ICLS (thousands)","SEX_T","Total","OC2_ISCO08_52","Occupation (ISCO-08), 2 digit level: 52 - Sales workers","2023Q4",1238.917,,,,,"I12:415","Frequency: Quarterly","R1:3513","Repository: ILO-STATISTICS - Micro data processing"
"FRA","France","BA:148","LFS - Employment Survey","EMP_5EMP_SEX_OC2_NB","Employment by sex and occupation - ISCO level 2 -- 19th ICLS (thousands)","SEX_T","Total","OC2_ISCO08_53","Occupation (ISCO-08), 2 digit level: 53 - Personal care workers","2023Q4",1375.638,,,,,"I12:415","Frequency: Quarterly","R1:3513","Repository: ILO-STATISTICS - Micro data processing"
"FRA","France","BA:148","LFS - Employment Survey","EMP_5EMP_SEX_OC2_NB","Employment by sex and occupation - ISCO level 2 -- 19th ICLS (thousands)","SEX_T","Total","OC2_ISCO08_54","Occupation (ISCO-08), 2 digit level: 54 - Protective services workers","2023Q4",441.322,,,,,"I12:415","Frequency: Quarterly","R1:3513","Repository: ILO-STATISTICS - Micro data processing"
"FRA","France","BA:148","LFS - Employment Survey","EMP_5EMP_SEX_OC2_NB","Employment by sex and occupation - ISCO level 2 -- 19th ICLS (thousands)","SEX_T","Total","OC2_ISCO08_61","Occupation (ISCO-08), 2 digit level: 61 - Market-oriented skilled agricultural workers","2023Q4",678.558,,,,,"I12:415","Frequency: Quarterly","R1:3513","Repository: ILO-STATISTICS - Micro data processing"
"FRA","France","BA:148","LFS - Employment Survey","EMP_5EMP_SEX_OC2_NB","Employment by sex and occupation - ISCO level 2 -- 19th ICLS (thousands)","SEX_T","Total","OC2_ISCO08_62","Occupation (ISCO-08), 2 digit level: 62 - Market-oriented skilled forestry, fishery and hunting workers","2023Q4",46.203,,,,,"I12:415","Frequency: Quarterly","R1:3513","Repository: ILO-STATISTICS - Micro data processing"
"FRA","France","BA:148","LFS - Employment Survey","EMP_5EMP_SEX_OC2_NB","Employment by sex and occupation - ISCO level 2 -- 19th ICLS (thousands)","SEX_T","Total","OC2_ISCO08_71","Occupation (ISCO-08), 2 digit level: 71 - Building and related trades workers, excluding electricians","2023Q4",985.697,,,,,"I12:415","Frequency: Quarterly","R1:3513","Repository: ILO-STATISTICS - Micro data processing"
"FRA","France","BA:148","LFS - Employment Survey","EMP_5EMP_SEX_OC2_NB","Employment by sex and occupation - ISCO level 2 -- 19th ICLS (thousands)","SEX_T","Total","OC2_ISCO08_72","Occupation (ISCO-08), 2 digit level: 72 - Metal, machinery and related trades workers","2023Q4",807.389,,,,,"I12:415","Frequency: Quarterly","R1:3513","Repository: ILO-STATISTICS - Micro data processing"
"FRA","France","BA:148","LFS - Employment Survey","EMP_5EMP_SEX_OC2_NB","Employment by sex and occupation - ISCO level 2 -- 19th ICLS (thousands)","SEX_T","Total","OC2_ISCO08_73","Occupation (ISCO-08), 2 digit level: 73 - Handicraft and printing workers","2023Q4",112.558,,,,,"I12:415","Frequency: Quarterly","R1:3513","Repository: ILO-STATISTICS - Micro data processing"
"FRA","France","BA:148","LFS - Employment Survey","EMP_5EMP_SEX_OC2_NB","Employment by sex and occupation - ISCO level 2 -- 19th ICLS (thousands)","SEX_T","Total","OC2_ISCO08_74","Occupation (ISCO-08), 2 digit level: 74 - Electrical and electronic trades workers","2023Q4",285.031,,,,,"I12:415","Frequency: Quarterly","R1:3513","Repository: ILO-STATISTICS - Micro data processing"
"FRA","France","BA:148","LFS - Employment Survey","EMP_5EMP_SEX_OC2_NB","Employment by sex and occupation - ISCO level 2 -- 19th ICLS (thousands)","SEX_T","Total","OC2_ISCO08_75","Occupation (ISCO-08), 2 digit level: 75 - Food processing, wood working, garment and other craft and related trades workers","2023Q4",481.599,,,,,"I12:415","Frequency: Quarterly","R1:3513","Repository: ILO-STATISTICS - Micro data processing"
"FRA","France","BA:148","LFS - Employment Survey","EMP_5EMP_SEX_OC2_NB","Employment by sex and occupation - ISCO level 2 -- 19th ICLS (thousands)","SEX_T","Total","OC2_ISCO08_81","Occupation (ISCO-08), 2 digit level: 81 - Stationary plant and machine operators","2023Q4",583.949,,,,,"I12:415","Frequency: Quarterly","R1:3513","Repository: ILO-STATISTICS - Micro data processing"
"FRA","France","BA:148","LFS - Employment Survey","EMP_5EMP_SEX_OC2_NB","Employment by sex and occupation - ISCO level 2 -- 19th ICLS (thousands)","SEX_T","Total","OC2_ISCO08_82","Occupation (ISCO-08), 2 digit level: 82 - Assemblers","2023Q4",150.179,,,,,"I12:415","Frequency: Quarterly","R1:3513","Repository: ILO-STATISTICS - Micro data processing"
"FRA","France","BA:148","LFS - Employment Survey","EMP_5EMP_SEX_OC2_NB","Employment by sex and occupation - ISCO level 2 -- 19th ICLS (thousands)","SEX_T","Total","OC2_ISCO08_83","Occupation (ISCO-08), 2 digit level: 83 - Drivers and mobile plant operators","2023Q4",1080.829,,,,,"I12:415","Frequency: Quarterly","R1:3513","Repository: ILO-STATISTICS - Micro data processing"
"FRA","France","BA:148","LFS - Employment Survey","EMP_5EMP_SEX_OC2_NB","Employment by sex and occupation - ISCO level 2 -- 19th ICLS (thousands)","SEX_T","Total","OC2_ISCO08_91","Occupation (ISCO-08), 2 digit level: 91 - Cleaners and helpers","2023Q4",1143.906,,,,,"I12:415","Frequency: Quarterly","R1:3513","Repository: ILO-STATISTICS - Micro data processing"
"FRA","France","BA:148","LFS - Employment Survey","EMP_5EMP_SEX_OC2_NB","Employment by sex and occupation - ISCO level 2 -- 19th ICLS (thousands)","SEX_T","Total","OC2_ISCO08_92","Occupation (ISCO-08), 2 digit level: 92 - Agricultural, forestry and fishery labourers","2023Q4",155.436,,,,,"I12:415","Frequency: Quarterly","R1:3513","Repository: ILO-STATISTICS - Micro data processing"
"FRA","France","BA:148","LFS - Employment Survey","EMP_5EMP_SEX_OC2_NB","Employment by sex and occupation - ISCO level 2 -- 19th ICLS (thousands)","SEX_T","Total","OC2_ISCO08_93","Occupation (ISCO-08), 2 digit level: 93 - Labourers in mining, construction, manufacturing and transport","2023Q4",647.285,,,,,"I12:415","Frequency: Quarterly","R1:3513","Repository: ILO-STATISTICS - Micro data processing"
"FRA","France","BA:148","LFS - Employment Survey","EMP_5EMP_SEX_OC2_NB","Employment by sex and occupation - ISCO level 2 -- 19th ICLS (thousands)","SEX_T","Total","OC2_ISCO08_94","Occupation (ISCO-08), 2 digit level: 94 - Food preparation assistants","2023Q4",229.55,,,,,"I12:415","Frequency: Quarterly","R1:3513","Repository: ILO-STATISTICS - Micro data processing"
"FRA","France","BA:148","LFS - Employment Survey","EMP_5EMP_SEX_OC2_NB","Employment by sex and occupation - ISCO level 2 -- 19th ICLS (thousands)","SEX_T","Total","OC2_ISCO08_96","Occupation (ISCO-08), 2 digit level: 96 - Refuse workers and other elementary workers","2023Q4",246.142,,,,,"I12:415","Frequency: Quarterly","R1:3513","Repository: ILO-STATISTICS - Micro data processing"
"FRA","France","BA:148","LFS - Employment Survey","EMP_5EMP_SEX_OC2_NB","Employment by sex and occupation - ISCO level 2 -- 19th ICLS (thousands)","SEX_T","Total","OC2_ISCO08_X","Occupation (ISCO-08), 2 digit level: X - Not elsewhere classified","2023Q4",154.313,,,,,"I12:415","Frequency: Quarterly","R1:3513","Repository: ILO-STATISTICS - Micro data processing"
"FRA","France","BA:148","LFS - Employment Survey","EMP_5EMP_SEX_OC2_NB","Employment by sex and occupation - ISCO level 2 -- 19th ICLS (thousands)","SEX_M","Male","OC2_ISCO08_TOTAL","Occupation (ISCO-08), 2 digit level: Total","2023Q4",14556.486,,,,,"I12:415","Frequency: Quarterly","R1:3513","Repository: ILO-STATISTICS - Micro data processing"
"FRA","France","BA:148","LFS - Employment Survey","EMP_5EMP_SEX_OC2_NB","Employment by sex and occupation - ISCO level 2 -- 19th ICLS (thousands)","SEX_M","Male","OC2_ISCO08_01","Occupation (ISCO-08), 2 digit level: 01 - Commissioned armed forces officers","2023Q4",30.275,,,,,"I12:415","Frequency: Quarterly","R1:3513","Repository: ILO-STATISTICS - Micro data processing"
"FRA","France","BA:148","LFS - Employment Survey","EMP_5EMP_SEX_OC2_NB","Employment by sex and occupation - ISCO level 2 -- 19th ICLS (thousands)","SEX_M","Male","OC2_ISCO08_02","Occupation (ISCO-08), 2 digit level: 02 - Non-commissioned armed forces officers","2023Q4",64.222,,,,,"I12:415","Frequency: Quarterly","R1:3513","Repository: ILO-STATISTICS - Micro data processing"
"FRA","France","BA:148","LFS - Employment Survey","EMP_5EMP_SEX_OC2_NB","Employment by sex and occupation - ISCO level 2 -- 19th ICLS (thousands)","SEX_M","Male","OC2_ISCO08_03","Occupation (ISCO-08), 2 digit level: 03 - Armed forces occupations, other ranks","2023Q4",60.737,,,,,"I12:415","Frequency: Quarterly","R1:3513","Repository: ILO-STATISTICS - Micro data processing"
"FRA","France","BA:148","LFS - Employment Survey","EMP_5EMP_SEX_OC2_NB","Employment by sex and occupation - ISCO level 2 -- 19th ICLS (thousands)","SEX_M","Male","OC2_ISCO08_11","Occupation (ISCO-08), 2 digit level: 11 - Chief executives, senior officials and legislators","2023Q4",171.374,,,,,"I12:415","Frequency: Quarterly","R1:3513","Repository: ILO-STATISTICS - Micro data processing"
"FRA","France","BA:148","LFS - Employment Survey","EMP_5EMP_SEX_OC2_NB","Employment by sex and occupation - ISCO level 2 -- 19th ICLS (thousands)","SEX_M","Male","OC2_ISCO08_12","Occupation (ISCO-08), 2 digit level: 12 - Administrative and commercial managers","2023Q4",294.65,,,,,"I12:415","Frequency: Quarterly","R1:3513","Repository: ILO-STATISTICS - Micro data processing"
"FRA","France","BA:148","LFS - Employment Survey","EMP_5EMP_SEX_OC2_NB","Employment by sex and occupation - ISCO level 2 -- 19th ICLS (thousands)","SEX_M","Male","OC2_ISCO08_13","Occupation (ISCO-08), 2 digit level: 13 - Production and specialised services managers","2023Q4",475.991,,,,,"I12:415","Frequency: Quarterly","R1:3513","Repository: ILO-STATISTICS - Micro data processing"
"FRA","France","BA:148","LFS - Employment Survey","EMP_5EMP_SEX_OC2_NB","Employment by sex and occupation - ISCO level 2 -- 19th ICLS (thousands)","SEX_M","Male","OC2_ISCO08_14","Occupation (ISCO-08), 2 digit level: 14 - Hospitality, retail and other services managers","2023Q4",312.176,,,,,"I12:415","Frequency: Quarterly","R1:3513","Repository: ILO-STATISTICS - Micro data processing"
"FRA","France","BA:148","LFS - Employment Survey","EMP_5EMP_SEX_OC2_NB","Employment by sex and occupation - ISCO level 2 -- 19th ICLS (thousands)","SEX_M","Male","OC2_ISCO08_21","Occupation (ISCO-08), 2 digit level: 21 - Science and engineering professionals","2023Q4",813.254,,,,,"I12:415","Frequency: Quarterly","R1:3513","Repository: ILO-STATISTICS - Micro data processing"
"FRA","France","BA:148","LFS - Employment Survey","EMP_5EMP_SEX_OC2_NB","Employment by sex and occupation - ISCO level 2 -- 19th ICLS (thousands)","SEX_M","Male","OC2_ISCO08_22","Occupation (ISCO-08), 2 digit level: 22 - Health professionals","2023Q4",310.877,,,,,"I12:415","Frequency: Quarterly","R1:3513","Repository: ILO-STATISTICS - Micro data processing"
"FRA","France","BA:148","LFS - Employment Survey","EMP_5EMP_SEX_OC2_NB","Employment by sex and occupation - ISCO level 2 -- 19th ICLS (thousands)","SEX_M","Male","OC2_ISCO08_23","Occupation (ISCO-08), 2 digit level: 23 - Teaching professionals","2023Q4",455.374,,,,,"I12:415","Frequency: Quarterly","R1:3513","Repository: ILO-STATISTICS - Micro data processing"
"FRA","France","BA:148","LFS - Employment Survey","EMP_5EMP_SEX_OC2_NB","Employment by sex and occupation - ISCO level 2 -- 19th ICLS (thousands)","SEX_M","Male","OC2_ISCO08_24","Occupation (ISCO-08), 2 digit level: 24 - Business and administration professionals","2023Q4",860.685,,,,,"I12:415","Frequency: Quarterly","R1:3513","Repository: ILO-STATISTICS - Micro data processing"
"FRA","France","BA:148","LFS - Employment Survey","EMP_5EMP_SEX_OC2_NB","Employment by sex and occupation - ISCO level 2 -- 19th ICLS (thousands)","SEX_M","Male","OC2_ISCO08_25","Occupation (ISCO-08), 2 digit level: 25 - Information and communications technology professionals","2023Q4",710.874,,,,,"I12:415","Frequency: Quarterly","R1:3513","Repository: ILO-STATISTICS - Micro data processing"
"FRA","France","BA:148","LFS - Employment Survey","EMP_5EMP_SEX_OC2_NB","Employment by sex and occupation - ISCO level 2 -- 19th ICLS (thousands)","SEX_M","Male","OC2_ISCO08_26","Occupation (ISCO-08), 2 digit level: 26 - Legal, social and cultural professionals","2023Q4",284.058,,,,,"I12:415","Frequency: Quarterly","R1:3513","Repository: ILO-STATISTICS - Micro data processing"
"FRA","France","BA:148","LFS - Employment Survey","EMP_5EMP_SEX_OC2_NB","Employment by sex and occupation - ISCO level 2 -- 19th ICLS (thousands)","SEX_M","Male","OC2_ISCO08_31","Occupation (ISCO-08), 2 digit level: 31 - Science and engineering associate professionals","2023Q4",804.508,,,,,"I12:415","Frequency: Quarterly","R1:3513","Repository: ILO-STATISTICS - Micro data processing"
"FRA","France","BA:148","LFS - Employment Survey","EMP_5EMP_SEX_OC2_NB","Employment by sex and occupation - ISCO level 2 -- 19th ICLS (thousands)","SEX_M","Male","OC2_ISCO08_32","Occupation (ISCO-08), 2 digit level: 32 - Health associate professionals","2023Q4",234.976,,,,,"I12:415","Frequency: Quarterly","R1:3513","Repository: ILO-STATISTICS - Micro data processing"
"FRA","France","BA:148","LFS - Employment Survey","EMP_5EMP_SEX_OC2_NB","Employment by sex and occupation - ISCO level 2 -- 19th ICLS (thousands)","SEX_M","Male","OC2_ISCO08_33","Occupation (ISCO-08), 2 digit level: 33 - Business and administration associate professionals","2023Q4",650.568,,,,,"I12:415","Frequency: Quarterly","R1:3513","Repository: ILO-STATISTICS - Micro data processing"
"FRA","France","BA:148","LFS - Employment Survey","EMP_5EMP_SEX_OC2_NB","Employment by sex and occupation - ISCO level 2 -- 19th ICLS (thousands)","SEX_M","Male","OC2_ISCO08_34","Occupation (ISCO-08), 2 digit level: 34 - Legal, social, cultural and related associate professionals","2023Q4",374.399,,,,,"I12:415","Frequency: Quarterly","R1:3513","Repository: ILO-STATISTICS - Micro data processing"
"FRA","France","BA:148","LFS - Employment Survey","EMP_5EMP_SEX_OC2_NB","Employment by sex and occupation - ISCO level 2 -- 19th ICLS (thousands)","SEX_M","Male","OC2_ISCO08_35","Occupation (ISCO-08), 2 digit level: 35 - Information and communications technicians","2023Q4",179.209,,,,,"I12:415","Frequency: Quarterly","R1:3513","Repository: ILO-STATISTICS - Micro data processing"
"FRA","France","BA:148","LFS - Employment Survey","EMP_5EMP_SEX_OC2_NB","Employment by sex and occupation - ISCO level 2 -- 19th ICLS (thousands)","SEX_M","Male","OC2_ISCO08_41","Occupation (ISCO-08), 2 digit level: 41 - General and keyboard clerks","2023Q4",145.587,,,,,"I12:415","Frequency: Quarterly","R1:3513","Repository: ILO-STATISTICS - Micro data processing"
"FRA","France","BA:148","LFS - Employment Survey","EMP_5EMP_SEX_OC2_NB","Employment by sex and occupation - ISCO level 2 -- 19th ICLS (thousands)","SEX_M","Male","OC2_ISCO08_42","Occupation (ISCO-08), 2 digit level: 42 - Customer services clerks","2023Q4",75.149,,,,,"I12:415","Frequency: Quarterly","R1:3513","Repository: ILO-STATISTICS - Micro data processing"
"FRA","France","BA:148","LFS - Employment Survey","EMP_5EMP_SEX_OC2_NB","Employment by sex and occupation - ISCO level 2 -- 19th ICLS (thousands)","SEX_M","Male","OC2_ISCO08_43","Occupation (ISCO-08), 2 digit level: 43 - Numerical and material recording clerks","2023Q4",330.238,,,,,"I12:415","Frequency: Quarterly","R1:3513","Repository: ILO-STATISTICS - Micro data processing"
"FRA","France","BA:148","LFS - Employment Survey","EMP_5EMP_SEX_OC2_NB","Employment by sex and occupation - ISCO level 2 -- 19th ICLS (thousands)","SEX_M","Male","OC2_ISCO08_44","Occupation (ISCO-08), 2 digit level: 44 - Other clerical support workers","2023Q4",80.37,,,,,"I12:415","Frequency: Quarterly","R1:3513","Repository: ILO-STATISTICS - Micro data processing"
"FRA","France","BA:148","LFS - Employment Survey","EMP_5EMP_SEX_OC2_NB","Employment by sex and occupation - ISCO level 2 -- 19th ICLS (thousands)","SEX_M","Male","OC2_ISCO08_51","Occupation (ISCO-08), 2 digit level: 51 - Personal service workers","2023Q4",450.303,,,,,"I12:415","Frequency: Quarterly","R1:3513","Repository: ILO-STATISTICS - Micro data processing"
"FRA","France","BA:148","LFS - Employment Survey","EMP_5EMP_SEX_OC2_NB","Employment by sex and occupation - ISCO level 2 -- 19th ICLS (thousands)","SEX_M","Male","OC2_ISCO08_52","Occupation (ISCO-08), 2 digit level: 52 - Sales workers","2023Q4",431.974,,,,,"I12:415","Frequency: Quarterly","R1:3513","Repository: ILO-STATISTICS - Micro data processing"
"FRA","France","BA:148","LFS - Employment Survey","EMP_5EMP_SEX_OC2_NB","Employment by sex and occupation - ISCO level 2 -- 19th ICLS (thousands)","SEX_M","Male","OC2_ISCO08_53","Occupation (ISCO-08), 2 digit level: 53 - Personal care workers","2023Q4",94.959,,,,,"I12:415","Frequency: Quarterly","R1:3513","Repository: ILO-STATISTICS - Micro data processing"
"FRA","France","BA:148","LFS - Employment Survey","EMP_5EMP_SEX_OC2_NB","Employment by sex and occupation - ISCO level 2 -- 19th ICLS (thousands)","SEX_M","Male","OC2_ISCO08_54","Occupation (ISCO-08), 2 digit level: 54 - Protective services workers","2023Q4",344.854,,,,,"I12:415","Frequency: Quarterly","R1:3513","Repository: ILO-STATISTICS - Micro data processing"
"FRA","France","BA:148","LFS - Employment Survey","EMP_5EMP_SEX_OC2_NB","Employment by sex and occupation - ISCO level 2 -- 19th ICLS (thousands)","SEX_M","Male","OC2_ISCO08_61","Occupation (ISCO-08), 2 digit level: 61 - Market-oriented skilled agricultural workers","2023Q4",517.403,,,,,"I12:415","Frequency: Quarterly","R1:3513","Repository: ILO-STATISTICS - Micro data processing"
"FRA","France","BA:148","LFS - Employment Survey","EMP_5EMP_SEX_OC2_NB","Employment by sex and occupation - ISCO level 2 -- 19th ICLS (thousands)","SEX_M","Male","OC2_ISCO08_62","Occupation (ISCO-08), 2 digit level: 62 - Market-oriented skilled forestry, fishery and hunting workers","2023Q4",44.319,,,,,"I12:415","Frequency: Quarterly","R1:3513","Repository: ILO-STATISTICS - Micro data processing"
"FRA","France","BA:148","LFS - Employment Survey","EMP_5EMP_SEX_OC2_NB","Employment by sex and occupation - ISCO level 2 -- 19th ICLS (thousands)","SEX_M","Male","OC2_ISCO08_71","Occupation (ISCO-08), 2 digit level: 71 - Building and related trades workers, excluding electricians","2023Q4",958.454,,,,,"I12:415","Frequency: Quarterly","R1:3513","Repository: ILO-STATISTICS - Micro data processing"
"FRA","France","BA:148","LFS - Employment Survey","EMP_5EMP_SEX_OC2_NB","Employment by sex and occupation - ISCO level 2 -- 19th ICLS (thousands)","SEX_M","Male","OC2_ISCO08_72","Occupation (ISCO-08), 2 digit level: 72 - Metal, machinery and related trades workers","2023Q4",775.624,,,,,"I12:415","Frequency: Quarterly","R1:3513","Repository: ILO-STATISTICS - Micro data processing"
"FRA","France","BA:148","LFS - Employment Survey","EMP_5EMP_SEX_OC2_NB","Employment by sex and occupation - ISCO level 2 -- 19th ICLS (thousands)","SEX_M","Male","OC2_ISCO08_73","Occupation (ISCO-08), 2 digit level: 73 - Handicraft and printing workers","2023Q4",60.714,,,,,"I12:415","Frequency: Quarterly","R1:3513","Repository: ILO-STATISTICS - Micro data processing"
"FRA","France","BA:148","LFS - Employment Survey","EMP_5EMP_SEX_OC2_NB","Employment by sex and occupation - ISCO level 2 -- 19th ICLS (thousands)","SEX_M","Male","OC2_ISCO08_74","Occupation (ISCO-08), 2 digit level: 74 - Electrical and electronic trades workers","2023Q4",274.785,,,,,"I12:415","Frequency: Quarterly","R1:3513","Repository: ILO-STATISTICS - Micro data processing"
"FRA","France","BA:148","LFS - Employment Survey","EMP_5EMP_SEX_OC2_NB","Employment by sex and occupation - ISCO level 2 -- 19th ICLS (thousands)","SEX_M","Male","OC2_ISCO08_75","Occupation (ISCO-08), 2 digit level: 75 - Food processing, wood working, garment and other craft and related trades workers","2023Q4",331.675,,,,,"I12:415","Frequency: Quarterly","R1:3513","Repository: ILO-STATISTICS - Micro data processing"
"FRA","France","BA:148","LFS - Employment Survey","EMP_5EMP_SEX_OC2_NB","Employment by sex and occupation - ISCO level 2 -- 19th ICLS (thousands)","SEX_M","Male","OC2_ISCO08_81","Occupation (ISCO-08), 2 digit level: 81 - Stationary plant and machine operators","2023Q4",361.045,,,,,"I12:415","Frequency: Quarterly","R1:3513","Repository: ILO-STATISTICS - Micro data processing"
"FRA","France","BA:148","LFS - Employment Survey","EMP_5EMP_SEX_OC2_NB","Employment by sex and occupation - ISCO level 2 -- 19th ICLS (thousands)","SEX_M","Male","OC2_ISCO08_82","Occupation (ISCO-08), 2 digit level: 82 - Assemblers","2023Q4",112.545,,,,,"I12:415","Frequency: Quarterly","R1:3513","Repository: ILO-STATISTICS - Micro data processing"
"FRA","France","BA:148","LFS - Employment Survey","EMP_5EMP_SEX_OC2_NB","Employment by sex and occupation - ISCO level 2 -- 19th ICLS (thousands)","SEX_M","Male","OC2_ISCO08_83","Occupation (ISCO-08), 2 digit level: 83 - Drivers and mobile plant operators","2023Q4",1003.492,,,,,"I12:415","Frequency: Quarterly","R1:3513","Repository: ILO-STATISTICS - Micro data processing"
"FRA","France","BA:148","LFS - Employment Survey","EMP_5EMP_SEX_OC2_NB","Employment by sex and occupation - ISCO level 2 -- 19th ICLS (thousands)","SEX_M","Male","OC2_ISCO08_91","Occupation (ISCO-08), 2 digit level: 91 - Cleaners and helpers","2023Q4",188.039,,,,,"I12:415","Frequency: Quarterly","R1:3513","Repository: ILO-STATISTICS - Micro data processing"
"FRA","France","BA:148","LFS - Employment Survey","EMP_5EMP_SEX_OC2_NB","Employment by sex and occupation - ISCO level 2 -- 19th ICLS (thousands)","SEX_M","Male","OC2_ISCO08_92","Occupation (ISCO-08), 2 digit level: 92 - Agricultural, forestry and fishery labourers","2023Q4",129.597,,,,,"I12:415","Frequency: Quarterly","R1:3513","Repository: ILO-STATISTICS - Micro data processing"
"FRA","France","BA:148","LFS - Employment Survey","EMP_5EMP_SEX_OC2_NB","Employment by sex and occupation - ISCO level 2 -- 19th ICLS (thousands)","SEX_M","Male","OC2_ISCO08_93","Occupation (ISCO-08), 2 digit level: 93 - Labourers in mining, construction, manufacturing and transport","2023Q4",401.452,,,,,"I12:415","Frequency: Quarterly","R1:3513","Repository: ILO-STATISTICS - Micro data processing"
"FRA","France","BA:148","LFS - Employment Survey","EMP_5EMP_SEX_OC2_NB","Employment by sex and occupation - ISCO level 2 -- 19th ICLS (thousands)","SEX_M","Male","OC2_ISCO08_94","Occupation (ISCO-08), 2 digit level: 94 - Food preparation assistants","2023Q4",78.583,,,,,"I12:415","Frequency: Quarterly","R1:3513","Repository: ILO-STATISTICS - Micro data processing"
"FRA","France","BA:148","LFS - Employment Survey","EMP_5EMP_SEX_OC2_NB","Employment by sex and occupation - ISCO level 2 -- 19th ICLS (thousands)","SEX_M","Male","OC2_ISCO08_96","Occupation (ISCO-08), 2 digit level: 96 - Refuse workers and other elementary workers","2023Q4",197.359,,,,,"I12:415","Frequency: Quarterly","R1:3513","Repository: ILO-STATISTICS - Micro data processing"
"FRA","France","BA:148","LFS - Employment Survey","EMP_5EMP_SEX_OC2_NB","Employment by sex and occupation - ISCO level 2 -- 19th ICLS (thousands)","SEX_M","Male","OC2_ISCO08_X","Occupation (ISCO-08), 2 digit level: X - Not elsewhere classified","2023Q4",79.759,,,,,"I12:415","Frequency: Quarterly","R1:3513","Repository: ILO-STATISTICS - Micro data processing"
"FRA","France","BA:148","LFS - Employment Survey","EMP_5EMP_SEX_OC2_NB","Employment by sex and occupation - ISCO level 2 -- 19th ICLS (thousands)","SEX_F","Female","OC2_ISCO08_TOTAL","Occupation (ISCO-08), 2 digit level: Total","2023Q4",14022.214,,,,,"I12:415","Frequency: Quarterly","R1:3513","Repository: ILO-STATISTICS - Micro data processing"
"FRA","France","BA:148","LFS - Employment Survey","EMP_5EMP_SEX_OC2_NB","Employment by sex and occupation - ISCO level 2 -- 19th ICLS (thousands)","SEX_F","Female","OC2_ISCO08_01","Occupation (ISCO-08), 2 digit level: 01 - Commissioned armed forces officers","2023Q4",10.071,"U","Unreliable",,,"I12:415","Frequency: Quarterly","R1:3513","Repository: ILO-STATISTICS - Micro data processing"
"FRA","France","BA:148","LFS - Employment Survey","EMP_5EMP_SEX_OC2_NB","Employment by sex and occupation - ISCO level 2 -- 19th ICLS (thousands)","SEX_F","Female","OC2_ISCO08_02","Occupation (ISCO-08), 2 digit level: 02 - Non-commissioned armed forces officers","2023Q4",13.452,,,,,"I12:415","Frequency: Quarterly","R1:3513","Repository: ILO-STATISTICS - Micro data processing"
"FRA","France","BA:148","LFS - Employment Survey","EMP_5EMP_SEX_OC2_NB","Employment by sex and occupation - ISCO level 2 -- 19th ICLS (thousands)","SEX_F","Female","OC2_ISCO08_03","Occupation (ISCO-08), 2 digit level: 03 - Armed forces occupations, other ranks","2023Q4",8.319,"U","Unreliable",,,"I12:415","Frequency: Quarterly","R1:3513","Repository: ILO-STATISTICS - Micro data processing"
"FRA","France","BA:148","LFS - Employment Survey","EMP_5EMP_SEX_OC2_NB","Employment by sex and occupation - ISCO level 2 -- 19th ICLS (thousands)","SEX_F","Female","OC2_ISCO08_11","Occupation (ISCO-08), 2 digit level: 11 - Chief executives, senior officials and legislators","2023Q4",69.714,,,,,"I12:415","Frequency: Quarterly","R1:3513","Repository: ILO-STATISTICS - Micro data processing"
"FRA","France","BA:148","LFS - Employment Survey","EMP_5EMP_SEX_OC2_NB","Employment by sex and occupation - ISCO level 2 -- 19th ICLS (thousands)","SEX_F","Female","OC2_ISCO08_12","Occupation (ISCO-08), 2 digit level: 12 - Administrative and commercial managers","2023Q4",329.494,,,,,"I12:415","Frequency: Quarterly","R1:3513","Repository: ILO-STATISTICS - Micro data processing"
"FRA","France","BA:148","LFS - Employment Survey","EMP_5EMP_SEX_OC2_NB","Employment by sex and occupation - ISCO level 2 -- 19th ICLS (thousands)","SEX_F","Female","OC2_ISCO08_13","Occupation (ISCO-08), 2 digit level: 13 - Production and specialised services managers","2023Q4",192.891,,,,,"I12:415","Frequency: Quarterly","R1:3513","Repository: ILO-STATISTICS - Micro data processing"
"FRA","France","BA:148","LFS - Employment Survey","EMP_5EMP_SEX_OC2_NB","Employment by sex and occupation - ISCO level 2 -- 19th ICLS (thousands)","SEX_F","Female","OC2_ISCO08_14","Occupation (ISCO-08), 2 digit level: 14 - Hospitality, retail and other services managers","2023Q4",204.116,,,,,"I12:415","Frequency: Quarterly","R1:3513","Repository: ILO-STATISTICS - Micro data processing"
"FRA","France","BA:148","LFS - Employment Survey","EMP_5EMP_SEX_OC2_NB","Employment by sex and occupation - ISCO level 2 -- 19th ICLS (thousands)","SEX_F","Female","OC2_ISCO08_21","Occupation (ISCO-08), 2 digit level: 21 - Science and engineering professionals","2023Q4",477.626,,,,,"I12:415","Frequency: Quarterly","R1:3513","Repository: ILO-STATISTICS - Micro data processing"
"FRA","France","BA:148","LFS - Employment Survey","EMP_5EMP_SEX_OC2_NB","Employment by sex and occupation - ISCO level 2 -- 19th ICLS (thousands)","SEX_F","Female","OC2_ISCO08_22","Occupation (ISCO-08), 2 digit level: 22 - Health professionals","2023Q4",544.324,,,,,"I12:415","Frequency: Quarterly","R1:3513","Repository: ILO-STATISTICS - Micro data processing"
"FRA","France","BA:148","LFS - Employment Survey","EMP_5EMP_SEX_OC2_NB","Employment by sex and occupation - ISCO level 2 -- 19th ICLS (thousands)","SEX_F","Female","OC2_ISCO08_23","Occupation (ISCO-08), 2 digit level: 23 - Teaching professionals","2023Q4",877.235,,,,,"I12:415","Frequency: Quarterly","R1:3513","Repository: ILO-STATISTICS - Micro data processing"
"FRA","France","BA:148","LFS - Employment Survey","EMP_5EMP_SEX_OC2_NB","Employment by sex and occupation - ISCO level 2 -- 19th ICLS (thousands)","SEX_F","Female","OC2_ISCO08_24","Occupation (ISCO-08), 2 digit level: 24 - Business and administration professionals","2023Q4",877.649,,,,,"I12:415","Frequency: Quarterly","R1:3513","Repository: ILO-STATISTICS - Micro data processing"
"FRA","France","BA:148","LFS - Employment Survey","EMP_5EMP_SEX_OC2_NB","Employment by sex and occupation - ISCO level 2 -- 19th ICLS (thousands)","SEX_F","Female","OC2_ISCO08_25","Occupation (ISCO-08), 2 digit level: 25 - Information and communications technology professionals","2023Q4",140.783,,,,,"I12:415","Frequency: Quarterly","R1:3513","Repository: ILO-STATISTICS - Micro data processing"
"FRA","France","BA:148","LFS - Employment Survey","EMP_5EMP_SEX_OC2_NB","Employment by sex and occupation - ISCO level 2 -- 19th ICLS (thousands)","SEX_F","Female","OC2_ISCO08_26","Occupation (ISCO-08), 2 digit level: 26 - Legal, social and cultural professionals","2023Q4",566.526,,,,,"I12:415","Frequency: Quarterly","R1:3513","Repository: ILO-STATISTICS - Micro data processing"
"FRA","France","BA:148","LFS - Employment Survey","EMP_5EMP_SEX_OC2_NB","Employment by sex and occupation - ISCO level 2 -- 19th ICLS (thousands)","SEX_F","Female","OC2_ISCO08_31","Occupation (ISCO-08), 2 digit level: 31 - Science and engineering associate professionals","2023Q4",176.706,,,,,"I12:415","Frequency: Quarterly","R1:3513","Repository: ILO-STATISTICS - Micro data processing"
"FRA","France","BA:148","LFS - Employment Survey","EMP_5EMP_SEX_OC2_NB","Employment by sex and occupation - ISCO level 2 -- 19th ICLS (thousands)","SEX_F","Female","OC2_ISCO08_32","Occupation (ISCO-08), 2 digit level: 32 - Health associate professionals","2023Q4",795.873,,,,,"I12:415","Frequency: Quarterly","R1:3513","Repository: ILO-STATISTICS - Micro data processing"
"FRA","France","BA:148","LFS - Employment Survey","EMP_5EMP_SEX_OC2_NB","Employment by sex and occupation - ISCO level 2 -- 19th ICLS (thousands)","SEX_F","Female","OC2_ISCO08_33","Occupation (ISCO-08), 2 digit level: 33 - Business and administration associate professionals","2023Q4",1344.506,,,,,"I12:415","Frequency: Quarterly","R1:3513","Repository: ILO-STATISTICS - Micro data processing"
"FRA","France","BA:148","LFS - Employment Survey","EMP_5EMP_SEX_OC2_NB","Employment by sex and occupation - ISCO level 2 -- 19th ICLS (thousands)","SEX_F","Female","OC2_ISCO08_34","Occupation (ISCO-08), 2 digit level: 34 - Legal, social, cultural and related associate professionals","2023Q4",695.703,,,,,"I12:415","Frequency: Quarterly","R1:3513","Repository: ILO-STATISTICS - Micro data processing"
"FRA","France","BA:148","LFS - Employment Survey","EMP_5EMP_SEX_OC2_NB","Employment by sex and occupation - ISCO level 2 -- 19th ICLS (thousands)","SEX_F","Female","OC2_ISCO08_35","Occupation (ISCO-08), 2 digit level: 35 - Information and communications technicians","2023Q4",30.843,,,,,"I12:415","Frequency: Quarterly","R1:3513","Repository: ILO-STATISTICS - Micro data processing"
"FRA","France","BA:148","LFS - Employment Survey","EMP_5EMP_SEX_OC2_NB","Employment by sex and occupation - ISCO level 2 -- 19th ICLS (thousands)","SEX_F","Female","OC2_ISCO08_41","Occupation (ISCO-08), 2 digit level: 41 - General and keyboard clerks","2023Q4",837.172,,,,,"I12:415","Frequency: Quarterly","R1:3513","Repository: ILO-STATISTICS - Micro data processing"
"FRA","France","BA:148","LFS - Employment Survey","EMP_5EMP_SEX_OC2_NB","Employment by sex and occupation - ISCO level 2 -- 19th ICLS (thousands)","SEX_F","Female","OC2_ISCO08_42","Occupation (ISCO-08), 2 digit level: 42 - Customer services clerks","2023Q4",221.107,,,,,"I12:415","Frequency: Quarterly","R1:3513","Repository: ILO-STATISTICS - Micro data processing"
"FRA","France","BA:148","LFS - Employment Survey","EMP_5EMP_SEX_OC2_NB","Employment by sex and occupation - ISCO level 2 -- 19th ICLS (thousands)","SEX_F","Female","OC2_ISCO08_43","Occupation (ISCO-08), 2 digit level: 43 - Numerical and material recording clerks","2023Q4",397.844,,,,,"I12:415","Frequency: Quarterly","R1:3513","Repository: ILO-STATISTICS - Micro data processing"
"FRA","France","BA:148","LFS - Employment Survey","EMP_5EMP_SEX_OC2_NB","Employment by sex and occupation - ISCO level 2 -- 19th ICLS (thousands)","SEX_F","Female","OC2_ISCO08_44","Occupation (ISCO-08), 2 digit level: 44 - Other clerical support workers","2023Q4",185.214,,,,,"I12:415","Frequency: Quarterly","R1:3513","Repository: ILO-STATISTICS - Micro data processing"
"FRA","France","BA:148","LFS - Employment Survey","EMP_5EMP_SEX_OC2_NB","Employment by sex and occupation - ISCO level 2 -- 19th ICLS (thousands)","SEX_F","Female","OC2_ISCO08_51","Occupation (ISCO-08), 2 digit level: 51 - Personal service workers","2023Q4",567.176,,,,,"I12:415","Frequency: Quarterly","R1:3513","Repository: ILO-STATISTICS - Micro data processing"
"FRA","France","BA:148","LFS - Employment Survey","EMP_5EMP_SEX_OC2_NB","Employment by sex and occupation - ISCO level 2 -- 19th ICLS (thousands)","SEX_F","Female","OC2_ISCO08_52","Occupation (ISCO-08), 2 digit level: 52 - Sales workers","2023Q4",806.943,,,,,"I12:415","Frequency: Quarterly","R1:3513","Repository: ILO-STATISTICS - Micro data processing"
"FRA","France","BA:148","LFS - Employment Survey","EMP_5EMP_SEX_OC2_NB","Employment by sex and occupation - ISCO level 2 -- 19th ICLS (thousands)","SEX_F","Female","OC2_ISCO08_53","Occupation (ISCO-08), 2 digit level: 53 - Personal care workers","2023Q4",1280.679,,,,,"I12:415","Frequency: Quarterly","R1:3513","Repository: ILO-STATISTICS - Micro data processing"
"FRA","France","BA:148","LFS - Employment Survey","EMP_5EMP_SEX_OC2_NB","Employment by sex and occupation - ISCO level 2 -- 19th ICLS (thousands)","SEX_F","Female","OC2_ISCO08_54","Occupation (ISCO-08), 2 digit level: 54 - Protective services workers","2023Q4",96.468,,,,,"I12:415","Frequency: Quarterly","R1:3513","Repository: ILO-STATISTICS - Micro data processing"
"FRA","France","BA:148","LFS - Employment Survey","EMP_5EMP_SEX_OC2_NB","Employment by sex and occupation - ISCO level 2 -- 19th ICLS (thousands)","SEX_F","Female","OC2_ISCO08_61","Occupation (ISCO-08), 2 digit level: 61 - Market-oriented skilled agricultural workers","2023Q4",161.156,,,,,"I12:415","Frequency: Quarterly","R1:3513","Repository: ILO-STATISTICS - Micro data processing"
"FRA","France","BA:148","LFS - Employment Survey","EMP_5EMP_SEX_OC2_NB","Employment by sex and occupation - ISCO level 2 -- 19th ICLS (thousands)","SEX_F","Female","OC2_ISCO08_62","Occupation (ISCO-08), 2 digit level: 62 - Market-oriented skilled forestry, fishery and hunting workers","2023Q4",,"U","Unreliable",,,"I12:415","Frequency: Quarterly","R1:3513","Repository: ILO-STATISTICS - Micro data processing"
"FRA","France","BA:148","LFS - Employment Survey","EMP_5EMP_SEX_OC2_NB","Employment by sex and occupation - ISCO level 2 -- 19th ICLS (thousands)","SEX_F","Female","OC2_ISCO08_71","Occupation (ISCO-08), 2 digit level: 71 - Building and related trades workers, excluding electricians","2023Q4",27.244,,,,,"I12:415","Frequency: Quarterly","R1:3513","Repository: ILO-STATISTICS - Micro data processing"
"FRA","France","BA:148","LFS - Employment Survey","EMP_5EMP_SEX_OC2_NB","Employment by sex and occupation - ISCO level 2 -- 19th ICLS (thousands)","SEX_F","Female","OC2_ISCO08_72","Occupation (ISCO-08), 2 digit level: 72 - Metal, machinery and related trades workers","2023Q4",31.765,,,,,"I12:415","Frequency: Quarterly","R1:3513","Repository: ILO-STATISTICS - Micro data processing"
"FRA","France","BA:148","LFS - Employment Survey","EMP_5EMP_SEX_OC2_NB","Employment by sex and occupation - ISCO level 2 -- 19th ICLS (thousands)","SEX_F","Female","OC2_ISCO08_73","Occupation (ISCO-08), 2 digit level: 73 - Handicraft and printing workers","2023Q4",51.845,,,,,"I12:415","Frequency: Quarterly","R1:3513","Repository: ILO-STATISTICS - Micro data processing"
"FRA","France","BA:148","LFS - Employment Survey","EMP_5EMP_SEX_OC2_NB","Employment by sex and occupation - ISCO level 2 -- 19th ICLS (thousands)","SEX_F","Female","OC2_ISCO08_74","Occupation (ISCO-08), 2 digit level: 74 - Electrical and electronic trades workers","2023Q4",10.246,"U","Unreliable",,,"I12:415","Frequency: Quarterly","R1:3513","Repository: ILO-STATISTICS - Micro data processing"
"FRA","France","BA:148","LFS - Employment Survey","EMP_5EMP_SEX_OC2_NB","Employment by sex and occupation - ISCO level 2 -- 19th ICLS (thousands)","SEX_F","Female","OC2_ISCO08_75","Occupation (ISCO-08), 2 digit level: 75 - Food processing, wood working, garment and other craft and related trades workers","2023Q4",149.924,,,,,"I12:415","Frequency: Quarterly","R1:3513","Repository: ILO-STATISTICS - Micro data processing"
"FRA","France","BA:148","LFS - Employment Survey","EMP_5EMP_SEX_OC2_NB","Employment by sex and occupation - ISCO level 2 -- 19th ICLS (thousands)","SEX_F","Female","OC2_ISCO08_81","Occupation (ISCO-08), 2 digit level: 81 - Stationary plant and machine operators","2023Q4",222.904,,,,,"I12:415","Frequency: Quarterly","R1:3513","Repository: ILO-STATISTICS - Micro data processing"
"FRA","France","BA:148","LFS - Employment Survey","EMP_5EMP_SEX_OC2_NB","Employment by sex and occupation - ISCO level 2 -- 19th ICLS (thousands)","SEX_F","Female","OC2_ISCO08_82","Occupation (ISCO-08), 2 digit level: 82 - Assemblers","2023Q4",37.635,,,,,"I12:415","Frequency: Quarterly","R1:3513","Repository: ILO-STATISTICS - Micro data processing"
"FRA","France","BA:148","LFS - Employment Survey","EMP_5EMP_SEX_OC2_NB","Employment by sex and occupation - ISCO level 2 -- 19th ICLS (thousands)","SEX_F","Female","OC2_ISCO08_83","Occupation (ISCO-08), 2 digit level: 83 - Drivers and mobile plant operators","2023Q4",77.337,,,,,"I12:415","Frequency: Quarterly","R1:3513","Repository: ILO-STATISTICS - Micro data processing"
"FRA","France","BA:148","LFS - Employment Survey","EMP_5EMP_SEX_OC2_NB","Employment by sex and occupation - ISCO level 2 -- 19th ICLS (thousands)","SEX_F","Female","OC2_ISCO08_91","Occupation (ISCO-08), 2 digit level: 91 - Cleaners and helpers","2023Q4",955.867,,,,,"I12:415","Frequency: Quarterly","R1:3513","Repository: ILO-STATISTICS - Micro data processing"
"FRA","France","BA:148","LFS - Employment Survey","EMP_5EMP_SEX_OC2_NB","Employment by sex and occupation - ISCO level 2 -- 19th ICLS (thousands)","SEX_F","Female","OC2_ISCO08_92","Occupation (ISCO-08), 2 digit level: 92 - Agricultural, forestry and fishery labourers","2023Q4",25.839,,,,,"I12:415","Frequency: Quarterly","R1:3513","Repository: ILO-STATISTICS - Micro data processing"
"FRA","France","BA:148","LFS - Employment Survey","EMP_5EMP_SEX_OC2_NB","Employment by sex and occupation - ISCO level 2 -- 19th ICLS (thousands)","SEX_F","Female","OC2_ISCO08_93","Occupation (ISCO-08), 2 digit level: 93 - Labourers in mining, construction, manufacturing and transport","2023Q4",245.833,,,,,"I12:415","Frequency: Quarterly","R1:3513","Repository: ILO-STATISTICS - Micro data processing"
"FRA","France","BA:148","LFS - Employment Survey","EMP_5EMP_SEX_OC2_NB","Employment by sex and occupation - ISCO level 2 -- 19th ICLS (thousands)","SEX_F","Female","OC2_ISCO08_94","Occupation (ISCO-08), 2 digit level: 94 - Food preparation assistants","2023Q4",150.966,,,,,"I12:415","Frequency: Quarterly","R1:3513","Repository: ILO-STATISTICS - Micro data processing"
"FRA","France","BA:148","LFS - Employment Survey","EMP_5EMP_SEX_OC2_NB","Employment by sex and occupation - ISCO level 2 -- 19th ICLS (thousands)","SEX_F","Female","OC2_ISCO08_96","Occupation (ISCO-08), 2 digit level: 96 - Refuse workers and other elementary workers","2023Q4",48.783,,,,,"I12:415","Frequency: Quarterly","R1:3513","Repository: ILO-STATISTICS - Micro data processing"
"FRA","France","BA:148","LFS - Employment Survey","EMP_5EMP_SEX_OC2_NB","Employment by sex and occupation - ISCO level 2 -- 19th ICLS (thousands)","SEX_F","Female","OC2_ISCO08_X","Occupation (ISCO-08), 2 digit level: X - Not elsewhere classified","2023Q4",74.554,,,,,"I12:415","Frequency: Quarterly","R1:3513","Repository: ILO-STATISTICS - Micro data processing"
"FRA","France","BA:148","LFS - Employment Survey","EMP_5EMP_SEX_OC2_NB","Employment by sex and occupation - ISCO level 2 -- 19th ICLS (thousands)","SEX_T","Total","OC2_ISCO08_TOTAL","Occupation (ISCO-08), 2 digit level: Total","2023Q3",28652.718,,,,,"I12:415","Frequency: Quarterly","R1:3513","Repository: ILO-STATISTICS - Micro data processing"
"FRA","France","BA:148","LFS - Employment Survey","EMP_5EMP_SEX_OC2_NB","Employment by sex and occupation - ISCO level 2 -- 19th ICLS (thousands)","SEX_T","Total","OC2_ISCO08_01","Occupation (ISCO-08), 2 digit level: 01 - Commissioned armed forces officers","2023Q3",38.726,,,,,"I12:415","Frequency: Quarterly","R1:3513","Repository: ILO-STATISTICS - Micro data processing"
"FRA","France","BA:148","LFS - Employment Survey","EMP_5EMP_SEX_OC2_NB","Employment by sex and occupation - ISCO level 2 -- 19th ICLS (thousands)","SEX_T","Total","OC2_ISCO08_02","Occupation (ISCO-08), 2 digit level: 02 - Non-commissioned armed forces officers","2023Q3",64.335,,,,,"I12:415","Frequency: Quarterly","R1:3513","Repository: ILO-STATISTICS - Micro data processing"
"FRA","France","BA:148","LFS - Employment Survey","EMP_5EMP_SEX_OC2_NB","Employment by sex and occupation - ISCO level 2 -- 19th ICLS (thousands)","SEX_T","Total","OC2_ISCO08_03","Occupation (ISCO-08), 2 digit level: 03 - Armed forces occupations, other ranks","2023Q3",78.433,,,,,"I12:415","Frequency: Quarterly","R1:3513","Repository: ILO-STATISTICS - Micro data processing"
"FRA","France","BA:148","LFS - Employment Survey","EMP_5EMP_SEX_OC2_NB","Employment by sex and occupation - ISCO level 2 -- 19th ICLS (thousands)","SEX_T","Total","OC2_ISCO08_11","Occupation (ISCO-08), 2 digit level: 11 - Chief executives, senior officials and legislators","2023Q3",229.133,,,,,"I12:415","Frequency: Quarterly","R1:3513","Repository: ILO-STATISTICS - Micro data processing"
"FRA","France","BA:148","LFS - Employment Survey","EMP_5EMP_SEX_OC2_NB","Employment by sex and occupation - ISCO level 2 -- 19th ICLS (thousands)","SEX_T","Total","OC2_ISCO08_12","Occupation (ISCO-08), 2 digit level: 12 - Administrative and commercial managers","2023Q3",594.301,,,,,"I12:415","Frequency: Quarterly","R1:3513","Repository: ILO-STATISTICS - Micro data processing"
"FRA","France","BA:148","LFS - Employment Survey","EMP_5EMP_SEX_OC2_NB","Employment by sex and occupation - ISCO level 2 -- 19th ICLS (thousands)","SEX_T","Total","OC2_ISCO08_13","Occupation (ISCO-08), 2 digit level: 13 - Production and specialised services managers","2023Q3",676.727,,,,,"I12:415","Frequency: Quarterly","R1:3513","Repository: ILO-STATISTICS - Micro data processing"
"FRA","France","BA:148","LFS - Employment Survey","EMP_5EMP_SEX_OC2_NB","Employment by sex and occupation - ISCO level 2 -- 19th ICLS (thousands)","SEX_T","Total","OC2_ISCO08_14","Occupation (ISCO-08), 2 digit level: 14 - Hospitality, retail and other services managers","2023Q3",489.924,,,,,"I12:415","Frequency: Quarterly","R1:3513","Repository: ILO-STATISTICS - Micro data processing"
"FRA","France","BA:148","LFS - Employment Survey","EMP_5EMP_SEX_OC2_NB","Employment by sex and occupation - ISCO level 2 -- 19th ICLS (thousands)","SEX_T","Total","OC2_ISCO08_21","Occupation (ISCO-08), 2 digit level: 21 - Science and engineering professionals","2023Q3",1315.55,,,,,"I12:415","Frequency: Quarterly","R1:3513","Repository: ILO-STATISTICS - Micro data processing"
"FRA","France","BA:148","LFS - Employment Survey","EMP_5EMP_SEX_OC2_NB","Employment by sex and occupation - ISCO level 2 -- 19th ICLS (thousands)","SEX_T","Total","OC2_ISCO08_22","Occupation (ISCO-08), 2 digit level: 22 - Health professionals","2023Q3",874.849,,,,,"I12:415","Frequency: Quarterly","R1:3513","Repository: ILO-STATISTICS - Micro data processing"
"FRA","France","BA:148","LFS - Employment Survey","EMP_5EMP_SEX_OC2_NB","Employment by sex and occupation - ISCO level 2 -- 19th ICLS (thousands)","SEX_T","Total","OC2_ISCO08_23","Occupation (ISCO-08), 2 digit level: 23 - Teaching professionals","2023Q3",1270.886,,,,,"I12:415","Frequency: Quarterly","R1:3513","Repository: ILO-STATISTICS - Micro data processing"
"FRA","France","BA:148","LFS - Employment Survey","EMP_5EMP_SEX_OC2_NB","Employment by sex and occupation - ISCO level 2 -- 19th ICLS (thousands)","SEX_T","Total","OC2_ISCO08_24","Occupation (ISCO-08), 2 digit level: 24 - Business and administration professionals","2023Q3",1690.172,,,,,"I12:415","Frequency: Quarterly","R1:3513","Repository: ILO-STATISTICS - Micro data processing"
"FRA","France","BA:148","LFS - Employment Survey","EMP_5EMP_SEX_OC2_NB","Employment by sex and occupation - ISCO level 2 -- 19th ICLS (thousands)","SEX_T","Total","OC2_ISCO08_25","Occupation (ISCO-08), 2 digit level: 25 - Information and communications technology professionals","2023Q3",836.42,,,,,"I12:415","Frequency: Quarterly","R1:3513","Repository: ILO-STATISTICS - Micro data processing"
"FRA","France","BA:148","LFS - Employment Survey","EMP_5EMP_SEX_OC2_NB","Employment by sex and occupation - ISCO level 2 -- 19th ICLS (thousands)","SEX_T","Total","OC2_ISCO08_26","Occupation (ISCO-08), 2 digit level: 26 - Legal, social and cultural professionals","2023Q3",831.513,,,,,"I12:415","Frequency: Quarterly","R1:3513","Repository: ILO-STATISTICS - Micro data processing"
"FRA","France","BA:148","LFS - Employment Survey","EMP_5EMP_SEX_OC2_NB","Employment by sex and occupation - ISCO level 2 -- 19th ICLS (thousands)","SEX_T","Total","OC2_ISCO08_31","Occupation (ISCO-08), 2 digit level: 31 - Science and engineering associate professionals","2023Q3",966.398,,,,,"I12:415","Frequency: Quarterly","R1:3513","Repository: ILO-STATISTICS - Micro data processing"
"FRA","France","BA:148","LFS - Employment Survey","EMP_5EMP_SEX_OC2_NB","Employment by sex and occupation - ISCO level 2 -- 19th ICLS (thousands)","SEX_T","Total","OC2_ISCO08_32","Occupation (ISCO-08), 2 digit level: 32 - Health associate professionals","2023Q3",1013.917,,,,,"I12:415","Frequency: Quarterly","R1:3513","Repository: ILO-STATISTICS - Micro data processing"
"FRA","France","BA:148","LFS - Employment Survey","EMP_5EMP_SEX_OC2_NB","Employment by sex and occupation - ISCO level 2 -- 19th ICLS (thousands)","SEX_T","Total","OC2_ISCO08_33","Occupation (ISCO-08), 2 digit level: 33 - Business and administration associate professionals","2023Q3",1953.085,,,,,"I12:415","Frequency: Quarterly","R1:3513","Repository: ILO-STATISTICS - Micro data processing"
"FRA","France","BA:148","LFS - Employment Survey","EMP_5EMP_SEX_OC2_NB","Employment by sex and occupation - ISCO level 2 -- 19th ICLS (thousands)","SEX_T","Total","OC2_ISCO08_34","Occupation (ISCO-08), 2 digit level: 34 - Legal, social, cultural and related associate professionals","2023Q3",1036.226,,,,,"I12:415","Frequency: Quarterly","R1:3513","Repository: ILO-STATISTICS - Micro data processing"
"FRA","France","BA:148","LFS - Employment Survey","EMP_5EMP_SEX_OC2_NB","Employment by sex and occupation - ISCO level 2 -- 19th ICLS (thousands)","SEX_T","Total","OC2_ISCO08_35","Occupation (ISCO-08), 2 digit level: 35 - Information and communications technicians","2023Q3",216.641,,,,,"I12:415","Frequency: Quarterly","R1:3513","Repository: ILO-STATISTICS - Micro data processing"
"FRA","France","BA:148","LFS - Employment Survey","EMP_5EMP_SEX_OC2_NB","Employment by sex and occupation - ISCO level 2 -- 19th ICLS (thousands)","SEX_T","Total","OC2_ISCO08_41","Occupation (ISCO-08), 2 digit level: 41 - General and keyboard clerks","2023Q3",951.577,,,,,"I12:415","Frequency: Quarterly","R1:3513","Repository: ILO-STATISTICS - Micro data processing"
"FRA","France","BA:148","LFS - Employment Survey","EMP_5EMP_SEX_OC2_NB","Employment by sex and occupation - ISCO level 2 -- 19th ICLS (thousands)","SEX_T","Total","OC2_ISCO08_42","Occupation (ISCO-08), 2 digit level: 42 - Customer services clerks","2023Q3",303.129,,,,,"I12:415","Frequency: Quarterly","R1:3513","Repository: ILO-STATISTICS - Micro data processing"
"FRA","France","BA:148","LFS - Employment Survey","EMP_5EMP_SEX_OC2_NB","Employment by sex and occupation - ISCO level 2 -- 19th ICLS (thousands)","SEX_T","Total","OC2_ISCO08_43","Occupation (ISCO-08), 2 digit level: 43 - Numerical and material recording clerks","2023Q3",737.564,,,,,"I12:415","Frequency: Quarterly","R1:3513","Repository: ILO-STATISTICS - Micro data processing"
"FRA","France","BA:148","LFS - Employment Survey","EMP_5EMP_SEX_OC2_NB","Employment by sex and occupation - ISCO level 2 -- 19th ICLS (thousands)","SEX_T","Total","OC2_ISCO08_44","Occupation (ISCO-08), 2 digit level: 44 - Other clerical support workers","2023Q3",284.347,,,,,"I12:415","Frequency: Quarterly","R1:3513","Repository: ILO-STATISTICS - Micro data processing"
"FRA","France","BA:148","LFS - Employment Survey","EMP_5EMP_SEX_OC2_NB","Employment by sex and occupation - ISCO level 2 -- 19th ICLS (thousands)","SEX_T","Total","OC2_ISCO08_51","Occupation (ISCO-08), 2 digit level: 51 - Personal service workers","2023Q3",1076.847,,,,,"I12:415","Frequency: Quarterly","R1:3513","Repository: ILO-STATISTICS - Micro data processing"
"FRA","France","BA:148","LFS - Employment Survey","EMP_5EMP_SEX_OC2_NB","Employment by sex and occupation - ISCO level 2 -- 19th ICLS (thousands)","SEX_T","Total","OC2_ISCO08_52","Occupation (ISCO-08), 2 digit level: 52 - Sales workers","2023Q3",1294.118,,,,,"I12:415","Frequency: Quarterly","R1:3513","Repository: ILO-STATISTICS - Micro data processing"
"FRA","France","BA:148","LFS - Employment Survey","EMP_5EMP_SEX_OC2_NB","Employment by sex and occupation - ISCO level 2 -- 19th ICLS (thousands)","SEX_T","Total","OC2_ISCO08_53","Occupation (ISCO-08), 2 digit level: 53 - Personal care workers","2023Q3",1338.729,,,,,"I12:415","Frequency: Quarterly","R1:3513","Repository: ILO-STATISTICS - Micro data processing"
"FRA","France","BA:148","LFS - Employment Survey","EMP_5EMP_SEX_OC2_NB","Employment by sex and occupation - ISCO level 2 -- 19th ICLS (thousands)","SEX_T","Total","OC2_ISCO08_54","Occupation (ISCO-08), 2 digit level: 54 - Protective services workers","2023Q3",466.966,,,,,"I12:415","Frequency: Quarterly","R1:3513","Repository: ILO-STATISTICS - Micro data processing"
"FRA","France","BA:148","LFS - Employment Survey","EMP_5EMP_SEX_OC2_NB","Employment by sex and occupation - ISCO level 2 -- 19th ICLS (thousands)","SEX_T","Total","OC2_ISCO08_61","Occupation (ISCO-08), 2 digit level: 61 - Market-oriented skilled agricultural workers","2023Q3",749.196,,,,,"I12:415","Frequency: Quarterly","R1:3513","Repository: ILO-STATISTICS - Micro data processing"
"FRA","France","BA:148","LFS - Employment Survey","EMP_5EMP_SEX_OC2_NB","Employment by sex and occupation - ISCO level 2 -- 19th ICLS (thousands)","SEX_T","Total","OC2_ISCO08_62","Occupation (ISCO-08), 2 digit level: 62 - Market-oriented skilled forestry, fishery and hunting workers","2023Q3",41.288,,,,,"I12:415","Frequency: Quarterly","R1:3513","Repository: ILO-STATISTICS - Micro data processing"
"FRA","France","BA:148","LFS - Employment Survey","EMP_5EMP_SEX_OC2_NB","Employment by sex and occupation - ISCO level 2 -- 19th ICLS (thousands)","SEX_T","Total","OC2_ISCO08_71","Occupation (ISCO-08), 2 digit level: 71 - Building and related trades workers, excluding electricians","2023Q3",1014.475,,,,,"I12:415","Frequency: Quarterly","R1:3513","Repository: ILO-STATISTICS - Micro data processing"
"FRA","France","BA:148","LFS - Employment Survey","EMP_5EMP_SEX_OC2_NB","Employment by sex and occupation - ISCO level 2 -- 19th ICLS (thousands)","SEX_T","Total","OC2_ISCO08_72","Occupation (ISCO-08), 2 digit level: 72 - Metal, machinery and related trades workers","2023Q3",826.921,,,,,"I12:415","Frequency: Quarterly","R1:3513","Repository: ILO-STATISTICS - Micro data processing"
"FRA","France","BA:148","LFS - Employment Survey","EMP_5EMP_SEX_OC2_NB","Employment by sex and occupation - ISCO level 2 -- 19th ICLS (thousands)","SEX_T","Total","OC2_ISCO08_73","Occupation (ISCO-08), 2 digit level: 73 - Handicraft and printing workers","2023Q3",112.28,,,,,"I12:415","Frequency: Quarterly","R1:3513","Repository: ILO-STATISTICS - Micro data processing"
"FRA","France","BA:148","LFS - Employment Survey","EMP_5EMP_SEX_OC2_NB","Employment by sex and occupation - ISCO level 2 -- 19th ICLS (thousands)","SEX_T","Total","OC2_ISCO08_74","Occupation (ISCO-08), 2 digit level: 74 - Electrical and electronic trades workers","2023Q3",271.01,,,,,"I12:415","Frequency: Quarterly","R1:3513","Repository: ILO-STATISTICS - Micro data processing"
"FRA","France","BA:148","LFS - Employment Survey","EMP_5EMP_SEX_OC2_NB","Employment by sex and occupation - ISCO level 2 -- 19th ICLS (thousands)","SEX_T","Total","OC2_ISCO08_75","Occupation (ISCO-08), 2 digit level: 75 - Food processing, wood working, garment and other craft and related trades workers","2023Q3",518.822,,,,,"I12:415","Frequency: Quarterly","R1:3513","Repository: ILO-STATISTICS - Micro data processing"
"FRA","France","BA:148","LFS - Employment Survey","EMP_5EMP_SEX_OC2_NB","Employment by sex and occupation - ISCO level 2 -- 19th ICLS (thousands)","SEX_T","Total","OC2_ISCO08_81","Occupation (ISCO-08), 2 digit level: 81 - Stationary plant and machine operators","2023Q3",594.35,,,,,"I12:415","Frequency: Quarterly","R1:3513","Repository: ILO-STATISTICS - Micro data processing"
"FRA","France","BA:148","LFS - Employment Survey","EMP_5EMP_SEX_OC2_NB","Employment by sex and occupation - ISCO level 2 -- 19th ICLS (thousands)","SEX_T","Total","OC2_ISCO08_82","Occupation (ISCO-08), 2 digit level: 82 - Assemblers","2023Q3",136.622,,,,,"I12:415","Frequency: Quarterly","R1:3513","Repository: ILO-STATISTICS - Micro data processing"
"FRA","France","BA:148","LFS - Employment Survey","EMP_5EMP_SEX_OC2_NB","Employment by sex and occupation - ISCO level 2 -- 19th ICLS (thousands)","SEX_T","Total","OC2_ISCO08_83","Occupation (ISCO-08), 2 digit level: 83 - Drivers and mobile plant operators","2023Q3",1111.133,,,,,"I12:415","Frequency: Quarterly","R1:3513","Repository: ILO-STATISTICS - Micro data processing"
"FRA","France","BA:148","LFS - Employment Survey","EMP_5EMP_SEX_OC2_NB","Employment by sex and occupation - ISCO level 2 -- 19th ICLS (thousands)","SEX_T","Total","OC2_ISCO08_91","Occupation (ISCO-08), 2 digit level: 91 - Cleaners and helpers","2023Q3",1163.461,,,,,"I12:415","Frequency: Quarterly","R1:3513","Repository: ILO-STATISTICS - Micro data processing"
"FRA","France","BA:148","LFS - Employment Survey","EMP_5EMP_SEX_OC2_NB","Employment by sex and occupation - ISCO level 2 -- 19th ICLS (thousands)","SEX_T","Total","OC2_ISCO08_92","Occupation (ISCO-08), 2 digit level: 92 - Agricultural, forestry and fishery labourers","2023Q3",152.702,,,,,"I12:415","Frequency: Quarterly","R1:3513","Repository: ILO-STATISTICS - Micro data processing"
"FRA","France","BA:148","LFS - Employment Survey","EMP_5EMP_SEX_OC2_NB","Employment by sex and occupation - ISCO level 2 -- 19th ICLS (thousands)","SEX_T","Total","OC2_ISCO08_93","Occupation (ISCO-08), 2 digit level: 93 - Labourers in mining, construction, manufacturing and transport","2023Q3",701.895,,,,,"I12:415","Frequency: Quarterly","R1:3513","Repository: ILO-STATISTICS - Micro data processing"
"FRA","France","BA:148","LFS - Employment Survey","EMP_5EMP_SEX_OC2_NB","Employment by sex and occupation - ISCO level 2 -- 19th ICLS (thousands)","SEX_T","Total","OC2_ISCO08_94","Occupation (ISCO-08), 2 digit level: 94 - Food preparation assistants","2023Q3",227.898,,,,,"I12:415","Frequency: Quarterly","R1:3513","Repository: ILO-STATISTICS - Micro data processing"
"FRA","France","BA:148","LFS - Employment Survey","EMP_5EMP_SEX_OC2_NB","Employment by sex and occupation - ISCO level 2 -- 19th ICLS (thousands)","SEX_T","Total","OC2_ISCO08_96","Occupation (ISCO-08), 2 digit level: 96 - Refuse workers and other elementary workers","2023Q3",238.195,,,,,"I12:415","Frequency: Quarterly","R1:3513","Repository: ILO-STATISTICS - Micro data processing"
"FRA","France","BA:148","LFS - Employment Survey","EMP_5EMP_SEX_OC2_NB","Employment by sex and occupation - ISCO level 2 -- 19th ICLS (thousands)","SEX_T","Total","OC2_ISCO08_X","Occupation (ISCO-08), 2 digit level: X - Not elsewhere classified","2023Q3",161.956,,,,,"I12:415","Frequency: Quarterly","R1:3513","Repository: ILO-STATISTICS - Micro data processing"
"FRA","France","BA:148","LFS - Employment Survey","EMP_5EMP_SEX_OC2_NB","Employment by sex and occupation - ISCO level 2 -- 19th ICLS (thousands)","SEX_M","Male","OC2_ISCO08_TOTAL","Occupation (ISCO-08), 2 digit level: Total","2023Q3",14644.972,,,,,"I12:415","Frequency: Quarterly","R1:3513","Repository: ILO-STATISTICS - Micro data processing"
"FRA","France","BA:148","LFS - Employment Survey","EMP_5EMP_SEX_OC2_NB","Employment by sex and occupation - ISCO level 2 -- 19th ICLS (thousands)","SEX_M","Male","OC2_ISCO08_01","Occupation (ISCO-08), 2 digit level: 01 - Commissioned armed forces officers","2023Q3",28.869,,,,,"I12:415","Frequency: Quarterly","R1:3513","Repository: ILO-STATISTICS - Micro data processing"
"FRA","France","BA:148","LFS - Employment Survey","EMP_5EMP_SEX_OC2_NB","Employment by sex and occupation - ISCO level 2 -- 19th ICLS (thousands)","SEX_M","Male","OC2_ISCO08_02","Occupation (ISCO-08), 2 digit level: 02 - Non-commissioned armed forces officers","2023Q3",52.615,,,,,"I12:415","Frequency: Quarterly","R1:3513","Repository: ILO-STATISTICS - Micro data processing"
"FRA","France","BA:148","LFS - Employment Survey","EMP_5EMP_SEX_OC2_NB","Employment by sex and occupation - ISCO level 2 -- 19th ICLS (thousands)","SEX_M","Male","OC2_ISCO08_03","Occupation (ISCO-08), 2 digit level: 03 - Armed forces occupations, other ranks","2023Q3",69.974,,,,,"I12:415","Frequency: Quarterly","R1:3513","Repository: ILO-STATISTICS - Micro data processing"
"FRA","France","BA:148","LFS - Employment Survey","EMP_5EMP_SEX_OC2_NB","Employment by sex and occupation - ISCO level 2 -- 19th ICLS (thousands)","SEX_M","Male","OC2_ISCO08_11","Occupation (ISCO-08), 2 digit level: 11 - Chief executives, senior officials and legislators","2023Q3",162.635,,,,,"I12:415","Frequency: Quarterly","R1:3513","Repository: ILO-STATISTICS - Micro data processing"
"FRA","France","BA:148","LFS - Employment Survey","EMP_5EMP_SEX_OC2_NB","Employment by sex and occupation - ISCO level 2 -- 19th ICLS (thousands)","SEX_M","Male","OC2_ISCO08_12","Occupation (ISCO-08), 2 digit level: 12 - Administrative and commercial managers","2023Q3",286.969,,,,,"I12:415","Frequency: Quarterly","R1:3513","Repository: ILO-STATISTICS - Micro data processing"
"FRA","France","BA:148","LFS - Employment Survey","EMP_5EMP_SEX_OC2_NB","Employment by sex and occupation - ISCO level 2 -- 19th ICLS (thousands)","SEX_M","Male","OC2_ISCO08_13","Occupation (ISCO-08), 2 digit level: 13 - Production and specialised services managers","2023Q3",482.457,,,,,"I12:415","Frequency: Quarterly","R1:3513","Repository: ILO-STATISTICS - Micro data processing"
"FRA","France","BA:148","LFS - Employment Survey","EMP_5EMP_SEX_OC2_NB","Employment by sex and occupation - ISCO level 2 -- 19th ICLS (thousands)","SEX_M","Male","OC2_ISCO08_14","Occupation (ISCO-08), 2 digit level: 14 - Hospitality, retail and other services managers","2023Q3",301.35,,,,,"I12:415","Frequency: Quarterly","R1:3513","Repository: ILO-STATISTICS - Micro data processing"
"FRA","France","BA:148","LFS - Employment Survey","EMP_5EMP_SEX_OC2_NB","Employment by sex and occupation - ISCO level 2 -- 19th ICLS (thousands)","SEX_M","Male","OC2_ISCO08_21","Occupation (ISCO-08), 2 digit level: 21 - Science and engineering professionals","2023Q3",826.582,,,,,"I12:415","Frequency: Quarterly","R1:3513","Repository: ILO-STATISTICS - Micro data processing"
"FRA","France","BA:148","LFS - Employment Survey","EMP_5EMP_SEX_OC2_NB","Employment by sex and occupation - ISCO level 2 -- 19th ICLS (thousands)","SEX_M","Male","OC2_ISCO08_22","Occupation (ISCO-08), 2 digit level: 22 - Health professionals","2023Q3",317.035,,,,,"I12:415","Frequency: Quarterly","R1:3513","Repository: ILO-STATISTICS - Micro data processing"
"FRA","France","BA:148","LFS - Employment Survey","EMP_5EMP_SEX_OC2_NB","Employment by sex and occupation - ISCO level 2 -- 19th ICLS (thousands)","SEX_M","Male","OC2_ISCO08_23","Occupation (ISCO-08), 2 digit level: 23 - Teaching professionals","2023Q3",444.028,,,,,"I12:415","Frequency: Quarterly","R1:3513","Repository: ILO-STATISTICS - Micro data processing"
"FRA","France","BA:148","LFS - Employment Survey","EMP_5EMP_SEX_OC2_NB","Employment by sex and occupation - ISCO level 2 -- 19th ICLS (thousands)","SEX_M","Male","OC2_ISCO08_24","Occupation (ISCO-08), 2 digit level: 24 - Business and administration professionals","2023Q3",843.26,,,,,"I12:415","Frequency: Quarterly","R1:3513","Repository: ILO-STATISTICS - Micro data processing"
"FRA","France","BA:148","LFS - Employment Survey","EMP_5EMP_SEX_OC2_NB","Employment by sex and occupation - ISCO level 2 -- 19th ICLS (thousands)","SEX_M","Male","OC2_ISCO08_25","Occupation (ISCO-08), 2 digit level: 25 - Information and communications technology professionals","2023Q3",683.71,,,,,"I12:415","Frequency: Quarterly","R1:3513","Repository: ILO-STATISTICS - Micro data processing"
"FRA","France","BA:148","LFS - Employment Survey","EMP_5EMP_SEX_OC2_NB","Employment by sex and occupation - ISCO level 2 -- 19th ICLS (thousands)","SEX_M","Male","OC2_ISCO08_26","Occupation (ISCO-08), 2 digit level: 26 - Legal, social and cultural professionals","2023Q3",294.348,,,,,"I12:415","Frequency: Quarterly","R1:3513","Repository: ILO-STATISTICS - Micro data processing"
"FRA","France","BA:148","LFS - Employment Survey","EMP_5EMP_SEX_OC2_NB","Employment by sex and occupation - ISCO level 2 -- 19th ICLS (thousands)","SEX_M","Male","OC2_ISCO08_31","Occupation (ISCO-08), 2 digit level: 31 - Science and engineering associate professionals","2023Q3",774.198,,,,,"I12:415","Frequency: Quarterly","R1:3513","Repository: ILO-STATISTICS - Micro data processing"
"FRA","France","BA:148","LFS - Employment Survey","EMP_5EMP_SEX_OC2_NB","Employment by sex and occupation - ISCO level 2 -- 19th ICLS (thousands)","SEX_M","Male","OC2_ISCO08_32","Occupation (ISCO-08), 2 digit level: 32 - Health associate professionals","2023Q3",238.495,,,,,"I12:415","Frequency: Quarterly","R1:3513","Repository: ILO-STATISTICS - Micro data processing"
"FRA","France","BA:148","LFS - Employment Survey","EMP_5EMP_SEX_OC2_NB","Employment by sex and occupation - ISCO level 2 -- 19th ICLS (thousands)","SEX_M","Male","OC2_ISCO08_33","Occupation (ISCO-08), 2 digit level: 33 - Business and administration associate professionals","2023Q3",640.299,,,,,"I12:415","Frequency: Quarterly","R1:3513","Repository: ILO-STATISTICS - Micro data processing"
"FRA","France","BA:148","LFS - Employment Survey","EMP_5EMP_SEX_OC2_NB","Employment by sex and occupation - ISCO level 2 -- 19th ICLS (thousands)","SEX_M","Male","OC2_ISCO08_34","Occupation (ISCO-08), 2 digit level: 34 - Legal, social, cultural and related associate professionals","2023Q3",380.829,,,,,"I12:415","Frequency: Quarterly","R1:3513","Repository: ILO-STATISTICS - Micro data processing"
"FRA","France","BA:148","LFS - Employment Survey","EMP_5EMP_SEX_OC2_NB","Employment by sex and occupation - ISCO level 2 -- 19th ICLS (thousands)","SEX_M","Male","OC2_ISCO08_35","Occupation (ISCO-08), 2 digit level: 35 - Information and communications technicians","2023Q3",176.161,,,,,"I12:415","Frequency: Quarterly","R1:3513","Repository: ILO-STATISTICS - Micro data processing"
"FRA","France","BA:148","LFS - Employment Survey","EMP_5EMP_SEX_OC2_NB","Employment by sex and occupation - ISCO level 2 -- 19th ICLS (thousands)","SEX_M","Male","OC2_ISCO08_41","Occupation (ISCO-08), 2 digit level: 41 - General and keyboard clerks","2023Q3",143.566,,,,,"I12:415","Frequency: Quarterly","R1:3513","Repository: ILO-STATISTICS - Micro data processing"
"FRA","France","BA:148","LFS - Employment Survey","EMP_5EMP_SEX_OC2_NB","Employment by sex and occupation - ISCO level 2 -- 19th ICLS (thousands)","SEX_M","Male","OC2_ISCO08_42","Occupation (ISCO-08), 2 digit level: 42 - Customer services clerks","2023Q3",78.03,,,,,"I12:415","Frequency: Quarterly","R1:3513","Repository: ILO-STATISTICS - Micro data processing"
"FRA","France","BA:148","LFS - Employment Survey","EMP_5EMP_SEX_OC2_NB","Employment by sex and occupation - ISCO level 2 -- 19th ICLS (thousands)","SEX_M","Male","OC2_ISCO08_43","Occupation (ISCO-08), 2 digit level: 43 - Numerical and material recording clerks","2023Q3",340.908,,,,,"I12:415","Frequency: Quarterly","R1:3513","Repository: ILO-STATISTICS - Micro data processing"
"FRA","France","BA:148","LFS - Employment Survey","EMP_5EMP_SEX_OC2_NB","Employment by sex and occupation - ISCO level 2 -- 19th ICLS (thousands)","SEX_M","Male","OC2_ISCO08_44","Occupation (ISCO-08), 2 digit level: 44 - Other clerical support workers","2023Q3",86.796,,,,,"I12:415","Frequency: Quarterly","R1:3513","Repository: ILO-STATISTICS - Micro data processing"
"FRA","France","BA:148","LFS - Employment Survey","EMP_5EMP_SEX_OC2_NB","Employment by sex and occupation - ISCO level 2 -- 19th ICLS (thousands)","SEX_M","Male","OC2_ISCO08_51","Occupation (ISCO-08), 2 digit level: 51 - Personal service workers","2023Q3",445.27,,,,,"I12:415","Frequency: Quarterly","R1:3513","Repository: ILO-STATISTICS - Micro data processing"
"FRA","France","BA:148","LFS - Employment Survey","EMP_5EMP_SEX_OC2_NB","Employment by sex and occupation - ISCO level 2 -- 19th ICLS (thousands)","SEX_M","Male","OC2_ISCO08_52","Occupation (ISCO-08), 2 digit level: 52 - Sales workers","2023Q3",465.952,,,,,"I12:415","Frequency: Quarterly","R1:3513","Repository: ILO-STATISTICS - Micro data processing"
"FRA","France","BA:148","LFS - Employment Survey","EMP_5EMP_SEX_OC2_NB","Employment by sex and occupation - ISCO level 2 -- 19th ICLS (thousands)","SEX_M","Male","OC2_ISCO08_53","Occupation (ISCO-08), 2 digit level: 53 - Personal care workers","2023Q3",83.063,,,,,"I12:415","Frequency: Quarterly","R1:3513","Repository: ILO-STATISTICS - Micro data processing"
"FRA","France","BA:148","LFS - Employment Survey","EMP_5EMP_SEX_OC2_NB","Employment by sex and occupation - ISCO level 2 -- 19th ICLS (thousands)","SEX_M","Male","OC2_ISCO08_54","Occupation (ISCO-08), 2 digit level: 54 - Protective services workers","2023Q3",372.681,,,,,"I12:415","Frequency: Quarterly","R1:3513","Repository: ILO-STATISTICS - Micro data processing"
"FRA","France","BA:148","LFS - Employment Survey","EMP_5EMP_SEX_OC2_NB","Employment by sex and occupation - ISCO level 2 -- 19th ICLS (thousands)","SEX_M","Male","OC2_ISCO08_61","Occupation (ISCO-08), 2 digit level: 61 - Market-oriented skilled agricultural workers","2023Q3",541.354,,,,,"I12:415","Frequency: Quarterly","R1:3513","Repository: ILO-STATISTICS - Micro data processing"
"FRA","France","BA:148","LFS - Employment Survey","EMP_5EMP_SEX_OC2_NB","Employment by sex and occupation - ISCO level 2 -- 19th ICLS (thousands)","SEX_M","Male","OC2_ISCO08_62","Occupation (ISCO-08), 2 digit level: 62 - Market-oriented skilled forestry, fishery and hunting workers","2023Q3",37.322,,,,,"I12:415","Frequency: Quarterly","R1:3513","Repository: ILO-STATISTICS - Micro data processing"
"FRA","France","BA:148","LFS - Employment Survey","EMP_5EMP_SEX_OC2_NB","Employment by sex and occupation - ISCO level 2 -- 19th ICLS (thousands)","SEX_M","Male","OC2_ISCO08_71","Occupation (ISCO-08), 2 digit level: 71 - Building and related trades workers, excluding electricians","2023Q3",978.938,,,,,"I12:415","Frequency: Quarterly","R1:3513","Repository: ILO-STATISTICS - Micro data processing"
"FRA","France","BA:148","LFS - Employment Survey","EMP_5EMP_SEX_OC2_NB","Employment by sex and occupation - ISCO level 2 -- 19th ICLS (thousands)","SEX_M","Male","OC2_ISCO08_72","Occupation (ISCO-08), 2 digit level: 72 - Metal, machinery and related trades workers","2023Q3",792.57,,,,,"I12:415","Frequency: Quarterly","R1:3513","Repository: ILO-STATISTICS - Micro data processing"
"FRA","France","BA:148","LFS - Employment Survey","EMP_5EMP_SEX_OC2_NB","Employment by sex and occupation - ISCO level 2 -- 19th ICLS (thousands)","SEX_M","Male","OC2_ISCO08_73","Occupation (ISCO-08), 2 digit level: 73 - Handicraft and printing workers","2023Q3",67.705,,,,,"I12:415","Frequency: Quarterly","R1:3513","Repository: ILO-STATISTICS - Micro data processing"
"FRA","France","BA:148","LFS - Employment Survey","EMP_5EMP_SEX_OC2_NB","Employment by sex and occupation - ISCO level 2 -- 19th ICLS (thousands)","SEX_M","Male","OC2_ISCO08_74","Occupation (ISCO-08), 2 digit level: 74 - Electrical and electronic trades workers","2023Q3",264.218,,,,,"I12:415","Frequency: Quarterly","R1:3513","Repository: ILO-STATISTICS - Micro data processing"
"FRA","France","BA:148","LFS - Employment Survey","EMP_5EMP_SEX_OC2_NB","Employment by sex and occupation - ISCO level 2 -- 19th ICLS (thousands)","SEX_M","Male","OC2_ISCO08_75","Occupation (ISCO-08), 2 digit level: 75 - Food processing, wood working, garment and other craft and related trades workers","2023Q3",348.357,,,,,"I12:415","Frequency: Quarterly","R1:3513","Repository: ILO-STATISTICS - Micro data processing"
"FRA","France","BA:148","LFS - Employment Survey","EMP_5EMP_SEX_OC2_NB","Employment by sex and occupation - ISCO level 2 -- 19th ICLS (thousands)","SEX_M","Male","OC2_ISCO08_81","Occupation (ISCO-08), 2 digit level: 81 - Stationary plant and machine operators","2023Q3",358.259,,,,,"I12:415","Frequency: Quarterly","R1:3513","Repository: ILO-STATISTICS - Micro data processing"
"FRA","France","BA:148","LFS - Employment Survey","EMP_5EMP_SEX_OC2_NB","Employment by sex and occupation - ISCO level 2 -- 19th ICLS (thousands)","SEX_M","Male","OC2_ISCO08_82","Occupation (ISCO-08), 2 digit level: 82 - Assemblers","2023Q3",101.482,,,,,"I12:415","Frequency: Quarterly","R1:3513","Repository: ILO-STATISTICS - Micro data processing"
"FRA","France","BA:148","LFS - Employment Survey","EMP_5EMP_SEX_OC2_NB","Employment by sex and occupation - ISCO level 2 -- 19th ICLS (thousands)","SEX_M","Male","OC2_ISCO08_83","Occupation (ISCO-08), 2 digit level: 83 - Drivers and mobile plant operators","2023Q3",1024.514,,,,,"I12:415","Frequency: Quarterly","R1:3513","Repository: ILO-STATISTICS - Micro data processing"
"FRA","France","BA:148","LFS - Employment Survey","EMP_5EMP_SEX_OC2_NB","Employment by sex and occupation - ISCO level 2 -- 19th ICLS (thousands)","SEX_M","Male","OC2_ISCO08_91","Occupation (ISCO-08), 2 digit level: 91 - Cleaners and helpers","2023Q3",182.122,,,,,"I12:415","Frequency: Quarterly","R1:3513","Repository: ILO-STATISTICS - Micro data processing"
"FRA","France","BA:148","LFS - Employment Survey","EMP_5EMP_SEX_OC2_NB","Employment by sex and occupation - ISCO level 2 -- 19th ICLS (thousands)","SEX_M","Male","OC2_ISCO08_92","Occupation (ISCO-08), 2 digit level: 92 - Agricultural, forestry and fishery labourers","2023Q3",126.471,,,,,"I12:415","Frequency: Quarterly","R1:3513","Repository: ILO-STATISTICS - Micro data processing"
"FRA","France","BA:148","LFS - Employment Survey","EMP_5EMP_SEX_OC2_NB","Employment by sex and occupation - ISCO level 2 -- 19th ICLS (thousands)","SEX_M","Male","OC2_ISCO08_93","Occupation (ISCO-08), 2 digit level: 93 - Labourers in mining, construction, manufacturing and transport","2023Q3",444.645,,,,,"I12:415","Frequency: Quarterly","R1:3513","Repository: ILO-STATISTICS - Micro data processing"
"FRA","France","BA:148","LFS - Employment Survey","EMP_5EMP_SEX_OC2_NB","Employment by sex and occupation - ISCO level 2 -- 19th ICLS (thousands)","SEX_M","Male","OC2_ISCO08_94","Occupation (ISCO-08), 2 digit level: 94 - Food preparation assistants","2023Q3",78.915,,,,,"I12:415","Frequency: Quarterly","R1:3513","Repository: ILO-STATISTICS - Micro data processing"
"FRA","France","BA:148","LFS - Employment Survey","EMP_5EMP_SEX_OC2_NB","Employment by sex and occupation - ISCO level 2 -- 19th ICLS (thousands)","SEX_M","Male","OC2_ISCO08_96","Occupation (ISCO-08), 2 digit level: 96 - Refuse workers and other elementary workers","2023Q3",189.794,,,,,"I12:415","Frequency: Quarterly","R1:3513","Repository: ILO-STATISTICS - Micro data processing"
"FRA","France","BA:148","LFS - Employment Survey","EMP_5EMP_SEX_OC2_NB","Employment by sex and occupation - ISCO level 2 -- 19th ICLS (thousands)","SEX_M","Male","OC2_ISCO08_X","Occupation (ISCO-08), 2 digit level: X - Not elsewhere classified","2023Q3",88.225,,,,,"I12:415","Frequency: Quarterly","R1:3513","Repository: ILO-STATISTICS - Micro data processing"
"FRA","France","BA:148","LFS - Employment Survey","EMP_5EMP_SEX_OC2_NB","Employment by sex and occupation - ISCO level 2 -- 19th ICLS (thousands)","SEX_F","Female","OC2_ISCO08_TOTAL","Occupation (ISCO-08), 2 digit level: Total","2023Q3",14007.746,,,,,"I12:415","Frequency: Quarterly","R1:3513","Repository: ILO-STATISTICS - Micro data processing"
"FRA","France","BA:148","LFS - Employment Survey","EMP_5EMP_SEX_OC2_NB","Employment by sex and occupation - ISCO level 2 -- 19th ICLS (thousands)","SEX_F","Female","OC2_ISCO08_01","Occupation (ISCO-08), 2 digit level: 01 - Commissioned armed forces officers","2023Q3",9.858,,,,,"I12:415","Frequency: Quarterly","R1:3513","Repository: ILO-STATISTICS - Micro data processing"
"FRA","France","BA:148","LFS - Employment Survey","EMP_5EMP_SEX_OC2_NB","Employment by sex and occupation - ISCO level 2 -- 19th ICLS (thousands)","SEX_F","Female","OC2_ISCO08_02","Occupation (ISCO-08), 2 digit level: 02 - Non-commissioned armed forces officers","2023Q3",11.72,,,,,"I12:415","Frequency: Quarterly","R1:3513","Repository: ILO-STATISTICS - Micro data processing"
"FRA","France","BA:148","LFS - Employment Survey","EMP_5EMP_SEX_OC2_NB","Employment by sex and occupation - ISCO level 2 -- 19th ICLS (thousands)","SEX_F","Female","OC2_ISCO08_03","Occupation (ISCO-08), 2 digit level: 03 - Armed forces occupations, other ranks","2023Q3",8.459,"U","Unreliable",,,"I12:415","Frequency: Quarterly","R1:3513","Repository: ILO-STATISTICS - Micro data processing"
"FRA","France","BA:148","LFS - Employment Survey","EMP_5EMP_SEX_OC2_NB","Employment by sex and occupation - ISCO level 2 -- 19th ICLS (thousands)","SEX_F","Female","OC2_ISCO08_11","Occupation (ISCO-08), 2 digit level: 11 - Chief executives, senior officials and legislators","2023Q3",66.498,,,,,"I12:415","Frequency: Quarterly","R1:3513","Repository: ILO-STATISTICS - Micro data processing"
"FRA","France","BA:148","LFS - Employment Survey","EMP_5EMP_SEX_OC2_NB","Employment by sex and occupation - ISCO level 2 -- 19th ICLS (thousands)","SEX_F","Female","OC2_ISCO08_12","Occupation (ISCO-08), 2 digit level: 12 - Administrative and commercial managers","2023Q3",307.332,,,,,"I12:415","Frequency: Quarterly","R1:3513","Repository: ILO-STATISTICS - Micro data processing"
"FRA","France","BA:148","LFS - Employment Survey","EMP_5EMP_SEX_OC2_NB","Employment by sex and occupation - ISCO level 2 -- 19th ICLS (thousands)","SEX_F","Female","OC2_ISCO08_13","Occupation (ISCO-08), 2 digit level: 13 - Production and specialised services managers","2023Q3",194.27,,,,,"I12:415","Frequency: Quarterly","R1:3513","Repository: ILO-STATISTICS - Micro data processing"
"FRA","France","BA:148","LFS - Employment Survey","EMP_5EMP_SEX_OC2_NB","Employment by sex and occupation - ISCO level 2 -- 19th ICLS (thousands)","SEX_F","Female","OC2_ISCO08_14","Occupation (ISCO-08), 2 digit level: 14 - Hospitality, retail and other services managers","2023Q3",188.574,,,,,"I12:415","Frequency: Quarterly","R1:3513","Repository: ILO-STATISTICS - Micro data processing"
"FRA","France","BA:148","LFS - Employment Survey","EMP_5EMP_SEX_OC2_NB","Employment by sex and occupation - ISCO level 2 -- 19th ICLS (thousands)","SEX_F","Female","OC2_ISCO08_21","Occupation (ISCO-08), 2 digit level: 21 - Science and engineering professionals","2023Q3",488.968,,,,,"I12:415","Frequency: Quarterly","R1:3513","Repository: ILO-STATISTICS - Micro data processing"
"FRA","France","BA:148","LFS - Employment Survey","EMP_5EMP_SEX_OC2_NB","Employment by sex and occupation - ISCO level 2 -- 19th ICLS (thousands)","SEX_F","Female","OC2_ISCO08_22","Occupation (ISCO-08), 2 digit level: 22 - Health professionals","2023Q3",557.814,,,,,"I12:415","Frequency: Quarterly","R1:3513","Repository: ILO-STATISTICS - Micro data processing"
"FRA","France","BA:148","LFS - Employment Survey","EMP_5EMP_SEX_OC2_NB","Employment by sex and occupation - ISCO level 2 -- 19th ICLS (thousands)","SEX_F","Female","OC2_ISCO08_23","Occupation (ISCO-08), 2 digit level: 23 - Teaching professionals","2023Q3",826.857,,,,,"I12:415","Frequency: Quarterly","R1:3513","Repository: ILO-STATISTICS - Micro data processing"
"FRA","France","BA:148","LFS - Employment Survey","EMP_5EMP_SEX_OC2_NB","Employment by sex and occupation - ISCO level 2 -- 19th ICLS (thousands)","SEX_F","Female","OC2_ISCO08_24","Occupation (ISCO-08), 2 digit level: 24 - Business and administration professionals","2023Q3",846.912,,,,,"I12:415","Frequency: Quarterly","R1:3513","Repository: ILO-STATISTICS - Micro data processing"
"FRA","France","BA:148","LFS - Employment Survey","EMP_5EMP_SEX_OC2_NB","Employment by sex and occupation - ISCO level 2 -- 19th ICLS (thousands)","SEX_F","Female","OC2_ISCO08_25","Occupation (ISCO-08), 2 digit level: 25 - Information and communications technology professionals","2023Q3",152.71,,,,,"I12:415","Frequency: Quarterly","R1:3513","Repository: ILO-STATISTICS - Micro data processing"
"FRA","France","BA:148","LFS - Employment Survey","EMP_5EMP_SEX_OC2_NB","Employment by sex and occupation - ISCO level 2 -- 19th ICLS (thousands)","SEX_F","Female","OC2_ISCO08_26","Occupation (ISCO-08), 2 digit level: 26 - Legal, social and cultural professionals","2023Q3",537.165,,,,,"I12:415","Frequency: Quarterly","R1:3513","Repository: ILO-STATISTICS - Micro data processing"
"FRA","France","BA:148","LFS - Employment Survey","EMP_5EMP_SEX_OC2_NB","Employment by sex and occupation - ISCO level 2 -- 19th ICLS (thousands)","SEX_F","Female","OC2_ISCO08_31","Occupation (ISCO-08), 2 digit level: 31 - Science and engineering associate professionals","2023Q3",192.2,,,,,"I12:415","Frequency: Quarterly","R1:3513","Repository: ILO-STATISTICS - Micro data processing"
"FRA","France","BA:148","LFS - Employment Survey","EMP_5EMP_SEX_OC2_NB","Employment by sex and occupation - ISCO level 2 -- 19th ICLS (thousands)","SEX_F","Female","OC2_ISCO08_32","Occupation (ISCO-08), 2 digit level: 32 - Health associate professionals","2023Q3",775.422,,,,,"I12:415","Frequency: Quarterly","R1:3513","Repository: ILO-STATISTICS - Micro data processing"
"FRA","France","BA:148","LFS - Employment Survey","EMP_5EMP_SEX_OC2_NB","Employment by sex and occupation - ISCO level 2 -- 19th ICLS (thousands)","SEX_F","Female","OC2_ISCO08_33","Occupation (ISCO-08), 2 digit level: 33 - Business and administration associate professionals","2023Q3",1312.785,,,,,"I12:415","Frequency: Quarterly","R1:3513","Repository: ILO-STATISTICS - Micro data processing"
"FRA","France","BA:148","LFS - Employment Survey","EMP_5EMP_SEX_OC2_NB","Employment by sex and occupation - ISCO level 2 -- 19th ICLS (thousands)","SEX_F","Female","OC2_ISCO08_34","Occupation (ISCO-08), 2 digit level: 34 - Legal, social, cultural and related associate professionals","2023Q3",655.397,,,,,"I12:415","Frequency: Quarterly","R1:3513","Repository: ILO-STATISTICS - Micro data processing"
"FRA","France","BA:148","LFS - Employment Survey","EMP_5EMP_SEX_OC2_NB","Employment by sex and occupation - ISCO level 2 -- 19th ICLS (thousands)","SEX_F","Female","OC2_ISCO08_35","Occupation (ISCO-08), 2 digit level: 35 - Information and communications technicians","2023Q3",40.48,,,,,"I12:415","Frequency: Quarterly","R1:3513","Repository: ILO-STATISTICS - Micro data processing"
"FRA","France","BA:148","LFS - Employment Survey","EMP_5EMP_SEX_OC2_NB","Employment by sex and occupation - ISCO level 2 -- 19th ICLS (thousands)","SEX_F","Female","OC2_ISCO08_41","Occupation (ISCO-08), 2 digit level: 41 - General and keyboard clerks","2023Q3",808.011,,,,,"I12:415","Frequency: Quarterly","R1:3513","Repository: ILO-STATISTICS - Micro data processing"
"FRA","France","BA:148","LFS - Employment Survey","EMP_5EMP_SEX_OC2_NB","Employment by sex and occupation - ISCO level 2 -- 19th ICLS (thousands)","SEX_F","Female","OC2_ISCO08_42","Occupation (ISCO-08), 2 digit level: 42 - Customer services clerks","2023Q3",225.099,,,,,"I12:415","Frequency: Quarterly","R1:3513","Repository: ILO-STATISTICS - Micro data processing"
"FRA","France","BA:148","LFS - Employment Survey","EMP_5EMP_SEX_OC2_NB","Employment by sex and occupation - ISCO level 2 -- 19th ICLS (thousands)","SEX_F","Female","OC2_ISCO08_43","Occupation (ISCO-08), 2 digit level: 43 - Numerical and material recording clerks","2023Q3",396.657,,,,,"I12:415","Frequency: Quarterly","R1:3513","Repository: ILO-STATISTICS - Micro data processing"
"FRA","France","BA:148","LFS - Employment Survey","EMP_5EMP_SEX_OC2_NB","Employment by sex and occupation - ISCO level 2 -- 19th ICLS (thousands)","SEX_F","Female","OC2_ISCO08_44","Occupation (ISCO-08), 2 digit level: 44 - Other clerical support workers","2023Q3",197.551,,,,,"I12:415","Frequency: Quarterly","R1:3513","Repository: ILO-STATISTICS - Micro data processing"
"FRA","France","BA:148","LFS - Employment Survey","EMP_5EMP_SEX_OC2_NB","Employment by sex and occupation - ISCO level 2 -- 19th ICLS (thousands)","SEX_F","Female","OC2_ISCO08_51","Occupation (ISCO-08), 2 digit level: 51 - Personal service workers","2023Q3",631.577,,,,,"I12:415","Frequency: Quarterly","R1:3513","Repository: ILO-STATISTICS - Micro data processing"
"FRA","France","BA:148","LFS - Employment Survey","EMP_5EMP_SEX_OC2_NB","Employment by sex and occupation - ISCO level 2 -- 19th ICLS (thousands)","SEX_F","Female","OC2_ISCO08_52","Occupation (ISCO-08), 2 digit level: 52 - Sales workers","2023Q3",828.166,,,,,"I12:415","Frequency: Quarterly","R1:3513","Repository: ILO-STATISTICS - Micro data processing"
"FRA","France","BA:148","LFS - Employment Survey","EMP_5EMP_SEX_OC2_NB","Employment by sex and occupation - ISCO level 2 -- 19th ICLS (thousands)","SEX_F","Female","OC2_ISCO08_53","Occupation (ISCO-08), 2 digit level: 53 - Personal care workers","2023Q3",1255.666,,,,,"I12:415","Frequency: Quarterly","R1:3513","Repository: ILO-STATISTICS - Micro data processing"
"FRA","France","BA:148","LFS - Employment Survey","EMP_5EMP_SEX_OC2_NB","Employment by sex and occupation - ISCO level 2 -- 19th ICLS (thousands)","SEX_F","Female","OC2_ISCO08_54","Occupation (ISCO-08), 2 digit level: 54 - Protective services workers","2023Q3",94.284,,,,,"I12:415","Frequency: Quarterly","R1:3513","Repository: ILO-STATISTICS - Micro data processing"
"FRA","France","BA:148","LFS - Employment Survey","EMP_5EMP_SEX_OC2_NB","Employment by sex and occupation - ISCO level 2 -- 19th ICLS (thousands)","SEX_F","Female","OC2_ISCO08_61","Occupation (ISCO-08), 2 digit level: 61 - Market-oriented skilled agricultural workers","2023Q3",207.842,,,,,"I12:415","Frequency: Quarterly","R1:3513","Repository: ILO-STATISTICS - Micro data processing"
"FRA","France","BA:148","LFS - Employment Survey","EMP_5EMP_SEX_OC2_NB","Employment by sex and occupation - ISCO level 2 -- 19th ICLS (thousands)","SEX_F","Female","OC2_ISCO08_62","Occupation (ISCO-08), 2 digit level: 62 - Market-oriented skilled forestry, fishery and hunting workers","2023Q3",3.966,"U","Unreliable",,,"I12:415","Frequency: Quarterly","R1:3513","Repository: ILO-STATISTICS - Micro data processing"
"FRA","France","BA:148","LFS - Employment Survey","EMP_5EMP_SEX_OC2_NB","Employment by sex and occupation - ISCO level 2 -- 19th ICLS (thousands)","SEX_F","Female","OC2_ISCO08_71","Occupation (ISCO-08), 2 digit level: 71 - Building and related trades workers, excluding electricians","2023Q3",35.536,,,,,"I12:415","Frequency: Quarterly","R1:3513","Repository: ILO-STATISTICS - Micro data processing"
"FRA","France","BA:148","LFS - Employment Survey","EMP_5EMP_SEX_OC2_NB","Employment by sex and occupation - ISCO level 2 -- 19th ICLS (thousands)","SEX_F","Female","OC2_ISCO08_72","Occupation (ISCO-08), 2 digit level: 72 - Metal, machinery and related trades workers","2023Q3",34.351,,,,,"I12:415","Frequency: Quarterly","R1:3513","Repository: ILO-STATISTICS - Micro data processing"
"FRA","France","BA:148","LFS - Employment Survey","EMP_5EMP_SEX_OC2_NB","Employment by sex and occupation - ISCO level 2 -- 19th ICLS (thousands)","SEX_F","Female","OC2_ISCO08_73","Occupation (ISCO-08), 2 digit level: 73 - Handicraft and printing workers","2023Q3",44.574,,,,,"I12:415","Frequency: Quarterly","R1:3513","Repository: ILO-STATISTICS - Micro data processing"
"FRA","France","BA:148","LFS - Employment Survey","EMP_5EMP_SEX_OC2_NB","Employment by sex and occupation - ISCO level 2 -- 19th ICLS (thousands)","SEX_F","Female","OC2_ISCO08_74","Occupation (ISCO-08), 2 digit level: 74 - Electrical and electronic trades workers","2023Q3",6.793,"U","Unreliable",,,"I12:415","Frequency: Quarterly","R1:3513","Repository: ILO-STATISTICS - Micro data processing"
"FRA","France","BA:148","LFS - Employment Survey","EMP_5EMP_SEX_OC2_NB","Employment by sex and occupation - ISCO level 2 -- 19th ICLS (thousands)","SEX_F","Female","OC2_ISCO08_75","Occupation (ISCO-08), 2 digit level: 75 - Food processing, wood working, garment and other craft and related trades workers","2023Q3",170.466,,,,,"I12:415","Frequency: Quarterly","R1:3513","Repository: ILO-STATISTICS - Micro data processing"
"FRA","France","BA:148","LFS - Employment Survey","EMP_5EMP_SEX_OC2_NB","Employment by sex and occupation - ISCO level 2 -- 19th ICLS (thousands)","SEX_F","Female","OC2_ISCO08_81","Occupation (ISCO-08), 2 digit level: 81 - Stationary plant and machine operators","2023Q3",236.09,,,,,"I12:415","Frequency: Quarterly","R1:3513","Repository: ILO-STATISTICS - Micro data processing"
"FRA","France","BA:148","LFS - Employment Survey","EMP_5EMP_SEX_OC2_NB","Employment by sex and occupation - ISCO level 2 -- 19th ICLS (thousands)","SEX_F","Female","OC2_ISCO08_82","Occupation (ISCO-08), 2 digit level: 82 - Assemblers","2023Q3",35.14,,,,,"I12:415","Frequency: Quarterly","R1:3513","Repository: ILO-STATISTICS - Micro data processing"
"FRA","France","BA:148","LFS - Employment Survey","EMP_5EMP_SEX_OC2_NB","Employment by sex and occupation - ISCO level 2 -- 19th ICLS (thousands)","SEX_F","Female","OC2_ISCO08_83","Occupation (ISCO-08), 2 digit level: 83 - Drivers and mobile plant operators","2023Q3",86.62,,,,,"I12:415","Frequency: Quarterly","R1:3513","Repository: ILO-STATISTICS - Micro data processing"
"FRA","France","BA:148","LFS - Employment Survey","EMP_5EMP_SEX_OC2_NB","Employment by sex and occupation - ISCO level 2 -- 19th ICLS (thousands)","SEX_F","Female","OC2_ISCO08_91","Occupation (ISCO-08), 2 digit level: 91 - Cleaners and helpers","2023Q3",981.339,,,,,"I12:415","Frequency: Quarterly","R1:3513","Repository: ILO-STATISTICS - Micro data processing"
"FRA","France","BA:148","LFS - Employment Survey","EMP_5EMP_SEX_OC2_NB","Employment by sex and occupation - ISCO level 2 -- 19th ICLS (thousands)","SEX_F","Female","OC2_ISCO08_92","Occupation (ISCO-08), 2 digit level: 92 - Agricultural, forestry and fishery labourers","2023Q3",26.231,,,,,"I12:415","Frequency: Quarterly","R1:3513","Repository: ILO-STATISTICS - Micro data processing"
"FRA","France","BA:148","LFS - Employment Survey","EMP_5EMP_SEX_OC2_NB","Employment by sex and occupation - ISCO level 2 -- 19th ICLS (thousands)","SEX_F","Female","OC2_ISCO08_93","Occupation (ISCO-08), 2 digit level: 93 - Labourers in mining, construction, manufacturing and transport","2023Q3",257.25,,,,,"I12:415","Frequency: Quarterly","R1:3513","Repository: ILO-STATISTICS - Micro data processing"
"FRA","France","BA:148","LFS - Employment Survey","EMP_5EMP_SEX_OC2_NB","Employment by sex and occupation - ISCO level 2 -- 19th ICLS (thousands)","SEX_F","Female","OC2_ISCO08_94","Occupation (ISCO-08), 2 digit level: 94 - Food preparation assistants","2023Q3",148.983,,,,,"I12:415","Frequency: Quarterly","R1:3513","Repository: ILO-STATISTICS - Micro data processing"
"FRA","France","BA:148","LFS - Employment Survey","EMP_5EMP_SEX_OC2_NB","Employment by sex and occupation - ISCO level 2 -- 19th ICLS (thousands)","SEX_F","Female","OC2_ISCO08_96","Occupation (ISCO-08), 2 digit level: 96 - Refuse workers and other elementary workers","2023Q3",48.401,,,,,"I12:415","Frequency: Quarterly","R1:3513","Repository: ILO-STATISTICS - Micro data processing"
"FRA","France","BA:148","LFS - Employment Survey","EMP_5EMP_SEX_OC2_NB","Employment by sex and occupation - ISCO level 2 -- 19th ICLS (thousands)","SEX_F","Female","OC2_ISCO08_X","Occupation (ISCO-08), 2 digit level: X - Not elsewhere classified","2023Q3",73.731,,,,,"I12:415","Frequency: Quarterly","R1:3513","Repository: ILO-STATISTICS - Micro data processing"
"FRA","France","BA:148","LFS - Employment Survey","EMP_5EMP_SEX_OC2_NB","Employment by sex and occupation - ISCO level 2 -- 19th ICLS (thousands)","SEX_T","Total","OC2_ISCO08_TOTAL","Occupation (ISCO-08), 2 digit level: Total","2023Q2",28674.911,,,,,"I12:415","Frequency: Quarterly","R1:3513","Repository: ILO-STATISTICS - Micro data processing"
"FRA","France","BA:148","LFS - Employment Survey","EMP_5EMP_SEX_OC2_NB","Employment by sex and occupation - ISCO level 2 -- 19th ICLS (thousands)","SEX_T","Total","OC2_ISCO08_01","Occupation (ISCO-08), 2 digit level: 01 - Commissioned armed forces officers","2023Q2",33.667,,,,,"I12:415","Frequency: Quarterly","R1:3513","Repository: ILO-STATISTICS - Micro data processing"
"FRA","France","BA:148","LFS - Employment Survey","EMP_5EMP_SEX_OC2_NB","Employment by sex and occupation - ISCO level 2 -- 19th ICLS (thousands)","SEX_T","Total","OC2_ISCO08_02","Occupation (ISCO-08), 2 digit level: 02 - Non-commissioned armed forces officers","2023Q2",88.67,,,,,"I12:415","Frequency: Quarterly","R1:3513","Repository: ILO-STATISTICS - Micro data processing"
"FRA","France","BA:148","LFS - Employment Survey","EMP_5EMP_SEX_OC2_NB","Employment by sex and occupation - ISCO level 2 -- 19th ICLS (thousands)","SEX_T","Total","OC2_ISCO08_03","Occupation (ISCO-08), 2 digit level: 03 - Armed forces occupations, other ranks","2023Q2",84.295,,,,,"I12:415","Frequency: Quarterly","R1:3513","Repository: ILO-STATISTICS - Micro data processing"
"FRA","France","BA:148","LFS - Employment Survey","EMP_5EMP_SEX_OC2_NB","Employment by sex and occupation - ISCO level 2 -- 19th ICLS (thousands)","SEX_T","Total","OC2_ISCO08_11","Occupation (ISCO-08), 2 digit level: 11 - Chief executives, senior officials and legislators","2023Q2",225.733,,,,,"I12:415","Frequency: Quarterly","R1:3513","Repository: ILO-STATISTICS - Micro data processing"
"FRA","France","BA:148","LFS - Employment Survey","EMP_5EMP_SEX_OC2_NB","Employment by sex and occupation - ISCO level 2 -- 19th ICLS (thousands)","SEX_T","Total","OC2_ISCO08_12","Occupation (ISCO-08), 2 digit level: 12 - Administrative and commercial managers","2023Q2",612.602,,,,,"I12:415","Frequency: Quarterly","R1:3513","Repository: ILO-STATISTICS - Micro data processing"
"FRA","France","BA:148","LFS - Employment Survey","EMP_5EMP_SEX_OC2_NB","Employment by sex and occupation - ISCO level 2 -- 19th ICLS (thousands)","SEX_T","Total","OC2_ISCO08_13","Occupation (ISCO-08), 2 digit level: 13 - Production and specialised services managers","2023Q2",680.291,,,,,"I12:415","Frequency: Quarterly","R1:3513","Repository: ILO-STATISTICS - Micro data processing"
"FRA","France","BA:148","LFS - Employment Survey","EMP_5EMP_SEX_OC2_NB","Employment by sex and occupation - ISCO level 2 -- 19th ICLS (thousands)","SEX_T","Total","OC2_ISCO08_14","Occupation (ISCO-08), 2 digit level: 14 - Hospitality, retail and other services managers","2023Q2",505.678,,,,,"I12:415","Frequency: Quarterly","R1:3513","Repository: ILO-STATISTICS - Micro data processing"
"FRA","France","BA:148","LFS - Employment Survey","EMP_5EMP_SEX_OC2_NB","Employment by sex and occupation - ISCO level 2 -- 19th ICLS (thousands)","SEX_T","Total","OC2_ISCO08_21","Occupation (ISCO-08), 2 digit level: 21 - Science and engineering professionals","2023Q2",1301.774,,,,,"I12:415","Frequency: Quarterly","R1:3513","Repository: ILO-STATISTICS - Micro data processing"
"FRA","France","BA:148","LFS - Employment Survey","EMP_5EMP_SEX_OC2_NB","Employment by sex and occupation - ISCO level 2 -- 19th ICLS (thousands)","SEX_T","Total","OC2_ISCO08_22","Occupation (ISCO-08), 2 digit level: 22 - Health professionals","2023Q2",873.34,,,,,"I12:415","Frequency: Quarterly","R1:3513","Repository: ILO-STATISTICS - Micro data processing"
"FRA","France","BA:148","LFS - Employment Survey","EMP_5EMP_SEX_OC2_NB","Employment by sex and occupation - ISCO level 2 -- 19th ICLS (thousands)","SEX_T","Total","OC2_ISCO08_23","Occupation (ISCO-08), 2 digit level: 23 - Teaching professionals","2023Q2",1339.661,,,,,"I12:415","Frequency: Quarterly","R1:3513","Repository: ILO-STATISTICS - Micro data processing"
"FRA","France","BA:148","LFS - Employment Survey","EMP_5EMP_SEX_OC2_NB","Employment by sex and occupation - ISCO level 2 -- 19th ICLS (thousands)","SEX_T","Total","OC2_ISCO08_24","Occupation (ISCO-08), 2 digit level: 24 - Business and administration professionals","2023Q2",1650.441,,,,,"I12:415","Frequency: Quarterly","R1:3513","Repository: ILO-STATISTICS - Micro data processing"
"FRA","France","BA:148","LFS - Employment Survey","EMP_5EMP_SEX_OC2_NB","Employment by sex and occupation - ISCO level 2 -- 19th ICLS (thousands)","SEX_T","Total","OC2_ISCO08_25","Occupation (ISCO-08), 2 digit level: 25 - Information and communications technology professionals","2023Q2",817.599,,,,,"I12:415","Frequency: Quarterly","R1:3513","Repository: ILO-STATISTICS - Micro data processing"
"FRA","France","BA:148","LFS - Employment Survey","EMP_5EMP_SEX_OC2_NB","Employment by sex and occupation - ISCO level 2 -- 19th ICLS (thousands)","SEX_T","Total","OC2_ISCO08_26","Occupation (ISCO-08), 2 digit level: 26 - Legal, social and cultural professionals","2023Q2",873.589,,,,,"I12:415","Frequency: Quarterly","R1:3513","Repository: ILO-STATISTICS - Micro data processing"
"FRA","France","BA:148","LFS - Employment Survey","EMP_5EMP_SEX_OC2_NB","Employment by sex and occupation - ISCO level 2 -- 19th ICLS (thousands)","SEX_T","Total","OC2_ISCO08_31","Occupation (ISCO-08), 2 digit level: 31 - Science and engineering associate professionals","2023Q2",970.744,,,,,"I12:415","Frequency: Quarterly","R1:3513","Repository: ILO-STATISTICS - Micro data processing"
"FRA","France","BA:148","LFS - Employment Survey","EMP_5EMP_SEX_OC2_NB","Employment by sex and occupation - ISCO level 2 -- 19th ICLS (thousands)","SEX_T","Total","OC2_ISCO08_32","Occupation (ISCO-08), 2 digit level: 32 - Health associate professionals","2023Q2",988.881,,,,,"I12:415","Frequency: Quarterly","R1:3513","Repository: ILO-STATISTICS - Micro data processing"
"FRA","France","BA:148","LFS - Employment Survey","EMP_5EMP_SEX_OC2_NB","Employment by sex and occupation - ISCO level 2 -- 19th ICLS (thousands)","SEX_T","Total","OC2_ISCO08_33","Occupation (ISCO-08), 2 digit level: 33 - Business and administration associate professionals","2023Q2",1958.25,,,,,"I12:415","Frequency: Quarterly","R1:3513","Repository: ILO-STATISTICS - Micro data processing"
"FRA","France","BA:148","LFS - Employment Survey","EMP_5EMP_SEX_OC2_NB","Employment by sex and occupation - ISCO level 2 -- 19th ICLS (thousands)","SEX_T","Total","OC2_ISCO08_34","Occupation (ISCO-08), 2 digit level: 34 - Legal, social, cultural and related associate professionals","2023Q2",1025.56,,,,,"I12:415","Frequency: Quarterly","R1:3513","Repository: ILO-STATISTICS - Micro data processing"
"FRA","France","BA:148","LFS - Employment Survey","EMP_5EMP_SEX_OC2_NB","Employment by sex and occupation - ISCO level 2 -- 19th ICLS (thousands)","SEX_T","Total","OC2_ISCO08_35","Occupation (ISCO-08), 2 digit level: 35 - Information and communications technicians","2023Q2",212.745,,,,,"I12:415","Frequency: Quarterly","R1:3513","Repository: ILO-STATISTICS - Micro data processing"
"FRA","France","BA:148","LFS - Employment Survey","EMP_5EMP_SEX_OC2_NB","Employment by sex and occupation - ISCO level 2 -- 19th ICLS (thousands)","SEX_T","Total","OC2_ISCO08_41","Occupation (ISCO-08), 2 digit level: 41 - General and keyboard clerks","2023Q2",1026.098,,,,,"I12:415","Frequency: Quarterly","R1:3513","Repository: ILO-STATISTICS - Micro data processing"
"FRA","France","BA:148","LFS - Employment Survey","EMP_5EMP_SEX_OC2_NB","Employment by sex and occupation - ISCO level 2 -- 19th ICLS (thousands)","SEX_T","Total","OC2_ISCO08_42","Occupation (ISCO-08), 2 digit level: 42 - Customer services clerks","2023Q2",318.352,,,,,"I12:415","Frequency: Quarterly","R1:3513","Repository: ILO-STATISTICS - Micro data processing"
"FRA","France","BA:148","LFS - Employment Survey","EMP_5EMP_SEX_OC2_NB","Employment by sex and occupation - ISCO level 2 -- 19th ICLS (thousands)","SEX_T","Total","OC2_ISCO08_43","Occupation (ISCO-08), 2 digit level: 43 - Numerical and material recording clerks","2023Q2",739.593,,,,,"I12:415","Frequency: Quarterly","R1:3513","Repository: ILO-STATISTICS - Micro data processing"
"FRA","France","BA:148","LFS - Employment Survey","EMP_5EMP_SEX_OC2_NB","Employment by sex and occupation - ISCO level 2 -- 19th ICLS (thousands)","SEX_T","Total","OC2_ISCO08_44","Occupation (ISCO-08), 2 digit level: 44 - Other clerical support workers","2023Q2",282.243,,,,,"I12:415","Frequency: Quarterly","R1:3513","Repository: ILO-STATISTICS - Micro data processing"
"FRA","France","BA:148","LFS - Employment Survey","EMP_5EMP_SEX_OC2_NB","Employment by sex and occupation - ISCO level 2 -- 19th ICLS (thousands)","SEX_T","Total","OC2_ISCO08_51","Occupation (ISCO-08), 2 digit level: 51 - Personal service workers","2023Q2",1008.076,,,,,"I12:415","Frequency: Quarterly","R1:3513","Repository: ILO-STATISTICS - Micro data processing"
"FRA","France","BA:148","LFS - Employment Survey","EMP_5EMP_SEX_OC2_NB","Employment by sex and occupation - ISCO level 2 -- 19th ICLS (thousands)","SEX_T","Total","OC2_ISCO08_52","Occupation (ISCO-08), 2 digit level: 52 - Sales workers","2023Q2",1236.315,,,,,"I12:415","Frequency: Quarterly","R1:3513","Repository: ILO-STATISTICS - Micro data processing"
"FRA","France","BA:148","LFS - Employment Survey","EMP_5EMP_SEX_OC2_NB","Employment by sex and occupation - ISCO level 2 -- 19th ICLS (thousands)","SEX_T","Total","OC2_ISCO08_53","Occupation (ISCO-08), 2 digit level: 53 - Personal care workers","2023Q2",1377.447,,,,,"I12:415","Frequency: Quarterly","R1:3513","Repository: ILO-STATISTICS - Micro data processing"
"FRA","France","BA:148","LFS - Employment Survey","EMP_5EMP_SEX_OC2_NB","Employment by sex and occupation - ISCO level 2 -- 19th ICLS (thousands)","SEX_T","Total","OC2_ISCO08_54","Occupation (ISCO-08), 2 digit level: 54 - Protective services workers","2023Q2",477.21,,,,,"I12:415","Frequency: Quarterly","R1:3513","Repository: ILO-STATISTICS - Micro data processing"
"FRA","France","BA:148","LFS - Employment Survey","EMP_5EMP_SEX_OC2_NB","Employment by sex and occupation - ISCO level 2 -- 19th ICLS (thousands)","SEX_T","Total","OC2_ISCO08_61","Occupation (ISCO-08), 2 digit level: 61 - Market-oriented skilled agricultural workers","2023Q2",741.991,,,,,"I12:415","Frequency: Quarterly","R1:3513","Repository: ILO-STATISTICS - Micro data processing"
"FRA","France","BA:148","LFS - Employment Survey","EMP_5EMP_SEX_OC2_NB","Employment by sex and occupation - ISCO level 2 -- 19th ICLS (thousands)","SEX_T","Total","OC2_ISCO08_62","Occupation (ISCO-08), 2 digit level: 62 - Market-oriented skilled forestry, fishery and hunting workers","2023Q2",39.823,,,,,"I12:415","Frequency: Quarterly","R1:3513","Repository: ILO-STATISTICS - Micro data processing"
"FRA","France","BA:148","LFS - Employment Survey","EMP_5EMP_SEX_OC2_NB","Employment by sex and occupation - ISCO level 2 -- 19th ICLS (thousands)","SEX_T","Total","OC2_ISCO08_71","Occupation (ISCO-08), 2 digit level: 71 - Building and related trades workers, excluding electricians","2023Q2",1009.084,,,,,"I12:415","Frequency: Quarterly","R1:3513","Repository: ILO-STATISTICS - Micro data processing"
"FRA","France","BA:148","LFS - Employment Survey","EMP_5EMP_SEX_OC2_NB","Employment by sex and occupation - ISCO level 2 -- 19th ICLS (thousands)","SEX_T","Total","OC2_ISCO08_72","Occupation (ISCO-08), 2 digit level: 72 - Metal, machinery and related trades workers","2023Q2",825.94,,,,,"I12:415","Frequency: Quarterly","R1:3513","Repository: ILO-STATISTICS - Micro data processing"
"FRA","France","BA:148","LFS - Employment Survey","EMP_5EMP_SEX_OC2_NB","Employment by sex and occupation - ISCO level 2 -- 19th ICLS (thousands)","SEX_T","Total","OC2_ISCO08_73","Occupation (ISCO-08), 2 digit level: 73 - Handicraft and printing workers","2023Q2",107.847,,,,,"I12:415","Frequency: Quarterly","R1:3513","Repository: ILO-STATISTICS - Micro data processing"
"FRA","France","BA:148","LFS - Employment Survey","EMP_5EMP_SEX_OC2_NB","Employment by sex and occupation - ISCO level 2 -- 19th ICLS (thousands)","SEX_T","Total","OC2_ISCO08_74","Occupation (ISCO-08), 2 digit level: 74 - Electrical and electronic trades workers","2023Q2",276.755,,,,,"I12:415","Frequency: Quarterly","R1:3513","Repository: ILO-STATISTICS - Micro data processing"
"FRA","France","BA:148","LFS - Employment Survey","EMP_5EMP_SEX_OC2_NB","Employment by sex and occupation - ISCO level 2 -- 19th ICLS (thousands)","SEX_T","Total","OC2_ISCO08_75","Occupation (ISCO-08), 2 digit level: 75 - Food processing, wood working, garment and other craft and related trades workers","2023Q2",512.258,,,,,"I12:415","Frequency: Quarterly","R1:3513","Repository: ILO-STATISTICS - Micro data processing"
"FRA","France","BA:148","LFS - Employment Survey","EMP_5EMP_SEX_OC2_NB","Employment by sex and occupation - ISCO level 2 -- 19th ICLS (thousands)","SEX_T","Total","OC2_ISCO08_81","Occupation (ISCO-08), 2 digit level: 81 - Stationary plant and machine operators","2023Q2",583.663,,,,,"I12:415","Frequency: Quarterly","R1:3513","Repository: ILO-STATISTICS - Micro data processing"
"FRA","France","BA:148","LFS - Employment Survey","EMP_5EMP_SEX_OC2_NB","Employment by sex and occupation - ISCO level 2 -- 19th ICLS (thousands)","SEX_T","Total","OC2_ISCO08_82","Occupation (ISCO-08), 2 digit level: 82 - Assemblers","2023Q2",160.321,,,,,"I12:415","Frequency: Quarterly","R1:3513","Repository: ILO-STATISTICS - Micro data processing"
"FRA","France","BA:148","LFS - Employment Survey","EMP_5EMP_SEX_OC2_NB","Employment by sex and occupation - ISCO level 2 -- 19th ICLS (thousands)","SEX_T","Total","OC2_ISCO08_83","Occupation (ISCO-08), 2 digit level: 83 - Drivers and mobile plant operators","2023Q2",1094.054,,,,,"I12:415","Frequency: Quarterly","R1:3513","Repository: ILO-STATISTICS - Micro data processing"
"FRA","France","BA:148","LFS - Employment Survey","EMP_5EMP_SEX_OC2_NB","Employment by sex and occupation - ISCO level 2 -- 19th ICLS (thousands)","SEX_T","Total","OC2_ISCO08_91","Occupation (ISCO-08), 2 digit level: 91 - Cleaners and helpers","2023Q2",1135.243,,,,,"I12:415","Frequency: Quarterly","R1:3513","Repository: ILO-STATISTICS - Micro data processing"
"FRA","France","BA:148","LFS - Employment Survey","EMP_5EMP_SEX_OC2_NB","Employment by sex and occupation - ISCO level 2 -- 19th ICLS (thousands)","SEX_T","Total","OC2_ISCO08_92","Occupation (ISCO-08), 2 digit level: 92 - Agricultural, forestry and fishery labourers","2023Q2",133.564,,,,,"I12:415","Frequency: Quarterly","R1:3513","Repository: ILO-STATISTICS - Micro data processing"
"FRA","France","BA:148","LFS - Employment Survey","EMP_5EMP_SEX_OC2_NB","Employment by sex and occupation - ISCO level 2 -- 19th ICLS (thousands)","SEX_T","Total","OC2_ISCO08_93","Occupation (ISCO-08), 2 digit level: 93 - Labourers in mining, construction, manufacturing and transport","2023Q2",671.59,,,,,"I12:415","Frequency: Quarterly","R1:3513","Repository: ILO-STATISTICS - Micro data processing"
"FRA","France","BA:148","LFS - Employment Survey","EMP_5EMP_SEX_OC2_NB","Employment by sex and occupation - ISCO level 2 -- 19th ICLS (thousands)","SEX_T","Total","OC2_ISCO08_94","Occupation (ISCO-08), 2 digit level: 94 - Food preparation assistants","2023Q2",241.186,,,,,"I12:415","Frequency: Quarterly","R1:3513","Repository: ILO-STATISTICS - Micro data processing"
"FRA","France","BA:148","LFS - Employment Survey","EMP_5EMP_SEX_OC2_NB","Employment by sex and occupation - ISCO level 2 -- 19th ICLS (thousands)","SEX_T","Total","OC2_ISCO08_96","Occupation (ISCO-08), 2 digit level: 96 - Refuse workers and other elementary workers","2023Q2",242.793,,,,,"I12:415","Frequency: Quarterly","R1:3513","Repository: ILO-STATISTICS - Micro data processing"
"FRA","France","BA:148","LFS - Employment Survey","EMP_5EMP_SEX_OC2_NB","Employment by sex and occupation - ISCO level 2 -- 19th ICLS (thousands)","SEX_T","Total","OC2_ISCO08_X","Occupation (ISCO-08), 2 digit level: X - Not elsewhere classified","2023Q2",189.944,,,,,"I12:415","Frequency: Quarterly","R1:3513","Repository: ILO-STATISTICS - Micro data processing"
"FRA","France","BA:148","LFS - Employment Survey","EMP_5EMP_SEX_OC2_NB","Employment by sex and occupation - ISCO level 2 -- 19th ICLS (thousands)","SEX_M","Male","OC2_ISCO08_TOTAL","Occupation (ISCO-08), 2 digit level: Total","2023Q2",14581.846,,,,,"I12:415","Frequency: Quarterly","R1:3513","Repository: ILO-STATISTICS - Micro data processing"
"FRA","France","BA:148","LFS - Employment Survey","EMP_5EMP_SEX_OC2_NB","Employment by sex and occupation - ISCO level 2 -- 19th ICLS (thousands)","SEX_M","Male","OC2_ISCO08_01","Occupation (ISCO-08), 2 digit level: 01 - Commissioned armed forces officers","2023Q2",25.001,,,,,"I12:415","Frequency: Quarterly","R1:3513","Repository: ILO-STATISTICS - Micro data processing"
"FRA","France","BA:148","LFS - Employment Survey","EMP_5EMP_SEX_OC2_NB","Employment by sex and occupation - ISCO level 2 -- 19th ICLS (thousands)","SEX_M","Male","OC2_ISCO08_02","Occupation (ISCO-08), 2 digit level: 02 - Non-commissioned armed forces officers","2023Q2",69.639,,,,,"I12:415","Frequency: Quarterly","R1:3513","Repository: ILO-STATISTICS - Micro data processing"
"FRA","France","BA:148","LFS - Employment Survey","EMP_5EMP_SEX_OC2_NB","Employment by sex and occupation - ISCO level 2 -- 19th ICLS (thousands)","SEX_M","Male","OC2_ISCO08_03","Occupation (ISCO-08), 2 digit level: 03 - Armed forces occupations, other ranks","2023Q2",71.616,,,,,"I12:415","Frequency: Quarterly","R1:3513","Repository: ILO-STATISTICS - Micro data processing"
"FRA","France","BA:148","LFS - Employment Survey","EMP_5EMP_SEX_OC2_NB","Employment by sex and occupation - ISCO level 2 -- 19th ICLS (thousands)","SEX_M","Male","OC2_ISCO08_11","Occupation (ISCO-08), 2 digit level: 11 - Chief executives, senior officials and legislators","2023Q2",157.281,,,,,"I12:415","Frequency: Quarterly","R1:3513","Repository: ILO-STATISTICS - Micro data processing"
"FRA","France","BA:148","LFS - Employment Survey","EMP_5EMP_SEX_OC2_NB","Employment by sex and occupation - ISCO level 2 -- 19th ICLS (thousands)","SEX_M","Male","OC2_ISCO08_12","Occupation (ISCO-08), 2 digit level: 12 - Administrative and commercial managers","2023Q2",286.787,,,,,"I12:415","Frequency: Quarterly","R1:3513","Repository: ILO-STATISTICS - Micro data processing"
"FRA","France","BA:148","LFS - Employment Survey","EMP_5EMP_SEX_OC2_NB","Employment by sex and occupation - ISCO level 2 -- 19th ICLS (thousands)","SEX_M","Male","OC2_ISCO08_13","Occupation (ISCO-08), 2 digit level: 13 - Production and specialised services managers","2023Q2",479.026,,,,,"I12:415","Frequency: Quarterly","R1:3513","Repository: ILO-STATISTICS - Micro data processing"
"FRA","France","BA:148","LFS - Employment Survey","EMP_5EMP_SEX_OC2_NB","Employment by sex and occupation - ISCO level 2 -- 19th ICLS (thousands)","SEX_M","Male","OC2_ISCO08_14","Occupation (ISCO-08), 2 digit level: 14 - Hospitality, retail and other services managers","2023Q2",308.216,,,,,"I12:415","Frequency: Quarterly","R1:3513","Repository: ILO-STATISTICS - Micro data processing"
"FRA","France","BA:148","LFS - Employment Survey","EMP_5EMP_SEX_OC2_NB","Employment by sex and occupation - ISCO level 2 -- 19th ICLS (thousands)","SEX_M","Male","OC2_ISCO08_21","Occupation (ISCO-08), 2 digit level: 21 - Science and engineering professionals","2023Q2",828.265,,,,,"I12:415","Frequency: Quarterly","R1:3513","Repository: ILO-STATISTICS - Micro data processing"
"FRA","France","BA:148","LFS - Employment Survey","EMP_5EMP_SEX_OC2_NB","Employment by sex and occupation - ISCO level 2 -- 19th ICLS (thousands)","SEX_M","Male","OC2_ISCO08_22","Occupation (ISCO-08), 2 digit level: 22 - Health professionals","2023Q2",297.588,,,,,"I12:415","Frequency: Quarterly","R1:3513","Repository: ILO-STATISTICS - Micro data processing"
"FRA","France","BA:148","LFS - Employment Survey","EMP_5EMP_SEX_OC2_NB","Employment by sex and occupation - ISCO level 2 -- 19th ICLS (thousands)","SEX_M","Male","OC2_ISCO08_23","Occupation (ISCO-08), 2 digit level: 23 - Teaching professionals","2023Q2",466.265,,,,,"I12:415","Frequency: Quarterly","R1:3513","Repository: ILO-STATISTICS - Micro data processing"
"FRA","France","BA:148","LFS - Employment Survey","EMP_5EMP_SEX_OC2_NB","Employment by sex and occupation - ISCO level 2 -- 19th ICLS (thousands)","SEX_M","Male","OC2_ISCO08_24","Occupation (ISCO-08), 2 digit level: 24 - Business and administration professionals","2023Q2",860.063,,,,,"I12:415","Frequency: Quarterly","R1:3513","Repository: ILO-STATISTICS - Micro data processing"
"FRA","France","BA:148","LFS - Employment Survey","EMP_5EMP_SEX_OC2_NB","Employment by sex and occupation - ISCO level 2 -- 19th ICLS (thousands)","SEX_M","Male","OC2_ISCO08_25","Occupation (ISCO-08), 2 digit level: 25 - Information and communications technology professionals","2023Q2",660.221,,,,,"I12:415","Frequency: Quarterly","R1:3513","Repository: ILO-STATISTICS - Micro data processing"
"FRA","France","BA:148","LFS - Employment Survey","EMP_5EMP_SEX_OC2_NB","Employment by sex and occupation - ISCO level 2 -- 19th ICLS (thousands)","SEX_M","Male","OC2_ISCO08_26","Occupation (ISCO-08), 2 digit level: 26 - Legal, social and cultural professionals","2023Q2",299.513,,,,,"I12:415","Frequency: Quarterly","R1:3513","Repository: ILO-STATISTICS - Micro data processing"
"FRA","France","BA:148","LFS - Employment Survey","EMP_5EMP_SEX_OC2_NB","Employment by sex and occupation - ISCO level 2 -- 19th ICLS (thousands)","SEX_M","Male","OC2_ISCO08_31","Occupation (ISCO-08), 2 digit level: 31 - Science and engineering associate professionals","2023Q2",756.573,,,,,"I12:415","Frequency: Quarterly","R1:3513","Repository: ILO-STATISTICS - Micro data processing"
"FRA","France","BA:148","LFS - Employment Survey","EMP_5EMP_SEX_OC2_NB","Employment by sex and occupation - ISCO level 2 -- 19th ICLS (thousands)","SEX_M","Male","OC2_ISCO08_32","Occupation (ISCO-08), 2 digit level: 32 - Health associate professionals","2023Q2",227.666,,,,,"I12:415","Frequency: Quarterly","R1:3513","Repository: ILO-STATISTICS - Micro data processing"
"FRA","France","BA:148","LFS - Employment Survey","EMP_5EMP_SEX_OC2_NB","Employment by sex and occupation - ISCO level 2 -- 19th ICLS (thousands)","SEX_M","Male","OC2_ISCO08_33","Occupation (ISCO-08), 2 digit level: 33 - Business and administration associate professionals","2023Q2",651.768,,,,,"I12:415","Frequency: Quarterly","R1:3513","Repository: ILO-STATISTICS - Micro data processing"
"FRA","France","BA:148","LFS - Employment Survey","EMP_5EMP_SEX_OC2_NB","Employment by sex and occupation - ISCO level 2 -- 19th ICLS (thousands)","SEX_M","Male","OC2_ISCO08_34","Occupation (ISCO-08), 2 digit level: 34 - Legal, social, cultural and related associate professionals","2023Q2",373.7,,,,,"I12:415","Frequency: Quarterly","R1:3513","Repository: ILO-STATISTICS - Micro data processing"
"FRA","France","BA:148","LFS - Employment Survey","EMP_5EMP_SEX_OC2_NB","Employment by sex and occupation - ISCO level 2 -- 19th ICLS (thousands)","SEX_M","Male","OC2_ISCO08_35","Occupation (ISCO-08), 2 digit level: 35 - Information and communications technicians","2023Q2",173.546,,,,,"I12:415","Frequency: Quarterly","R1:3513","Repository: ILO-STATISTICS - Micro data processing"
"FRA","France","BA:148","LFS - Employment Survey","EMP_5EMP_SEX_OC2_NB","Employment by sex and occupation - ISCO level 2 -- 19th ICLS (thousands)","SEX_M","Male","OC2_ISCO08_41","Occupation (ISCO-08), 2 digit level: 41 - General and keyboard clerks","2023Q2",146.03,,,,,"I12:415","Frequency: Quarterly","R1:3513","Repository: ILO-STATISTICS - Micro data processing"
"FRA","France","BA:148","LFS - Employment Survey","EMP_5EMP_SEX_OC2_NB","Employment by sex and occupation - ISCO level 2 -- 19th ICLS (thousands)","SEX_M","Male","OC2_ISCO08_42","Occupation (ISCO-08), 2 digit level: 42 - Customer services clerks","2023Q2",82.355,,,,,"I12:415","Frequency: Quarterly","R1:3513","Repository: ILO-STATISTICS - Micro data processing"
"FRA","France","BA:148","LFS - Employment Survey","EMP_5EMP_SEX_OC2_NB","Employment by sex and occupation - ISCO level 2 -- 19th ICLS (thousands)","SEX_M","Male","OC2_ISCO08_43","Occupation (ISCO-08), 2 digit level: 43 - Numerical and material recording clerks","2023Q2",341.668,,,,,"I12:415","Frequency: Quarterly","R1:3513","Repository: ILO-STATISTICS - Micro data processing"
"FRA","France","BA:148","LFS - Employment Survey","EMP_5EMP_SEX_OC2_NB","Employment by sex and occupation - ISCO level 2 -- 19th ICLS (thousands)","SEX_M","Male","OC2_ISCO08_44","Occupation (ISCO-08), 2 digit level: 44 - Other clerical support workers","2023Q2",93.673,,,,,"I12:415","Frequency: Quarterly","R1:3513","Repository: ILO-STATISTICS - Micro data processing"
"FRA","France","BA:148","LFS - Employment Survey","EMP_5EMP_SEX_OC2_NB","Employment by sex and occupation - ISCO level 2 -- 19th ICLS (thousands)","SEX_M","Male","OC2_ISCO08_51","Occupation (ISCO-08), 2 digit level: 51 - Personal service workers","2023Q2",404.68,,,,,"I12:415","Frequency: Quarterly","R1:3513","Repository: ILO-STATISTICS - Micro data processing"
"FRA","France","BA:148","LFS - Employment Survey","EMP_5EMP_SEX_OC2_NB","Employment by sex and occupation - ISCO level 2 -- 19th ICLS (thousands)","SEX_M","Male","OC2_ISCO08_52","Occupation (ISCO-08), 2 digit level: 52 - Sales workers","2023Q2",439.716,,,,,"I12:415","Frequency: Quarterly","R1:3513","Repository: ILO-STATISTICS - Micro data processing"
"FRA","France","BA:148","LFS - Employment Survey","EMP_5EMP_SEX_OC2_NB","Employment by sex and occupation - ISCO level 2 -- 19th ICLS (thousands)","SEX_M","Male","OC2_ISCO08_53","Occupation (ISCO-08), 2 digit level: 53 - Personal care workers","2023Q2",100.265,,,,,"I12:415","Frequency: Quarterly","R1:3513","Repository: ILO-STATISTICS - Micro data processing"
"FRA","France","BA:148","LFS - Employment Survey","EMP_5EMP_SEX_OC2_NB","Employment by sex and occupation - ISCO level 2 -- 19th ICLS (thousands)","SEX_M","Male","OC2_ISCO08_54","Occupation (ISCO-08), 2 digit level: 54 - Protective services workers","2023Q2",383.66,,,,,"I12:415","Frequency: Quarterly","R1:3513","Repository: ILO-STATISTICS - Micro data processing"
"FRA","France","BA:148","LFS - Employment Survey","EMP_5EMP_SEX_OC2_NB","Employment by sex and occupation - ISCO level 2 -- 19th ICLS (thousands)","SEX_M","Male","OC2_ISCO08_61","Occupation (ISCO-08), 2 digit level: 61 - Market-oriented skilled agricultural workers","2023Q2",548.827,,,,,"I12:415","Frequency: Quarterly","R1:3513","Repository: ILO-STATISTICS - Micro data processing"
"FRA","France","BA:148","LFS - Employment Survey","EMP_5EMP_SEX_OC2_NB","Employment by sex and occupation - ISCO level 2 -- 19th ICLS (thousands)","SEX_M","Male","OC2_ISCO08_62","Occupation (ISCO-08), 2 digit level: 62 - Market-oriented skilled forestry, fishery and hunting workers","2023Q2",35.577,,,,,"I12:415","Frequency: Quarterly","R1:3513","Repository: ILO-STATISTICS - Micro data processing"
"FRA","France","BA:148","LFS - Employment Survey","EMP_5EMP_SEX_OC2_NB","Employment by sex and occupation - ISCO level 2 -- 19th ICLS (thousands)","SEX_M","Male","OC2_ISCO08_71","Occupation (ISCO-08), 2 digit level: 71 - Building and related trades workers, excluding electricians","2023Q2",979.58,,,,,"I12:415","Frequency: Quarterly","R1:3513","Repository: ILO-STATISTICS - Micro data processing"
"FRA","France","BA:148","LFS - Employment Survey","EMP_5EMP_SEX_OC2_NB","Employment by sex and occupation - ISCO level 2 -- 19th ICLS (thousands)","SEX_M","Male","OC2_ISCO08_72","Occupation (ISCO-08), 2 digit level: 72 - Metal, machinery and related trades workers","2023Q2",786.268,,,,,"I12:415","Frequency: Quarterly","R1:3513","Repository: ILO-STATISTICS - Micro data processing"
"FRA","France","BA:148","LFS - Employment Survey","EMP_5EMP_SEX_OC2_NB","Employment by sex and occupation - ISCO level 2 -- 19th ICLS (thousands)","SEX_M","Male","OC2_ISCO08_73","Occupation (ISCO-08), 2 digit level: 73 - Handicraft and printing workers","2023Q2",61.978,,,,,"I12:415","Frequency: Quarterly","R1:3513","Repository: ILO-STATISTICS - Micro data processing"
"FRA","France","BA:148","LFS - Employment Survey","EMP_5EMP_SEX_OC2_NB","Employment by sex and occupation - ISCO level 2 -- 19th ICLS (thousands)","SEX_M","Male","OC2_ISCO08_74","Occupation (ISCO-08), 2 digit level: 74 - Electrical and electronic trades workers","2023Q2",271.993,,,,,"I12:415","Frequency: Quarterly","R1:3513","Repository: ILO-STATISTICS - Micro data processing"
"FRA","France","BA:148","LFS - Employment Survey","EMP_5EMP_SEX_OC2_NB","Employment by sex and occupation - ISCO level 2 -- 19th ICLS (thousands)","SEX_M","Male","OC2_ISCO08_75","Occupation (ISCO-08), 2 digit level: 75 - Food processing, wood working, garment and other craft and related trades workers","2023Q2",348.207,,,,,"I12:415","Frequency: Quarterly","R1:3513","Repository: ILO-STATISTICS - Micro data processing"
"FRA","France","BA:148","LFS - Employment Survey","EMP_5EMP_SEX_OC2_NB","Employment by sex and occupation - ISCO level 2 -- 19th ICLS (thousands)","SEX_M","Male","OC2_ISCO08_81","Occupation (ISCO-08), 2 digit level: 81 - Stationary plant and machine operators","2023Q2",351.627,,,,,"I12:415","Frequency: Quarterly","R1:3513","Repository: ILO-STATISTICS - Micro data processing"
"FRA","France","BA:148","LFS - Employment Survey","EMP_5EMP_SEX_OC2_NB","Employment by sex and occupation - ISCO level 2 -- 19th ICLS (thousands)","SEX_M","Male","OC2_ISCO08_82","Occupation (ISCO-08), 2 digit level: 82 - Assemblers","2023Q2",109.538,,,,,"I12:415","Frequency: Quarterly","R1:3513","Repository: ILO-STATISTICS - Micro data processing"
"FRA","France","BA:148","LFS - Employment Survey","EMP_5EMP_SEX_OC2_NB","Employment by sex and occupation - ISCO level 2 -- 19th ICLS (thousands)","SEX_M","Male","OC2_ISCO08_83","Occupation (ISCO-08), 2 digit level: 83 - Drivers and mobile plant operators","2023Q2",1005.258,,,,,"I12:415","Frequency: Quarterly","R1:3513","Repository: ILO-STATISTICS - Micro data processing"
"FRA","France","BA:148","LFS - Employment Survey","EMP_5EMP_SEX_OC2_NB","Employment by sex and occupation - ISCO level 2 -- 19th ICLS (thousands)","SEX_M","Male","OC2_ISCO08_91","Occupation (ISCO-08), 2 digit level: 91 - Cleaners and helpers","2023Q2",183.669,,,,,"I12:415","Frequency: Quarterly","R1:3513","Repository: ILO-STATISTICS - Micro data processing"
"FRA","France","BA:148","LFS - Employment Survey","EMP_5EMP_SEX_OC2_NB","Employment by sex and occupation - ISCO level 2 -- 19th ICLS (thousands)","SEX_M","Male","OC2_ISCO08_92","Occupation (ISCO-08), 2 digit level: 92 - Agricultural, forestry and fishery labourers","2023Q2",106.741,,,,,"I12:415","Frequency: Quarterly","R1:3513","Repository: ILO-STATISTICS - Micro data processing"
"FRA","France","BA:148","LFS - Employment Survey","EMP_5EMP_SEX_OC2_NB","Employment by sex and occupation - ISCO level 2 -- 19th ICLS (thousands)","SEX_M","Male","OC2_ISCO08_93","Occupation (ISCO-08), 2 digit level: 93 - Labourers in mining, construction, manufacturing and transport","2023Q2",435.743,,,,,"I12:415","Frequency: Quarterly","R1:3513","Repository: ILO-STATISTICS - Micro data processing"
"FRA","France","BA:148","LFS - Employment Survey","EMP_5EMP_SEX_OC2_NB","Employment by sex and occupation - ISCO level 2 -- 19th ICLS (thousands)","SEX_M","Male","OC2_ISCO08_94","Occupation (ISCO-08), 2 digit level: 94 - Food preparation assistants","2023Q2",83.569,,,,,"I12:415","Frequency: Quarterly","R1:3513","Repository: ILO-STATISTICS - Micro data processing"
"FRA","France","BA:148","LFS - Employment Survey","EMP_5EMP_SEX_OC2_NB","Employment by sex and occupation - ISCO level 2 -- 19th ICLS (thousands)","SEX_M","Male","OC2_ISCO08_96","Occupation (ISCO-08), 2 digit level: 96 - Refuse workers and other elementary workers","2023Q2",188.519,,,,,"I12:415","Frequency: Quarterly","R1:3513","Repository: ILO-STATISTICS - Micro data processing"
"FRA","France","BA:148","LFS - Employment Survey","EMP_5EMP_SEX_OC2_NB","Employment by sex and occupation - ISCO level 2 -- 19th ICLS (thousands)","SEX_M","Male","OC2_ISCO08_X","Occupation (ISCO-08), 2 digit level: X - Not elsewhere classified","2023Q2",99.976,,,,,"I12:415","Frequency: Quarterly","R1:3513","Repository: ILO-STATISTICS - Micro data processing"
"FRA","France","BA:148","LFS - Employment Survey","EMP_5EMP_SEX_OC2_NB","Employment by sex and occupation - ISCO level 2 -- 19th ICLS (thousands)","SEX_F","Female","OC2_ISCO08_TOTAL","Occupation (ISCO-08), 2 digit level: Total","2023Q2",14093.065,,,,,"I12:415","Frequency: Quarterly","R1:3513","Repository: ILO-STATISTICS - Micro data processing"
"FRA","France","BA:148","LFS - Employment Survey","EMP_5EMP_SEX_OC2_NB","Employment by sex and occupation - ISCO level 2 -- 19th ICLS (thousands)","SEX_F","Female","OC2_ISCO08_01","Occupation (ISCO-08), 2 digit level: 01 - Commissioned armed forces officers","2023Q2",8.666,"U","Unreliable",,,"I12:415","Frequency: Quarterly","R1:3513","Repository: ILO-STATISTICS - Micro data processing"
"FRA","France","BA:148","LFS - Employment Survey","EMP_5EMP_SEX_OC2_NB","Employment by sex and occupation - ISCO level 2 -- 19th ICLS (thousands)","SEX_F","Female","OC2_ISCO08_02","Occupation (ISCO-08), 2 digit level: 02 - Non-commissioned armed forces officers","2023Q2",19.032,,,,,"I12:415","Frequency: Quarterly","R1:3513","Repository: ILO-STATISTICS - Micro data processing"
"FRA","France","BA:148","LFS - Employment Survey","EMP_5EMP_SEX_OC2_NB","Employment by sex and occupation - ISCO level 2 -- 19th ICLS (thousands)","SEX_F","Female","OC2_ISCO08_03","Occupation (ISCO-08), 2 digit level: 03 - Armed forces occupations, other ranks","2023Q2",12.679,,,,,"I12:415","Frequency: Quarterly","R1:3513","Repository: ILO-STATISTICS - Micro data processing"
"FRA","France","BA:148","LFS - Employment Survey","EMP_5EMP_SEX_OC2_NB","Employment by sex and occupation - ISCO level 2 -- 19th ICLS (thousands)","SEX_F","Female","OC2_ISCO08_11","Occupation (ISCO-08), 2 digit level: 11 - Chief executives, senior officials and legislators","2023Q2",68.452,,,,,"I12:415","Frequency: Quarterly","R1:3513","Repository: ILO-STATISTICS - Micro data processing"
"FRA","France","BA:148","LFS - Employment Survey","EMP_5EMP_SEX_OC2_NB","Employment by sex and occupation - ISCO level 2 -- 19th ICLS (thousands)","SEX_F","Female","OC2_ISCO08_12","Occupation (ISCO-08), 2 digit level: 12 - Administrative and commercial managers","2023Q2",325.815,,,,,"I12:415","Frequency: Quarterly","R1:3513","Repository: ILO-STATISTICS - Micro data processing"
"FRA","France","BA:148","LFS - Employment Survey","EMP_5EMP_SEX_OC2_NB","Employment by sex and occupation - ISCO level 2 -- 19th ICLS (thousands)","SEX_F","Female","OC2_ISCO08_13","Occupation (ISCO-08), 2 digit level: 13 - Production and specialised services managers","2023Q2",201.266,,,,,"I12:415","Frequency: Quarterly","R1:3513","Repository: ILO-STATISTICS - Micro data processing"
"FRA","France","BA:148","LFS - Employment Survey","EMP_5EMP_SEX_OC2_NB","Employment by sex and occupation - ISCO level 2 -- 19th ICLS (thousands)","SEX_F","Female","OC2_ISCO08_14","Occupation (ISCO-08), 2 digit level: 14 - Hospitality, retail and other services managers","2023Q2",197.462,,,,,"I12:415","Frequency: Quarterly","R1:3513","Repository: ILO-STATISTICS - Micro data processing"
"FRA","France","BA:148","LFS - Employment Survey","EMP_5EMP_SEX_OC2_NB","Employment by sex and occupation - ISCO level 2 -- 19th ICLS (thousands)","SEX_F","Female","OC2_ISCO08_21","Occupation (ISCO-08), 2 digit level: 21 - Science and engineering professionals","2023Q2",473.508,,,,,"I12:415","Frequency: Quarterly","R1:3513","Repository: ILO-STATISTICS - Micro data processing"
"FRA","France","BA:148","LFS - Employment Survey","EMP_5EMP_SEX_OC2_NB","Employment by sex and occupation - ISCO level 2 -- 19th ICLS (thousands)","SEX_F","Female","OC2_ISCO08_22","Occupation (ISCO-08), 2 digit level: 22 - Health professionals","2023Q2",575.752,,,,,"I12:415","Frequency: Quarterly","R1:3513","Repository: ILO-STATISTICS - Micro data processing"
"FRA","France","BA:148","LFS - Employment Survey","EMP_5EMP_SEX_OC2_NB","Employment by sex and occupation - ISCO level 2 -- 19th ICLS (thousands)","SEX_F","Female","OC2_ISCO08_23","Occupation (ISCO-08), 2 digit level: 23 - Teaching professionals","2023Q2",873.397,,,,,"I12:415","Frequency: Quarterly","R1:3513","Repository: ILO-STATISTICS - Micro data processing"
"FRA","France","BA:148","LFS - Employment Survey","EMP_5EMP_SEX_OC2_NB","Employment by sex and occupation - ISCO level 2 -- 19th ICLS (thousands)","SEX_F","Female","OC2_ISCO08_24","Occupation (ISCO-08), 2 digit level: 24 - Business and administration professionals","2023Q2",790.378,,,,,"I12:415","Frequency: Quarterly","R1:3513","Repository: ILO-STATISTICS - Micro data processing"
"FRA","France","BA:148","LFS - Employment Survey","EMP_5EMP_SEX_OC2_NB","Employment by sex and occupation - ISCO level 2 -- 19th ICLS (thousands)","SEX_F","Female","OC2_ISCO08_25","Occupation (ISCO-08), 2 digit level: 25 - Information and communications technology professionals","2023Q2",157.378,,,,,"I12:415","Frequency: Quarterly","R1:3513","Repository: ILO-STATISTICS - Micro data processing"
"FRA","France","BA:148","LFS - Employment Survey","EMP_5EMP_SEX_OC2_NB","Employment by sex and occupation - ISCO level 2 -- 19th ICLS (thousands)","SEX_F","Female","OC2_ISCO08_26","Occupation (ISCO-08), 2 digit level: 26 - Legal, social and cultural professionals","2023Q2",574.076,,,,,"I12:415","Frequency: Quarterly","R1:3513","Repository: ILO-STATISTICS - Micro data processing"
"FRA","France","BA:148","LFS - Employment Survey","EMP_5EMP_SEX_OC2_NB","Employment by sex and occupation - ISCO level 2 -- 19th ICLS (thousands)","SEX_F","Female","OC2_ISCO08_31","Occupation (ISCO-08), 2 digit level: 31 - Science and engineering associate professionals","2023Q2",214.171,,,,,"I12:415","Frequency: Quarterly","R1:3513","Repository: ILO-STATISTICS - Micro data processing"
"FRA","France","BA:148","LFS - Employment Survey","EMP_5EMP_SEX_OC2_NB","Employment by sex and occupation - ISCO level 2 -- 19th ICLS (thousands)","SEX_F","Female","OC2_ISCO08_32","Occupation (ISCO-08), 2 digit level: 32 - Health associate professionals","2023Q2",761.216,,,,,"I12:415","Frequency: Quarterly","R1:3513","Repository: ILO-STATISTICS - Micro data processing"
"FRA","France","BA:148","LFS - Employment Survey","EMP_5EMP_SEX_OC2_NB","Employment by sex and occupation - ISCO level 2 -- 19th ICLS (thousands)","SEX_F","Female","OC2_ISCO08_33","Occupation (ISCO-08), 2 digit level: 33 - Business and administration associate professionals","2023Q2",1306.482,,,,,"I12:415","Frequency: Quarterly","R1:3513","Repository: ILO-STATISTICS - Micro data processing"
"FRA","France","BA:148","LFS - Employment Survey","EMP_5EMP_SEX_OC2_NB","Employment by sex and occupation - ISCO level 2 -- 19th ICLS (thousands)","SEX_F","Female","OC2_ISCO08_34","Occupation (ISCO-08), 2 digit level: 34 - Legal, social, cultural and related associate professionals","2023Q2",651.86,,,,,"I12:415","Frequency: Quarterly","R1:3513","Repository: ILO-STATISTICS - Micro data processing"
"FRA","France","BA:148","LFS - Employment Survey","EMP_5EMP_SEX_OC2_NB","Employment by sex and occupation - ISCO level 2 -- 19th ICLS (thousands)","SEX_F","Female","OC2_ISCO08_35","Occupation (ISCO-08), 2 digit level: 35 - Information and communications technicians","2023Q2",39.199,,,,,"I12:415","Frequency: Quarterly","R1:3513","Repository: ILO-STATISTICS - Micro data processing"
"FRA","France","BA:148","LFS - Employment Survey","EMP_5EMP_SEX_OC2_NB","Employment by sex and occupation - ISCO level 2 -- 19th ICLS (thousands)","SEX_F","Female","OC2_ISCO08_41","Occupation (ISCO-08), 2 digit level: 41 - General and keyboard clerks","2023Q2",880.068,,,,,"I12:415","Frequency: Quarterly","R1:3513","Repository: ILO-STATISTICS - Micro data processing"
"FRA","France","BA:148","LFS - Employment Survey","EMP_5EMP_SEX_OC2_NB","Employment by sex and occupation - ISCO level 2 -- 19th ICLS (thousands)","SEX_F","Female","OC2_ISCO08_42","Occupation (ISCO-08), 2 digit level: 42 - Customer services clerks","2023Q2",235.997,,,,,"I12:415","Frequency: Quarterly","R1:3513","Repository: ILO-STATISTICS - Micro data processing"
"FRA","France","BA:148","LFS - Employment Survey","EMP_5EMP_SEX_OC2_NB","Employment by sex and occupation - ISCO level 2 -- 19th ICLS (thousands)","SEX_F","Female","OC2_ISCO08_43","Occupation (ISCO-08), 2 digit level: 43 - Numerical and material recording clerks","2023Q2",397.925,,,,,"I12:415","Frequency: Quarterly","R1:3513","Repository: ILO-STATISTICS - Micro data processing"
"FRA","France","BA:148","LFS - Employment Survey","EMP_5EMP_SEX_OC2_NB","Employment by sex and occupation - ISCO level 2 -- 19th ICLS (thousands)","SEX_F","Female","OC2_ISCO08_44","Occupation (ISCO-08), 2 digit level: 44 - Other clerical support workers","2023Q2",188.57,,,,,"I12:415","Frequency: Quarterly","R1:3513","Repository: ILO-STATISTICS - Micro data processing"
"FRA","France","BA:148","LFS - Employment Survey","EMP_5EMP_SEX_OC2_NB","Employment by sex and occupation - ISCO level 2 -- 19th ICLS (thousands)","SEX_F","Female","OC2_ISCO08_51","Occupation (ISCO-08), 2 digit level: 51 - Personal service workers","2023Q2",603.397,,,,,"I12:415","Frequency: Quarterly","R1:3513","Repository: ILO-STATISTICS - Micro data processing"
"FRA","France","BA:148","LFS - Employment Survey","EMP_5EMP_SEX_OC2_NB","Employment by sex and occupation - ISCO level 2 -- 19th ICLS (thousands)","SEX_F","Female","OC2_ISCO08_52","Occupation (ISCO-08), 2 digit level: 52 - Sales workers","2023Q2",796.598,,,,,"I12:415","Frequency: Quarterly","R1:3513","Repository: ILO-STATISTICS - Micro data processing"
"FRA","France","BA:148","LFS - Employment Survey","EMP_5EMP_SEX_OC2_NB","Employment by sex and occupation - ISCO level 2 -- 19th ICLS (thousands)","SEX_F","Female","OC2_ISCO08_53","Occupation (ISCO-08), 2 digit level: 53 - Personal care workers","2023Q2",1277.181,,,,,"I12:415","Frequency: Quarterly","R1:3513","Repository: ILO-STATISTICS - Micro data processing"
"FRA","France","BA:148","LFS - Employment Survey","EMP_5EMP_SEX_OC2_NB","Employment by sex and occupation - ISCO level 2 -- 19th ICLS (thousands)","SEX_F","Female","OC2_ISCO08_54","Occupation (ISCO-08), 2 digit level: 54 - Protective services workers","2023Q2",93.55,,,,,"I12:415","Frequency: Quarterly","R1:3513","Repository: ILO-STATISTICS - Micro data processing"
"FRA","France","BA:148","LFS - Employment Survey","EMP_5EMP_SEX_OC2_NB","Employment by sex and occupation - ISCO level 2 -- 19th ICLS (thousands)","SEX_F","Female","OC2_ISCO08_61","Occupation (ISCO-08), 2 digit level: 61 - Market-oriented skilled agricultural workers","2023Q2",193.164,,,,,"I12:415","Frequency: Quarterly","R1:3513","Repository: ILO-STATISTICS - Micro data processing"
"FRA","France","BA:148","LFS - Employment Survey","EMP_5EMP_SEX_OC2_NB","Employment by sex and occupation - ISCO level 2 -- 19th ICLS (thousands)","SEX_F","Female","OC2_ISCO08_62","Occupation (ISCO-08), 2 digit level: 62 - Market-oriented skilled forestry, fishery and hunting workers","2023Q2",4.246,"U","Unreliable",,,"I12:415","Frequency: Quarterly","R1:3513","Repository: ILO-STATISTICS - Micro data processing"
"FRA","France","BA:148","LFS - Employment Survey","EMP_5EMP_SEX_OC2_NB","Employment by sex and occupation - ISCO level 2 -- 19th ICLS (thousands)","SEX_F","Female","OC2_ISCO08_71","Occupation (ISCO-08), 2 digit level: 71 - Building and related trades workers, excluding electricians","2023Q2",29.504,,,,,"I12:415","Frequency: Quarterly","R1:3513","Repository: ILO-STATISTICS - Micro data processing"
"FRA","France","BA:148","LFS - Employment Survey","EMP_5EMP_SEX_OC2_NB","Employment by sex and occupation - ISCO level 2 -- 19th ICLS (thousands)","SEX_F","Female","OC2_ISCO08_72","Occupation (ISCO-08), 2 digit level: 72 - Metal, machinery and related trades workers","2023Q2",39.672,,,,,"I12:415","Frequency: Quarterly","R1:3513","Repository: ILO-STATISTICS - Micro data processing"
"FRA","France","BA:148","LFS - Employment Survey","EMP_5EMP_SEX_OC2_NB","Employment by sex and occupation - ISCO level 2 -- 19th ICLS (thousands)","SEX_F","Female","OC2_ISCO08_73","Occupation (ISCO-08), 2 digit level: 73 - Handicraft and printing workers","2023Q2",45.868,,,,,"I12:415","Frequency: Quarterly","R1:3513","Repository: ILO-STATISTICS - Micro data processing"
"FRA","France","BA:148","LFS - Employment Survey","EMP_5EMP_SEX_OC2_NB","Employment by sex and occupation - ISCO level 2 -- 19th ICLS (thousands)","SEX_F","Female","OC2_ISCO08_74","Occupation (ISCO-08), 2 digit level: 74 - Electrical and electronic trades workers","2023Q2",4.763,"U","Unreliable",,,"I12:415","Frequency: Quarterly","R1:3513","Repository: ILO-STATISTICS - Micro data processing"
"FRA","France","BA:148","LFS - Employment Survey","EMP_5EMP_SEX_OC2_NB","Employment by sex and occupation - ISCO level 2 -- 19th ICLS (thousands)","SEX_F","Female","OC2_ISCO08_75","Occupation (ISCO-08), 2 digit level: 75 - Food processing, wood working, garment and other craft and related trades workers","2023Q2",164.051,,,,,"I12:415","Frequency: Quarterly","R1:3513","Repository: ILO-STATISTICS - Micro data processing"
"FRA","France","BA:148","LFS - Employment Survey","EMP_5EMP_SEX_OC2_NB","Employment by sex and occupation - ISCO level 2 -- 19th ICLS (thousands)","SEX_F","Female","OC2_ISCO08_81","Occupation (ISCO-08), 2 digit level: 81 - Stationary plant and machine operators","2023Q2",232.037,,,,,"I12:415","Frequency: Quarterly","R1:3513","Repository: ILO-STATISTICS - Micro data processing"
"FRA","France","BA:148","LFS - Employment Survey","EMP_5EMP_SEX_OC2_NB","Employment by sex and occupation - ISCO level 2 -- 19th ICLS (thousands)","SEX_F","Female","OC2_ISCO08_82","Occupation (ISCO-08), 2 digit level: 82 - Assemblers","2023Q2",50.784,,,,,"I12:415","Frequency: Quarterly","R1:3513","Repository: ILO-STATISTICS - Micro data processing"
"FRA","France","BA:148","LFS - Employment Survey","EMP_5EMP_SEX_OC2_NB","Employment by sex and occupation - ISCO level 2 -- 19th ICLS (thousands)","SEX_F","Female","OC2_ISCO08_83","Occupation (ISCO-08), 2 digit level: 83 - Drivers and mobile plant operators","2023Q2",88.796,,,,,"I12:415","Frequency: Quarterly","R1:3513","Repository: ILO-STATISTICS - Micro data processing"
"FRA","France","BA:148","LFS - Employment Survey","EMP_5EMP_SEX_OC2_NB","Employment by sex and occupation - ISCO level 2 -- 19th ICLS (thousands)","SEX_F","Female","OC2_ISCO08_91","Occupation (ISCO-08), 2 digit level: 91 - Cleaners and helpers","2023Q2",951.574,,,,,"I12:415","Frequency: Quarterly","R1:3513","Repository: ILO-STATISTICS - Micro data processing"
"FRA","France","BA:148","LFS - Employment Survey","EMP_5EMP_SEX_OC2_NB","Employment by sex and occupation - ISCO level 2 -- 19th ICLS (thousands)","SEX_F","Female","OC2_ISCO08_92","Occupation (ISCO-08), 2 digit level: 92 - Agricultural, forestry and fishery labourers","2023Q2",26.823,,,,,"I12:415","Frequency: Quarterly","R1:3513","Repository: ILO-STATISTICS - Micro data processing"
"FRA","France","BA:148","LFS - Employment Survey","EMP_5EMP_SEX_OC2_NB","Employment by sex and occupation - ISCO level 2 -- 19th ICLS (thousands)","SEX_F","Female","OC2_ISCO08_93","Occupation (ISCO-08), 2 digit level: 93 - Labourers in mining, construction, manufacturing and transport","2023Q2",235.848,,,,,"I12:415","Frequency: Quarterly","R1:3513","Repository: ILO-STATISTICS - Micro data processing"
"FRA","France","BA:148","LFS - Employment Survey","EMP_5EMP_SEX_OC2_NB","Employment by sex and occupation - ISCO level 2 -- 19th ICLS (thousands)","SEX_F","Female","OC2_ISCO08_94","Occupation (ISCO-08), 2 digit level: 94 - Food preparation assistants","2023Q2",157.617,,,,,"I12:415","Frequency: Quarterly","R1:3513","Repository: ILO-STATISTICS - Micro data processing"
"FRA","France","BA:148","LFS - Employment Survey","EMP_5EMP_SEX_OC2_NB","Employment by sex and occupation - ISCO level 2 -- 19th ICLS (thousands)","SEX_F","Female","OC2_ISCO08_96","Occupation (ISCO-08), 2 digit level: 96 - Refuse workers and other elementary workers","2023Q2",54.274,,,,,"I12:415","Frequency: Quarterly","R1:3513","Repository: ILO-STATISTICS - Micro data processing"
"FRA","France","BA:148","LFS - Employment Survey","EMP_5EMP_SEX_OC2_NB","Employment by sex and occupation - ISCO level 2 -- 19th ICLS (thousands)","SEX_F","Female","OC2_ISCO08_X","Occupation (ISCO-08), 2 digit level: X - Not elsewhere classified","2023Q2",89.968,,,,,"I12:415","Frequency: Quarterly","R1:3513","Repository: ILO-STATISTICS - Micro data processing"
"FRA","France","BA:148","LFS - Employment Survey","EMP_5EMP_SEX_OC2_NB","Employment by sex and occupation - ISCO level 2 -- 19th ICLS (thousands)","SEX_T","Total","OC2_ISCO08_TOTAL","Occupation (ISCO-08), 2 digit level: Total","2023Q1",28448.004,,,,,"I12:415","Frequency: Quarterly","R1:3513","Repository: ILO-STATISTICS - Micro data processing"
"FRA","France","BA:148","LFS - Employment Survey","EMP_5EMP_SEX_OC2_NB","Employment by sex and occupation - ISCO level 2 -- 19th ICLS (thousands)","SEX_T","Total","OC2_ISCO08_01","Occupation (ISCO-08), 2 digit level: 01 - Commissioned armed forces officers","2023Q1",30.495,,,,,"I12:415","Frequency: Quarterly","R1:3513","Repository: ILO-STATISTICS - Micro data processing"
"FRA","France","BA:148","LFS - Employment Survey","EMP_5EMP_SEX_OC2_NB","Employment by sex and occupation - ISCO level 2 -- 19th ICLS (thousands)","SEX_T","Total","OC2_ISCO08_02","Occupation (ISCO-08), 2 digit level: 02 - Non-commissioned armed forces officers","2023Q1",97.652,,,,,"I12:415","Frequency: Quarterly","R1:3513","Repository: ILO-STATISTICS - Micro data processing"
"FRA","France","BA:148","LFS - Employment Survey","EMP_5EMP_SEX_OC2_NB","Employment by sex and occupation - ISCO level 2 -- 19th ICLS (thousands)","SEX_T","Total","OC2_ISCO08_03","Occupation (ISCO-08), 2 digit level: 03 - Armed forces occupations, other ranks","2023Q1",73.265,,,,,"I12:415","Frequency: Quarterly","R1:3513","Repository: ILO-STATISTICS - Micro data processing"
"FRA","France","BA:148","LFS - Employment Survey","EMP_5EMP_SEX_OC2_NB","Employment by sex and occupation - ISCO level 2 -- 19th ICLS (thousands)","SEX_T","Total","OC2_ISCO08_11","Occupation (ISCO-08), 2 digit level: 11 - Chief executives, senior officials and legislators","2023Q1",222.546,,,,,"I12:415","Frequency: Quarterly","R1:3513","Repository: ILO-STATISTICS - Micro data processing"
"FRA","France","BA:148","LFS - Employment Survey","EMP_5EMP_SEX_OC2_NB","Employment by sex and occupation - ISCO level 2 -- 19th ICLS (thousands)","SEX_T","Total","OC2_ISCO08_12","Occupation (ISCO-08), 2 digit level: 12 - Administrative and commercial managers","2023Q1",607.843,,,,,"I12:415","Frequency: Quarterly","R1:3513","Repository: ILO-STATISTICS - Micro data processing"
"FRA","France","BA:148","LFS - Employment Survey","EMP_5EMP_SEX_OC2_NB","Employment by sex and occupation - ISCO level 2 -- 19th ICLS (thousands)","SEX_T","Total","OC2_ISCO08_13","Occupation (ISCO-08), 2 digit level: 13 - Production and specialised services managers","2023Q1",685.924,,,,,"I12:415","Frequency: Quarterly","R1:3513","Repository: ILO-STATISTICS - Micro data processing"
"FRA","France","BA:148","LFS - Employment Survey","EMP_5EMP_SEX_OC2_NB","Employment by sex and occupation - ISCO level 2 -- 19th ICLS (thousands)","SEX_T","Total","OC2_ISCO08_14","Occupation (ISCO-08), 2 digit level: 14 - Hospitality, retail and other services managers","2023Q1",506.476,,,,,"I12:415","Frequency: Quarterly","R1:3513","Repository: ILO-STATISTICS - Micro data processing"
"FRA","France","BA:148","LFS - Employment Survey","EMP_5EMP_SEX_OC2_NB","Employment by sex and occupation - ISCO level 2 -- 19th ICLS (thousands)","SEX_T","Total","OC2_ISCO08_21","Occupation (ISCO-08), 2 digit level: 21 - Science and engineering professionals","2023Q1",1305.018,,,,,"I12:415","Frequency: Quarterly","R1:3513","Repository: ILO-STATISTICS - Micro data processing"
"FRA","France","BA:148","LFS - Employment Survey","EMP_5EMP_SEX_OC2_NB","Employment by sex and occupation - ISCO level 2 -- 19th ICLS (thousands)","SEX_T","Total","OC2_ISCO08_22","Occupation (ISCO-08), 2 digit level: 22 - Health professionals","2023Q1",776.464,,,,,"I12:415","Frequency: Quarterly","R1:3513","Repository: ILO-STATISTICS - Micro data processing"
"FRA","France","BA:148","LFS - Employment Survey","EMP_5EMP_SEX_OC2_NB","Employment by sex and occupation - ISCO level 2 -- 19th ICLS (thousands)","SEX_T","Total","OC2_ISCO08_23","Occupation (ISCO-08), 2 digit level: 23 - Teaching professionals","2023Q1",1326.83,,,,,"I12:415","Frequency: Quarterly","R1:3513","Repository: ILO-STATISTICS - Micro data processing"
"FRA","France","BA:148","LFS - Employment Survey","EMP_5EMP_SEX_OC2_NB","Employment by sex and occupation - ISCO level 2 -- 19th ICLS (thousands)","SEX_T","Total","OC2_ISCO08_24","Occupation (ISCO-08), 2 digit level: 24 - Business and administration professionals","2023Q1",1712.085,,,,,"I12:415","Frequency: Quarterly","R1:3513","Repository: ILO-STATISTICS - Micro data processing"
"FRA","France","BA:148","LFS - Employment Survey","EMP_5EMP_SEX_OC2_NB","Employment by sex and occupation - ISCO level 2 -- 19th ICLS (thousands)","SEX_T","Total","OC2_ISCO08_25","Occupation (ISCO-08), 2 digit level: 25 - Information and communications technology professionals","2023Q1",799.791,,,,,"I12:415","Frequency: Quarterly","R1:3513","Repository: ILO-STATISTICS - Micro data processing"
"FRA","France","BA:148","LFS - Employment Survey","EMP_5EMP_SEX_OC2_NB","Employment by sex and occupation - ISCO level 2 -- 19th ICLS (thousands)","SEX_T","Total","OC2_ISCO08_26","Occupation (ISCO-08), 2 digit level: 26 - Legal, social and cultural professionals","2023Q1",885.215,,,,,"I12:415","Frequency: Quarterly","R1:3513","Repository: ILO-STATISTICS - Micro data processing"
"FRA","France","BA:148","LFS - Employment Survey","EMP_5EMP_SEX_OC2_NB","Employment by sex and occupation - ISCO level 2 -- 19th ICLS (thousands)","SEX_T","Total","OC2_ISCO08_31","Occupation (ISCO-08), 2 digit level: 31 - Science and engineering associate professionals","2023Q1",972.365,,,,,"I12:415","Frequency: Quarterly","R1:3513","Repository: ILO-STATISTICS - Micro data processing"
"FRA","France","BA:148","LFS - Employment Survey","EMP_5EMP_SEX_OC2_NB","Employment by sex and occupation - ISCO level 2 -- 19th ICLS (thousands)","SEX_T","Total","OC2_ISCO08_32","Occupation (ISCO-08), 2 digit level: 32 - Health associate professionals","2023Q1",978.229,,,,,"I12:415","Frequency: Quarterly","R1:3513","Repository: ILO-STATISTICS - Micro data processing"
"FRA","France","BA:148","LFS - Employment Survey","EMP_5EMP_SEX_OC2_NB","Employment by sex and occupation - ISCO level 2 -- 19th ICLS (thousands)","SEX_T","Total","OC2_ISCO08_33","Occupation (ISCO-08), 2 digit level: 33 - Business and administration associate professionals","2023Q1",1912.883,,,,,"I12:415","Frequency: Quarterly","R1:3513","Repository: ILO-STATISTICS - Micro data processing"
"FRA","France","BA:148","LFS - Employment Survey","EMP_5EMP_SEX_OC2_NB","Employment by sex and occupation - ISCO level 2 -- 19th ICLS (thousands)","SEX_T","Total","OC2_ISCO08_34","Occupation (ISCO-08), 2 digit level: 34 - Legal, social, cultural and related associate professionals","2023Q1",1035.117,,,,,"I12:415","Frequency: Quarterly","R1:3513","Repository: ILO-STATISTICS - Micro data processing"
"FRA","France","BA:148","LFS - Employment Survey","EMP_5EMP_SEX_OC2_NB","Employment by sex and occupation - ISCO level 2 -- 19th ICLS (thousands)","SEX_T","Total","OC2_ISCO08_35","Occupation (ISCO-08), 2 digit level: 35 - Information and communications technicians","2023Q1",210.886,,,,,"I12:415","Frequency: Quarterly","R1:3513","Repository: ILO-STATISTICS - Micro data processing"
"FRA","France","BA:148","LFS - Employment Survey","EMP_5EMP_SEX_OC2_NB","Employment by sex and occupation - ISCO level 2 -- 19th ICLS (thousands)","SEX_T","Total","OC2_ISCO08_41","Occupation (ISCO-08), 2 digit level: 41 - General and keyboard clerks","2023Q1",1005.85,,,,,"I12:415","Frequency: Quarterly","R1:3513","Repository: ILO-STATISTICS - Micro data processing"
"FRA","France","BA:148","LFS - Employment Survey","EMP_5EMP_SEX_OC2_NB","Employment by sex and occupation - ISCO level 2 -- 19th ICLS (thousands)","SEX_T","Total","OC2_ISCO08_42","Occupation (ISCO-08), 2 digit level: 42 - Customer services clerks","2023Q1",294.528,,,,,"I12:415","Frequency: Quarterly","R1:3513","Repository: ILO-STATISTICS - Micro data processing"
"FRA","France","BA:148","LFS - Employment Survey","EMP_5EMP_SEX_OC2_NB","Employment by sex and occupation - ISCO level 2 -- 19th ICLS (thousands)","SEX_T","Total","OC2_ISCO08_43","Occupation (ISCO-08), 2 digit level: 43 - Numerical and material recording clerks","2023Q1",733.714,,,,,"I12:415","Frequency: Quarterly","R1:3513","Repository: ILO-STATISTICS - Micro data processing"
"FRA","France","BA:148","LFS - Employment Survey","EMP_5EMP_SEX_OC2_NB","Employment by sex and occupation - ISCO level 2 -- 19th ICLS (thousands)","SEX_T","Total","OC2_ISCO08_44","Occupation (ISCO-08), 2 digit level: 44 - Other clerical support workers","2023Q1",282.239,,,,,"I12:415","Frequency: Quarterly","R1:3513","Repository: ILO-STATISTICS - Micro data processing"
"FRA","France","BA:148","LFS - Employment Survey","EMP_5EMP_SEX_OC2_NB","Employment by sex and occupation - ISCO level 2 -- 19th ICLS (thousands)","SEX_T","Total","OC2_ISCO08_51","Occupation (ISCO-08), 2 digit level: 51 - Personal service workers","2023Q1",963.044,,,,,"I12:415","Frequency: Quarterly","R1:3513","Repository: ILO-STATISTICS - Micro data processing"
"FRA","France","BA:148","LFS - Employment Survey","EMP_5EMP_SEX_OC2_NB","Employment by sex and occupation - ISCO level 2 -- 19th ICLS (thousands)","SEX_T","Total","OC2_ISCO08_52","Occupation (ISCO-08), 2 digit level: 52 - Sales workers","2023Q1",1265.435,,,,,"I12:415","Frequency: Quarterly","R1:3513","Repository: ILO-STATISTICS - Micro data processing"
"FRA","France","BA:148","LFS - Employment Survey","EMP_5EMP_SEX_OC2_NB","Employment by sex and occupation - ISCO level 2 -- 19th ICLS (thousands)","SEX_T","Total","OC2_ISCO08_53","Occupation (ISCO-08), 2 digit level: 53 - Personal care workers","2023Q1",1378.364,,,,,"I12:415","Frequency: Quarterly","R1:3513","Repository: ILO-STATISTICS - Micro data processing"
"FRA","France","BA:148","LFS - Employment Survey","EMP_5EMP_SEX_OC2_NB","Employment by sex and occupation - ISCO level 2 -- 19th ICLS (thousands)","SEX_T","Total","OC2_ISCO08_54","Occupation (ISCO-08), 2 digit level: 54 - Protective services workers","2023Q1",458.159,,,,,"I12:415","Frequency: Quarterly","R1:3513","Repository: ILO-STATISTICS - Micro data processing"
"FRA","France","BA:148","LFS - Employment Survey","EMP_5EMP_SEX_OC2_NB","Employment by sex and occupation - ISCO level 2 -- 19th ICLS (thousands)","SEX_T","Total","OC2_ISCO08_61","Occupation (ISCO-08), 2 digit level: 61 - Market-oriented skilled agricultural workers","2023Q1",735.846,,,,,"I12:415","Frequency: Quarterly","R1:3513","Repository: ILO-STATISTICS - Micro data processing"
"FRA","France","BA:148","LFS - Employment Survey","EMP_5EMP_SEX_OC2_NB","Employment by sex and occupation - ISCO level 2 -- 19th ICLS (thousands)","SEX_T","Total","OC2_ISCO08_62","Occupation (ISCO-08), 2 digit level: 62 - Market-oriented skilled forestry, fishery and hunting workers","2023Q1",46.378,,,,,"I12:415","Frequency: Quarterly","R1:3513","Repository: ILO-STATISTICS - Micro data processing"
"FRA","France","BA:148","LFS - Employment Survey","EMP_5EMP_SEX_OC2_NB","Employment by sex and occupation - ISCO level 2 -- 19th ICLS (thousands)","SEX_T","Total","OC2_ISCO08_71","Occupation (ISCO-08), 2 digit level: 71 - Building and related trades workers, excluding electricians","2023Q1",1017.055,,,,,"I12:415","Frequency: Quarterly","R1:3513","Repository: ILO-STATISTICS - Micro data processing"
"FRA","France","BA:148","LFS - Employment Survey","EMP_5EMP_SEX_OC2_NB","Employment by sex and occupation - ISCO level 2 -- 19th ICLS (thousands)","SEX_T","Total","OC2_ISCO08_72","Occupation (ISCO-08), 2 digit level: 72 - Metal, machinery and related trades workers","2023Q1",800.903,,,,,"I12:415","Frequency: Quarterly","R1:3513","Repository: ILO-STATISTICS - Micro data processing"
"FRA","France","BA:148","LFS - Employment Survey","EMP_5EMP_SEX_OC2_NB","Employment by sex and occupation - ISCO level 2 -- 19th ICLS (thousands)","SEX_T","Total","OC2_ISCO08_73","Occupation (ISCO-08), 2 digit level: 73 - Handicraft and printing workers","2023Q1",112.135,,,,,"I12:415","Frequency: Quarterly","R1:3513","Repository: ILO-STATISTICS - Micro data processing"
"FRA","France","BA:148","LFS - Employment Survey","EMP_5EMP_SEX_OC2_NB","Employment by sex and occupation - ISCO level 2 -- 19th ICLS (thousands)","SEX_T","Total","OC2_ISCO08_74","Occupation (ISCO-08), 2 digit level: 74 - Electrical and electronic trades workers","2023Q1",293.182,,,,,"I12:415","Frequency: Quarterly","R1:3513","Repository: ILO-STATISTICS - Micro data processing"
"FRA","France","BA:148","LFS - Employment Survey","EMP_5EMP_SEX_OC2_NB","Employment by sex and occupation - ISCO level 2 -- 19th ICLS (thousands)","SEX_T","Total","OC2_ISCO08_75","Occupation (ISCO-08), 2 digit level: 75 - Food processing, wood working, garment and other craft and related trades workers","2023Q1",510.33,,,,,"I12:415","Frequency: Quarterly","R1:3513","Repository: ILO-STATISTICS - Micro data processing"
"FRA","France","BA:148","LFS - Employment Survey","EMP_5EMP_SEX_OC2_NB","Employment by sex and occupation - ISCO level 2 -- 19th ICLS (thousands)","SEX_T","Total","OC2_ISCO08_81","Occupation (ISCO-08), 2 digit level: 81 - Stationary plant and machine operators","2023Q1",605.437,,,,,"I12:415","Frequency: Quarterly","R1:3513","Repository: ILO-STATISTICS - Micro data processing"
"FRA","France","BA:148","LFS - Employment Survey","EMP_5EMP_SEX_OC2_NB","Employment by sex and occupation - ISCO level 2 -- 19th ICLS (thousands)","SEX_T","Total","OC2_ISCO08_82","Occupation (ISCO-08), 2 digit level: 82 - Assemblers","2023Q1",153.594,,,,,"I12:415","Frequency: Quarterly","R1:3513","Repository: ILO-STATISTICS - Micro data processing"
"FRA","France","BA:148","LFS - Employment Survey","EMP_5EMP_SEX_OC2_NB","Employment by sex and occupation - ISCO level 2 -- 19th ICLS (thousands)","SEX_T","Total","OC2_ISCO08_83","Occupation (ISCO-08), 2 digit level: 83 - Drivers and mobile plant operators","2023Q1",1104.392,,,,,"I12:415","Frequency: Quarterly","R1:3513","Repository: ILO-STATISTICS - Micro data processing"
"FRA","France","BA:148","LFS - Employment Survey","EMP_5EMP_SEX_OC2_NB","Employment by sex and occupation - ISCO level 2 -- 19th ICLS (thousands)","SEX_T","Total","OC2_ISCO08_91","Occupation (ISCO-08), 2 digit level: 91 - Cleaners and helpers","2023Q1",1143.016,,,,,"I12:415","Frequency: Quarterly","R1:3513","Repository: ILO-STATISTICS - Micro data processing"
"FRA","France","BA:148","LFS - Employment Survey","EMP_5EMP_SEX_OC2_NB","Employment by sex and occupation - ISCO level 2 -- 19th ICLS (thousands)","SEX_T","Total","OC2_ISCO08_92","Occupation (ISCO-08), 2 digit level: 92 - Agricultural, forestry and fishery labourers","2023Q1",128.8,,,,,"I12:415","Frequency: Quarterly","R1:3513","Repository: ILO-STATISTICS - Micro data processing"
"FRA","France","BA:148","LFS - Employment Survey","EMP_5EMP_SEX_OC2_NB","Employment by sex and occupation - ISCO level 2 -- 19th ICLS (thousands)","SEX_T","Total","OC2_ISCO08_93","Occupation (ISCO-08), 2 digit level: 93 - Labourers in mining, construction, manufacturing and transport","2023Q1",642.03,,,,,"I12:415","Frequency: Quarterly","R1:3513","Repository: ILO-STATISTICS - Micro data processing"
"FRA","France","BA:148","LFS - Employment Survey","EMP_5EMP_SEX_OC2_NB","Employment by sex and occupation - ISCO level 2 -- 19th ICLS (thousands)","SEX_T","Total","OC2_ISCO08_94","Occupation (ISCO-08), 2 digit level: 94 - Food preparation assistants","2023Q1",224.597,,,,,"I12:415","Frequency: Quarterly","R1:3513","Repository: ILO-STATISTICS - Micro data processing"
"FRA","France","BA:148","LFS - Employment Survey","EMP_5EMP_SEX_OC2_NB","Employment by sex and occupation - ISCO level 2 -- 19th ICLS (thousands)","SEX_T","Total","OC2_ISCO08_96","Occupation (ISCO-08), 2 digit level: 96 - Refuse workers and other elementary workers","2023Q1",222.072,,,,,"I12:415","Frequency: Quarterly","R1:3513","Repository: ILO-STATISTICS - Micro data processing"
"FRA","France","BA:148","LFS - Employment Survey","EMP_5EMP_SEX_OC2_NB","Employment by sex and occupation - ISCO level 2 -- 19th ICLS (thousands)","SEX_T","Total","OC2_ISCO08_X","Occupation (ISCO-08), 2 digit level: X - Not elsewhere classified","2023Q1",187.822,,,,,"I12:415","Frequency: Quarterly","R1:3513","Repository: ILO-STATISTICS - Micro data processing"
"FRA","France","BA:148","LFS - Employment Survey","EMP_5EMP_SEX_OC2_NB","Employment by sex and occupation - ISCO level 2 -- 19th ICLS (thousands)","SEX_M","Male","OC2_ISCO08_TOTAL","Occupation (ISCO-08), 2 digit level: Total","2023Q1",14511.267,,,,,"I12:415","Frequency: Quarterly","R1:3513","Repository: ILO-STATISTICS - Micro data processing"
"FRA","France","BA:148","LFS - Employment Survey","EMP_5EMP_SEX_OC2_NB","Employment by sex and occupation - ISCO level 2 -- 19th ICLS (thousands)","SEX_M","Male","OC2_ISCO08_01","Occupation (ISCO-08), 2 digit level: 01 - Commissioned armed forces officers","2023Q1",26.061,,,,,"I12:415","Frequency: Quarterly","R1:3513","Repository: ILO-STATISTICS - Micro data processing"
"FRA","France","BA:148","LFS - Employment Survey","EMP_5EMP_SEX_OC2_NB","Employment by sex and occupation - ISCO level 2 -- 19th ICLS (thousands)","SEX_M","Male","OC2_ISCO08_02","Occupation (ISCO-08), 2 digit level: 02 - Non-commissioned armed forces officers","2023Q1",76.807,,,,,"I12:415","Frequency: Quarterly","R1:3513","Repository: ILO-STATISTICS - Micro data processing"
"FRA","France","BA:148","LFS - Employment Survey","EMP_5EMP_SEX_OC2_NB","Employment by sex and occupation - ISCO level 2 -- 19th ICLS (thousands)","SEX_M","Male","OC2_ISCO08_03","Occupation (ISCO-08), 2 digit level: 03 - Armed forces occupations, other ranks","2023Q1",57.045,,,,,"I12:415","Frequency: Quarterly","R1:3513","Repository: ILO-STATISTICS - Micro data processing"
"FRA","France","BA:148","LFS - Employment Survey","EMP_5EMP_SEX_OC2_NB","Employment by sex and occupation - ISCO level 2 -- 19th ICLS (thousands)","SEX_M","Male","OC2_ISCO08_11","Occupation (ISCO-08), 2 digit level: 11 - Chief executives, senior officials and legislators","2023Q1",153.655,,,,,"I12:415","Frequency: Quarterly","R1:3513","Repository: ILO-STATISTICS - Micro data processing"
"FRA","France","BA:148","LFS - Employment Survey","EMP_5EMP_SEX_OC2_NB","Employment by sex and occupation - ISCO level 2 -- 19th ICLS (thousands)","SEX_M","Male","OC2_ISCO08_12","Occupation (ISCO-08), 2 digit level: 12 - Administrative and commercial managers","2023Q1",288.814,,,,,"I12:415","Frequency: Quarterly","R1:3513","Repository: ILO-STATISTICS - Micro data processing"
"FRA","France","BA:148","LFS - Employment Survey","EMP_5EMP_SEX_OC2_NB","Employment by sex and occupation - ISCO level 2 -- 19th ICLS (thousands)","SEX_M","Male","OC2_ISCO08_13","Occupation (ISCO-08), 2 digit level: 13 - Production and specialised services managers","2023Q1",479.799,,,,,"I12:415","Frequency: Quarterly","R1:3513","Repository: ILO-STATISTICS - Micro data processing"
"FRA","France","BA:148","LFS - Employment Survey","EMP_5EMP_SEX_OC2_NB","Employment by sex and occupation - ISCO level 2 -- 19th ICLS (thousands)","SEX_M","Male","OC2_ISCO08_14","Occupation (ISCO-08), 2 digit level: 14 - Hospitality, retail and other services managers","2023Q1",304.089,,,,,"I12:415","Frequency: Quarterly","R1:3513","Repository: ILO-STATISTICS - Micro data processing"
"FRA","France","BA:148","LFS - Employment Survey","EMP_5EMP_SEX_OC2_NB","Employment by sex and occupation - ISCO level 2 -- 19th ICLS (thousands)","SEX_M","Male","OC2_ISCO08_21","Occupation (ISCO-08), 2 digit level: 21 - Science and engineering professionals","2023Q1",834.306,,,,,"I12:415","Frequency: Quarterly","R1:3513","Repository: ILO-STATISTICS - Micro data processing"
"FRA","France","BA:148","LFS - Employment Survey","EMP_5EMP_SEX_OC2_NB","Employment by sex and occupation - ISCO level 2 -- 19th ICLS (thousands)","SEX_M","Male","OC2_ISCO08_22","Occupation (ISCO-08), 2 digit level: 22 - Health professionals","2023Q1",264.87,,,,,"I12:415","Frequency: Quarterly","R1:3513","Repository: ILO-STATISTICS - Micro data processing"
"FRA","France","BA:148","LFS - Employment Survey","EMP_5EMP_SEX_OC2_NB","Employment by sex and occupation - ISCO level 2 -- 19th ICLS (thousands)","SEX_M","Male","OC2_ISCO08_23","Occupation (ISCO-08), 2 digit level: 23 - Teaching professionals","2023Q1",458.781,,,,,"I12:415","Frequency: Quarterly","R1:3513","Repository: ILO-STATISTICS - Micro data processing"
"FRA","France","BA:148","LFS - Employment Survey","EMP_5EMP_SEX_OC2_NB","Employment by sex and occupation - ISCO level 2 -- 19th ICLS (thousands)","SEX_M","Male","OC2_ISCO08_24","Occupation (ISCO-08), 2 digit level: 24 - Business and administration professionals","2023Q1",885.458,,,,,"I12:415","Frequency: Quarterly","R1:3513","Repository: ILO-STATISTICS - Micro data processing"
"FRA","France","BA:148","LFS - Employment Survey","EMP_5EMP_SEX_OC2_NB","Employment by sex and occupation - ISCO level 2 -- 19th ICLS (thousands)","SEX_M","Male","OC2_ISCO08_25","Occupation (ISCO-08), 2 digit level: 25 - Information and communications technology professionals","2023Q1",651.298,,,,,"I12:415","Frequency: Quarterly","R1:3513","Repository: ILO-STATISTICS - Micro data processing"
"FRA","France","BA:148","LFS - Employment Survey","EMP_5EMP_SEX_OC2_NB","Employment by sex and occupation - ISCO level 2 -- 19th ICLS (thousands)","SEX_M","Male","OC2_ISCO08_26","Occupation (ISCO-08), 2 digit level: 26 - Legal, social and cultural professionals","2023Q1",302.981,,,,,"I12:415","Frequency: Quarterly","R1:3513","Repository: ILO-STATISTICS - Micro data processing"
"FRA","France","BA:148","LFS - Employment Survey","EMP_5EMP_SEX_OC2_NB","Employment by sex and occupation - ISCO level 2 -- 19th ICLS (thousands)","SEX_M","Male","OC2_ISCO08_31","Occupation (ISCO-08), 2 digit level: 31 - Science and engineering associate professionals","2023Q1",764.665,,,,,"I12:415","Frequency: Quarterly","R1:3513","Repository: ILO-STATISTICS - Micro data processing"
"FRA","France","BA:148","LFS - Employment Survey","EMP_5EMP_SEX_OC2_NB","Employment by sex and occupation - ISCO level 2 -- 19th ICLS (thousands)","SEX_M","Male","OC2_ISCO08_32","Occupation (ISCO-08), 2 digit level: 32 - Health associate professionals","2023Q1",224.63,,,,,"I12:415","Frequency: Quarterly","R1:3513","Repository: ILO-STATISTICS - Micro data processing"
"FRA","France","BA:148","LFS - Employment Survey","EMP_5EMP_SEX_OC2_NB","Employment by sex and occupation - ISCO level 2 -- 19th ICLS (thousands)","SEX_M","Male","OC2_ISCO08_33","Occupation (ISCO-08), 2 digit level: 33 - Business and administration associate professionals","2023Q1",628.903,,,,,"I12:415","Frequency: Quarterly","R1:3513","Repository: ILO-STATISTICS - Micro data processing"
"FRA","France","BA:148","LFS - Employment Survey","EMP_5EMP_SEX_OC2_NB","Employment by sex and occupation - ISCO level 2 -- 19th ICLS (thousands)","SEX_M","Male","OC2_ISCO08_34","Occupation (ISCO-08), 2 digit level: 34 - Legal, social, cultural and related associate professionals","2023Q1",377.704,,,,,"I12:415","Frequency: Quarterly","R1:3513","Repository: ILO-STATISTICS - Micro data processing"
"FRA","France","BA:148","LFS - Employment Survey","EMP_5EMP_SEX_OC2_NB","Employment by sex and occupation - ISCO level 2 -- 19th ICLS (thousands)","SEX_M","Male","OC2_ISCO08_35","Occupation (ISCO-08), 2 digit level: 35 - Information and communications technicians","2023Q1",178.828,,,,,"I12:415","Frequency: Quarterly","R1:3513","Repository: ILO-STATISTICS - Micro data processing"
"FRA","France","BA:148","LFS - Employment Survey","EMP_5EMP_SEX_OC2_NB","Employment by sex and occupation - ISCO level 2 -- 19th ICLS (thousands)","SEX_M","Male","OC2_ISCO08_41","Occupation (ISCO-08), 2 digit level: 41 - General and keyboard clerks","2023Q1",131.864,,,,,"I12:415","Frequency: Quarterly","R1:3513","Repository: ILO-STATISTICS - Micro data processing"
"FRA","France","BA:148","LFS - Employment Survey","EMP_5EMP_SEX_OC2_NB","Employment by sex and occupation - ISCO level 2 -- 19th ICLS (thousands)","SEX_M","Male","OC2_ISCO08_42","Occupation (ISCO-08), 2 digit level: 42 - Customer services clerks","2023Q1",73.209,,,,,"I12:415","Frequency: Quarterly","R1:3513","Repository: ILO-STATISTICS - Micro data processing"
"FRA","France","BA:148","LFS - Employment Survey","EMP_5EMP_SEX_OC2_NB","Employment by sex and occupation - ISCO level 2 -- 19th ICLS (thousands)","SEX_M","Male","OC2_ISCO08_43","Occupation (ISCO-08), 2 digit level: 43 - Numerical and material recording clerks","2023Q1",337.781,,,,,"I12:415","Frequency: Quarterly","R1:3513","Repository: ILO-STATISTICS - Micro data processing"
"FRA","France","BA:148","LFS - Employment Survey","EMP_5EMP_SEX_OC2_NB","Employment by sex and occupation - ISCO level 2 -- 19th ICLS (thousands)","SEX_M","Male","OC2_ISCO08_44","Occupation (ISCO-08), 2 digit level: 44 - Other clerical support workers","2023Q1",97.467,,,,,"I12:415","Frequency: Quarterly","R1:3513","Repository: ILO-STATISTICS - Micro data processing"
"FRA","France","BA:148","LFS - Employment Survey","EMP_5EMP_SEX_OC2_NB","Employment by sex and occupation - ISCO level 2 -- 19th ICLS (thousands)","SEX_M","Male","OC2_ISCO08_51","Occupation (ISCO-08), 2 digit level: 51 - Personal service workers","2023Q1",391.424,,,,,"I12:415","Frequency: Quarterly","R1:3513","Repository: ILO-STATISTICS - Micro data processing"
"FRA","France","BA:148","LFS - Employment Survey","EMP_5EMP_SEX_OC2_NB","Employment by sex and occupation - ISCO level 2 -- 19th ICLS (thousands)","SEX_M","Male","OC2_ISCO08_52","Occupation (ISCO-08), 2 digit level: 52 - Sales workers","2023Q1",467.828,,,,,"I12:415","Frequency: Quarterly","R1:3513","Repository: ILO-STATISTICS - Micro data processing"
"FRA","France","BA:148","LFS - Employment Survey","EMP_5EMP_SEX_OC2_NB","Employment by sex and occupation - ISCO level 2 -- 19th ICLS (thousands)","SEX_M","Male","OC2_ISCO08_53","Occupation (ISCO-08), 2 digit level: 53 - Personal care workers","2023Q1",110.045,,,,,"I12:415","Frequency: Quarterly","R1:3513","Repository: ILO-STATISTICS - Micro data processing"
"FRA","France","BA:148","LFS - Employment Survey","EMP_5EMP_SEX_OC2_NB","Employment by sex and occupation - ISCO level 2 -- 19th ICLS (thousands)","SEX_M","Male","OC2_ISCO08_54","Occupation (ISCO-08), 2 digit level: 54 - Protective services workers","2023Q1",372.066,,,,,"I12:415","Frequency: Quarterly","R1:3513","Repository: ILO-STATISTICS - Micro data processing"
"FRA","France","BA:148","LFS - Employment Survey","EMP_5EMP_SEX_OC2_NB","Employment by sex and occupation - ISCO level 2 -- 19th ICLS (thousands)","SEX_M","Male","OC2_ISCO08_61","Occupation (ISCO-08), 2 digit level: 61 - Market-oriented skilled agricultural workers","2023Q1",544.099,,,,,"I12:415","Frequency: Quarterly","R1:3513","Repository: ILO-STATISTICS - Micro data processing"
"FRA","France","BA:148","LFS - Employment Survey","EMP_5EMP_SEX_OC2_NB","Employment by sex and occupation - ISCO level 2 -- 19th ICLS (thousands)","SEX_M","Male","OC2_ISCO08_62","Occupation (ISCO-08), 2 digit level: 62 - Market-oriented skilled forestry, fishery and hunting workers","2023Q1",43.48,,,,,"I12:415","Frequency: Quarterly","R1:3513","Repository: ILO-STATISTICS - Micro data processing"
"FRA","France","BA:148","LFS - Employment Survey","EMP_5EMP_SEX_OC2_NB","Employment by sex and occupation - ISCO level 2 -- 19th ICLS (thousands)","SEX_M","Male","OC2_ISCO08_71","Occupation (ISCO-08), 2 digit level: 71 - Building and related trades workers, excluding electricians","2023Q1",990.338,,,,,"I12:415","Frequency: Quarterly","R1:3513","Repository: ILO-STATISTICS - Micro data processing"
"FRA","France","BA:148","LFS - Employment Survey","EMP_5EMP_SEX_OC2_NB","Employment by sex and occupation - ISCO level 2 -- 19th ICLS (thousands)","SEX_M","Male","OC2_ISCO08_72","Occupation (ISCO-08), 2 digit level: 72 - Metal, machinery and related trades workers","2023Q1",770.666,,,,,"I12:415","Frequency: Quarterly","R1:3513","Repository: ILO-STATISTICS - Micro data processing"
"FRA","France","BA:148","LFS - Employment Survey","EMP_5EMP_SEX_OC2_NB","Employment by sex and occupation - ISCO level 2 -- 19th ICLS (thousands)","SEX_M","Male","OC2_ISCO08_73","Occupation (ISCO-08), 2 digit level: 73 - Handicraft and printing workers","2023Q1",64.737,,,,,"I12:415","Frequency: Quarterly","R1:3513","Repository: ILO-STATISTICS - Micro data processing"
"FRA","France","BA:148","LFS - Employment Survey","EMP_5EMP_SEX_OC2_NB","Employment by sex and occupation - ISCO level 2 -- 19th ICLS (thousands)","SEX_M","Male","OC2_ISCO08_74","Occupation (ISCO-08), 2 digit level: 74 - Electrical and electronic trades workers","2023Q1",285.833,,,,,"I12:415","Frequency: Quarterly","R1:3513","Repository: ILO-STATISTICS - Micro data processing"
"FRA","France","BA:148","LFS - Employment Survey","EMP_5EMP_SEX_OC2_NB","Employment by sex and occupation - ISCO level 2 -- 19th ICLS (thousands)","SEX_M","Male","OC2_ISCO08_75","Occupation (ISCO-08), 2 digit level: 75 - Food processing, wood working, garment and other craft and related trades workers","2023Q1",345.141,,,,,"I12:415","Frequency: Quarterly","R1:3513","Repository: ILO-STATISTICS - Micro data processing"
"FRA","France","BA:148","LFS - Employment Survey","EMP_5EMP_SEX_OC2_NB","Employment by sex and occupation - ISCO level 2 -- 19th ICLS (thousands)","SEX_M","Male","OC2_ISCO08_81","Occupation (ISCO-08), 2 digit level: 81 - Stationary plant and machine operators","2023Q1",369.914,,,,,"I12:415","Frequency: Quarterly","R1:3513","Repository: ILO-STATISTICS - Micro data processing"
"FRA","France","BA:148","LFS - Employment Survey","EMP_5EMP_SEX_OC2_NB","Employment by sex and occupation - ISCO level 2 -- 19th ICLS (thousands)","SEX_M","Male","OC2_ISCO08_82","Occupation (ISCO-08), 2 digit level: 82 - Assemblers","2023Q1",111.144,,,,,"I12:415","Frequency: Quarterly","R1:3513","Repository: ILO-STATISTICS - Micro data processing"
"FRA","France","BA:148","LFS - Employment Survey","EMP_5EMP_SEX_OC2_NB","Employment by sex and occupation - ISCO level 2 -- 19th ICLS (thousands)","SEX_M","Male","OC2_ISCO08_83","Occupation (ISCO-08), 2 digit level: 83 - Drivers and mobile plant operators","2023Q1",1017.522,,,,,"I12:415","Frequency: Quarterly","R1:3513","Repository: ILO-STATISTICS - Micro data processing"
"FRA","France","BA:148","LFS - Employment Survey","EMP_5EMP_SEX_OC2_NB","Employment by sex and occupation - ISCO level 2 -- 19th ICLS (thousands)","SEX_M","Male","OC2_ISCO08_91","Occupation (ISCO-08), 2 digit level: 91 - Cleaners and helpers","2023Q1",172.039,,,,,"I12:415","Frequency: Quarterly","R1:3513","Repository: ILO-STATISTICS - Micro data processing"
"FRA","France","BA:148","LFS - Employment Survey","EMP_5EMP_SEX_OC2_NB","Employment by sex and occupation - ISCO level 2 -- 19th ICLS (thousands)","SEX_M","Male","OC2_ISCO08_92","Occupation (ISCO-08), 2 digit level: 92 - Agricultural, forestry and fishery labourers","2023Q1",100.187,,,,,"I12:415","Frequency: Quarterly","R1:3513","Repository: ILO-STATISTICS - Micro data processing"
"FRA","France","BA:148","LFS - Employment Survey","EMP_5EMP_SEX_OC2_NB","Employment by sex and occupation - ISCO level 2 -- 19th ICLS (thousands)","SEX_M","Male","OC2_ISCO08_93","Occupation (ISCO-08), 2 digit level: 93 - Labourers in mining, construction, manufacturing and transport","2023Q1",407.88,,,,,"I12:415","Frequency: Quarterly","R1:3513","Repository: ILO-STATISTICS - Micro data processing"
"FRA","France","BA:148","LFS - Employment Survey","EMP_5EMP_SEX_OC2_NB","Employment by sex and occupation - ISCO level 2 -- 19th ICLS (thousands)","SEX_M","Male","OC2_ISCO08_94","Occupation (ISCO-08), 2 digit level: 94 - Food preparation assistants","2023Q1",84.241,,,,,"I12:415","Frequency: Quarterly","R1:3513","Repository: ILO-STATISTICS - Micro data processing"
"FRA","France","BA:148","LFS - Employment Survey","EMP_5EMP_SEX_OC2_NB","Employment by sex and occupation - ISCO level 2 -- 19th ICLS (thousands)","SEX_M","Male","OC2_ISCO08_96","Occupation (ISCO-08), 2 digit level: 96 - Refuse workers and other elementary workers","2023Q1",173.804,,,,,"I12:415","Frequency: Quarterly","R1:3513","Repository: ILO-STATISTICS - Micro data processing"
"FRA","France","BA:148","LFS - Employment Survey","EMP_5EMP_SEX_OC2_NB","Employment by sex and occupation - ISCO level 2 -- 19th ICLS (thousands)","SEX_M","Male","OC2_ISCO08_X","Occupation (ISCO-08), 2 digit level: X - Not elsewhere classified","2023Q1",89.867,,,,,"I12:415","Frequency: Quarterly","R1:3513","Repository: ILO-STATISTICS - Micro data processing"
"FRA","France","BA:148","LFS - Employment Survey","EMP_5EMP_SEX_OC2_NB","Employment by sex and occupation - ISCO level 2 -- 19th ICLS (thousands)","SEX_F","Female","OC2_ISCO08_TOTAL","Occupation (ISCO-08), 2 digit level: Total","2023Q1",13936.738,,,,,"I12:415","Frequency: Quarterly","R1:3513","Repository: ILO-STATISTICS - Micro data processing"
"FRA","France","BA:148","LFS - Employment Survey","EMP_5EMP_SEX_OC2_NB","Employment by sex and occupation - ISCO level 2 -- 19th ICLS (thousands)","SEX_F","Female","OC2_ISCO08_01","Occupation (ISCO-08), 2 digit level: 01 - Commissioned armed forces officers","2023Q1",4.435,"U","Unreliable",,,"I12:415","Frequency: Quarterly","R1:3513","Repository: ILO-STATISTICS - Micro data processing"
"FRA","France","BA:148","LFS - Employment Survey","EMP_5EMP_SEX_OC2_NB","Employment by sex and occupation - ISCO level 2 -- 19th ICLS (thousands)","SEX_F","Female","OC2_ISCO08_02","Occupation (ISCO-08), 2 digit level: 02 - Non-commissioned armed forces officers","2023Q1",20.845,,,,,"I12:415","Frequency: Quarterly","R1:3513","Repository: ILO-STATISTICS - Micro data processing"
"FRA","France","BA:148","LFS - Employment Survey","EMP_5EMP_SEX_OC2_NB","Employment by sex and occupation - ISCO level 2 -- 19th ICLS (thousands)","SEX_F","Female","OC2_ISCO08_03","Occupation (ISCO-08), 2 digit level: 03 - Armed forces occupations, other ranks","2023Q1",16.22,,,,,"I12:415","Frequency: Quarterly","R1:3513","Repository: ILO-STATISTICS - Micro data processing"
"FRA","France","BA:148","LFS - Employment Survey","EMP_5EMP_SEX_OC2_NB","Employment by sex and occupation - ISCO level 2 -- 19th ICLS (thousands)","SEX_F","Female","OC2_ISCO08_11","Occupation (ISCO-08), 2 digit level: 11 - Chief executives, senior officials and legislators","2023Q1",68.891,,,,,"I12:415","Frequency: Quarterly","R1:3513","Repository: ILO-STATISTICS - Micro data processing"
"FRA","France","BA:148","LFS - Employment Survey","EMP_5EMP_SEX_OC2_NB","Employment by sex and occupation - ISCO level 2 -- 19th ICLS (thousands)","SEX_F","Female","OC2_ISCO08_12","Occupation (ISCO-08), 2 digit level: 12 - Administrative and commercial managers","2023Q1",319.029,,,,,"I12:415","Frequency: Quarterly","R1:3513","Repository: ILO-STATISTICS - Micro data processing"
"FRA","France","BA:148","LFS - Employment Survey","EMP_5EMP_SEX_OC2_NB","Employment by sex and occupation - ISCO level 2 -- 19th ICLS (thousands)","SEX_F","Female","OC2_ISCO08_13","Occupation (ISCO-08), 2 digit level: 13 - Production and specialised services managers","2023Q1",206.125,,,,,"I12:415","Frequency: Quarterly","R1:3513","Repository: ILO-STATISTICS - Micro data processing"
"FRA","France","BA:148","LFS - Employment Survey","EMP_5EMP_SEX_OC2_NB","Employment by sex and occupation - ISCO level 2 -- 19th ICLS (thousands)","SEX_F","Female","OC2_ISCO08_14","Occupation (ISCO-08), 2 digit level: 14 - Hospitality, retail and other services managers","2023Q1",202.387,,,,,"I12:415","Frequency: Quarterly","R1:3513","Repository: ILO-STATISTICS - Micro data processing"
"FRA","France","BA:148","LFS - Employment Survey","EMP_5EMP_SEX_OC2_NB","Employment by sex and occupation - ISCO level 2 -- 19th ICLS (thousands)","SEX_F","Female","OC2_ISCO08_21","Occupation (ISCO-08), 2 digit level: 21 - Science and engineering professionals","2023Q1",470.712,,,,,"I12:415","Frequency: Quarterly","R1:3513","Repository: ILO-STATISTICS - Micro data processing"
"FRA","France","BA:148","LFS - Employment Survey","EMP_5EMP_SEX_OC2_NB","Employment by sex and occupation - ISCO level 2 -- 19th ICLS (thousands)","SEX_F","Female","OC2_ISCO08_22","Occupation (ISCO-08), 2 digit level: 22 - Health professionals","2023Q1",511.594,,,,,"I12:415","Frequency: Quarterly","R1:3513","Repository: ILO-STATISTICS - Micro data processing"
"FRA","France","BA:148","LFS - Employment Survey","EMP_5EMP_SEX_OC2_NB","Employment by sex and occupation - ISCO level 2 -- 19th ICLS (thousands)","SEX_F","Female","OC2_ISCO08_23","Occupation (ISCO-08), 2 digit level: 23 - Teaching professionals","2023Q1",868.049,,,,,"I12:415","Frequency: Quarterly","R1:3513","Repository: ILO-STATISTICS - Micro data processing"
"FRA","France","BA:148","LFS - Employment Survey","EMP_5EMP_SEX_OC2_NB","Employment by sex and occupation - ISCO level 2 -- 19th ICLS (thousands)","SEX_F","Female","OC2_ISCO08_24","Occupation (ISCO-08), 2 digit level: 24 - Business and administration professionals","2023Q1",826.627,,,,,"I12:415","Frequency: Quarterly","R1:3513","Repository: ILO-STATISTICS - Micro data processing"
"FRA","France","BA:148","LFS - Employment Survey","EMP_5EMP_SEX_OC2_NB","Employment by sex and occupation - ISCO level 2 -- 19th ICLS (thousands)","SEX_F","Female","OC2_ISCO08_25","Occupation (ISCO-08), 2 digit level: 25 - Information and communications technology professionals","2023Q1",148.493,,,,,"I12:415","Frequency: Quarterly","R1:3513","Repository: ILO-STATISTICS - Micro data processing"
"FRA","France","BA:148","LFS - Employment Survey","EMP_5EMP_SEX_OC2_NB","Employment by sex and occupation - ISCO level 2 -- 19th ICLS (thousands)","SEX_F","Female","OC2_ISCO08_26","Occupation (ISCO-08), 2 digit level: 26 - Legal, social and cultural professionals","2023Q1",582.234,,,,,"I12:415","Frequency: Quarterly","R1:3513","Repository: ILO-STATISTICS - Micro data processing"
"FRA","France","BA:148","LFS - Employment Survey","EMP_5EMP_SEX_OC2_NB","Employment by sex and occupation - ISCO level 2 -- 19th ICLS (thousands)","SEX_F","Female","OC2_ISCO08_31","Occupation (ISCO-08), 2 digit level: 31 - Science and engineering associate professionals","2023Q1",207.7,,,,,"I12:415","Frequency: Quarterly","R1:3513","Repository: ILO-STATISTICS - Micro data processing"
"FRA","France","BA:148","LFS - Employment Survey","EMP_5EMP_SEX_OC2_NB","Employment by sex and occupation - ISCO level 2 -- 19th ICLS (thousands)","SEX_F","Female","OC2_ISCO08_32","Occupation (ISCO-08), 2 digit level: 32 - Health associate professionals","2023Q1",753.599,,,,,"I12:415","Frequency: Quarterly","R1:3513","Repository: ILO-STATISTICS - Micro data processing"
"FRA","France","BA:148","LFS - Employment Survey","EMP_5EMP_SEX_OC2_NB","Employment by sex and occupation - ISCO level 2 -- 19th ICLS (thousands)","SEX_F","Female","OC2_ISCO08_33","Occupation (ISCO-08), 2 digit level: 33 - Business and administration associate professionals","2023Q1",1283.98,,,,,"I12:415","Frequency: Quarterly","R1:3513","Repository: ILO-STATISTICS - Micro data processing"
"FRA","France","BA:148","LFS - Employment Survey","EMP_5EMP_SEX_OC2_NB","Employment by sex and occupation - ISCO level 2 -- 19th ICLS (thousands)","SEX_F","Female","OC2_ISCO08_34","Occupation (ISCO-08), 2 digit level: 34 - Legal, social, cultural and related associate professionals","2023Q1",657.413,,,,,"I12:415","Frequency: Quarterly","R1:3513","Repository: ILO-STATISTICS - Micro data processing"
"FRA","France","BA:148","LFS - Employment Survey","EMP_5EMP_SEX_OC2_NB","Employment by sex and occupation - ISCO level 2 -- 19th ICLS (thousands)","SEX_F","Female","OC2_ISCO08_35","Occupation (ISCO-08), 2 digit level: 35 - Information and communications technicians","2023Q1",32.059,,,,,"I12:415","Frequency: Quarterly","R1:3513","Repository: ILO-STATISTICS - Micro data processing"
"FRA","France","BA:148","LFS - Employment Survey","EMP_5EMP_SEX_OC2_NB","Employment by sex and occupation - ISCO level 2 -- 19th ICLS (thousands)","SEX_F","Female","OC2_ISCO08_41","Occupation (ISCO-08), 2 digit level: 41 - General and keyboard clerks","2023Q1",873.986,,,,,"I12:415","Frequency: Quarterly","R1:3513","Repository: ILO-STATISTICS - Micro data processing"
"FRA","France","BA:148","LFS - Employment Survey","EMP_5EMP_SEX_OC2_NB","Employment by sex and occupation - ISCO level 2 -- 19th ICLS (thousands)","SEX_F","Female","OC2_ISCO08_42","Occupation (ISCO-08), 2 digit level: 42 - Customer services clerks","2023Q1",221.319,,,,,"I12:415","Frequency: Quarterly","R1:3513","Repository: ILO-STATISTICS - Micro data processing"
"FRA","France","BA:148","LFS - Employment Survey","EMP_5EMP_SEX_OC2_NB","Employment by sex and occupation - ISCO level 2 -- 19th ICLS (thousands)","SEX_F","Female","OC2_ISCO08_43","Occupation (ISCO-08), 2 digit level: 43 - Numerical and material recording clerks","2023Q1",395.933,,,,,"I12:415","Frequency: Quarterly","R1:3513","Repository: ILO-STATISTICS - Micro data processing"
"FRA","France","BA:148","LFS - Employment Survey","EMP_5EMP_SEX_OC2_NB","Employment by sex and occupation - ISCO level 2 -- 19th ICLS (thousands)","SEX_F","Female","OC2_ISCO08_44","Occupation (ISCO-08), 2 digit level: 44 - Other clerical support workers","2023Q1",184.773,,,,,"I12:415","Frequency: Quarterly","R1:3513","Repository: ILO-STATISTICS - Micro data processing"
"FRA","France","BA:148","LFS - Employment Survey","EMP_5EMP_SEX_OC2_NB","Employment by sex and occupation - ISCO level 2 -- 19th ICLS (thousands)","SEX_F","Female","OC2_ISCO08_51","Occupation (ISCO-08), 2 digit level: 51 - Personal service workers","2023Q1",571.62,,,,,"I12:415","Frequency: Quarterly","R1:3513","Repository: ILO-STATISTICS - Micro data processing"
"FRA","France","BA:148","LFS - Employment Survey","EMP_5EMP_SEX_OC2_NB","Employment by sex and occupation - ISCO level 2 -- 19th ICLS (thousands)","SEX_F","Female","OC2_ISCO08_52","Occupation (ISCO-08), 2 digit level: 52 - Sales workers","2023Q1",797.608,,,,,"I12:415","Frequency: Quarterly","R1:3513","Repository: ILO-STATISTICS - Micro data processing"
"FRA","France","BA:148","LFS - Employment Survey","EMP_5EMP_SEX_OC2_NB","Employment by sex and occupation - ISCO level 2 -- 19th ICLS (thousands)","SEX_F","Female","OC2_ISCO08_53","Occupation (ISCO-08), 2 digit level: 53 - Personal care workers","2023Q1",1268.319,,,,,"I12:415","Frequency: Quarterly","R1:3513","Repository: ILO-STATISTICS - Micro data processing"
"FRA","France","BA:148","LFS - Employment Survey","EMP_5EMP_SEX_OC2_NB","Employment by sex and occupation - ISCO level 2 -- 19th ICLS (thousands)","SEX_F","Female","OC2_ISCO08_54","Occupation (ISCO-08), 2 digit level: 54 - Protective services workers","2023Q1",86.093,,,,,"I12:415","Frequency: Quarterly","R1:3513","Repository: ILO-STATISTICS - Micro data processing"
"FRA","France","BA:148","LFS - Employment Survey","EMP_5EMP_SEX_OC2_NB","Employment by sex and occupation - ISCO level 2 -- 19th ICLS (thousands)","SEX_F","Female","OC2_ISCO08_61","Occupation (ISCO-08), 2 digit level: 61 - Market-oriented skilled agricultural workers","2023Q1",191.746,,,,,"I12:415","Frequency: Quarterly","R1:3513","Repository: ILO-STATISTICS - Micro data processing"
"FRA","France","BA:148","LFS - Employment Survey","EMP_5EMP_SEX_OC2_NB","Employment by sex and occupation - ISCO level 2 -- 19th ICLS (thousands)","SEX_F","Female","OC2_ISCO08_62","Occupation (ISCO-08), 2 digit level: 62 - Market-oriented skilled forestry, fishery and hunting workers","2023Q1",,"U","Unreliable",,,"I12:415","Frequency: Quarterly","R1:3513","Repository: ILO-STATISTICS - Micro data processing"
"FRA","France","BA:148","LFS - Employment Survey","EMP_5EMP_SEX_OC2_NB","Employment by sex and occupation - ISCO level 2 -- 19th ICLS (thousands)","SEX_F","Female","OC2_ISCO08_71","Occupation (ISCO-08), 2 digit level: 71 - Building and related trades workers, excluding electricians","2023Q1",26.717,,,,,"I12:415","Frequency: Quarterly","R1:3513","Repository: ILO-STATISTICS - Micro data processing"
"FRA","France","BA:148","LFS - Employment Survey","EMP_5EMP_SEX_OC2_NB","Employment by sex and occupation - ISCO level 2 -- 19th ICLS (thousands)","SEX_F","Female","OC2_ISCO08_72","Occupation (ISCO-08), 2 digit level: 72 - Metal, machinery and related trades workers","2023Q1",30.237,,,,,"I12:415","Frequency: Quarterly","R1:3513","Repository: ILO-STATISTICS - Micro data processing"
"FRA","France","BA:148","LFS - Employment Survey","EMP_5EMP_SEX_OC2_NB","Employment by sex and occupation - ISCO level 2 -- 19th ICLS (thousands)","SEX_F","Female","OC2_ISCO08_73","Occupation (ISCO-08), 2 digit level: 73 - Handicraft and printing workers","2023Q1",47.398,,,,,"I12:415","Frequency: Quarterly","R1:3513","Repository: ILO-STATISTICS - Micro data processing"
"FRA","France","BA:148","LFS - Employment Survey","EMP_5EMP_SEX_OC2_NB","Employment by sex and occupation - ISCO level 2 -- 19th ICLS (thousands)","SEX_F","Female","OC2_ISCO08_74","Occupation (ISCO-08), 2 digit level: 74 - Electrical and electronic trades workers","2023Q1",7.349,"U","Unreliable",,,"I12:415","Frequency: Quarterly","R1:3513","Repository: ILO-STATISTICS - Micro data processing"
"FRA","France","BA:148","LFS - Employment Survey","EMP_5EMP_SEX_OC2_NB","Employment by sex and occupation - ISCO level 2 -- 19th ICLS (thousands)","SEX_F","Female","OC2_ISCO08_75","Occupation (ISCO-08), 2 digit level: 75 - Food processing, wood working, garment and other craft and related trades workers","2023Q1",165.189,,,,,"I12:415","Frequency: Quarterly","R1:3513","Repository: ILO-STATISTICS - Micro data processing"
"FRA","France","BA:148","LFS - Employment Survey","EMP_5EMP_SEX_OC2_NB","Employment by sex and occupation - ISCO level 2 -- 19th ICLS (thousands)","SEX_F","Female","OC2_ISCO08_81","Occupation (ISCO-08), 2 digit level: 81 - Stationary plant and machine operators","2023Q1",235.523,,,,,"I12:415","Frequency: Quarterly","R1:3513","Repository: ILO-STATISTICS - Micro data processing"
"FRA","France","BA:148","LFS - Employment Survey","EMP_5EMP_SEX_OC2_NB","Employment by sex and occupation - ISCO level 2 -- 19th ICLS (thousands)","SEX_F","Female","OC2_ISCO08_82","Occupation (ISCO-08), 2 digit level: 82 - Assemblers","2023Q1",42.45,,,,,"I12:415","Frequency: Quarterly","R1:3513","Repository: ILO-STATISTICS - Micro data processing"
"FRA","France","BA:148","LFS - Employment Survey","EMP_5EMP_SEX_OC2_NB","Employment by sex and occupation - ISCO level 2 -- 19th ICLS (thousands)","SEX_F","Female","OC2_ISCO08_83","Occupation (ISCO-08), 2 digit level: 83 - Drivers and mobile plant operators","2023Q1",86.87,,,,,"I12:415","Frequency: Quarterly","R1:3513","Repository: ILO-STATISTICS - Micro data processing"
"FRA","France","BA:148","LFS - Employment Survey","EMP_5EMP_SEX_OC2_NB","Employment by sex and occupation - ISCO level 2 -- 19th ICLS (thousands)","SEX_F","Female","OC2_ISCO08_91","Occupation (ISCO-08), 2 digit level: 91 - Cleaners and helpers","2023Q1",970.977,,,,,"I12:415","Frequency: Quarterly","R1:3513","Repository: ILO-STATISTICS - Micro data processing"
"FRA","France","BA:148","LFS - Employment Survey","EMP_5EMP_SEX_OC2_NB","Employment by sex and occupation - ISCO level 2 -- 19th ICLS (thousands)","SEX_F","Female","OC2_ISCO08_92","Occupation (ISCO-08), 2 digit level: 92 - Agricultural, forestry and fishery labourers","2023Q1",28.613,,,,,"I12:415","Frequency: Quarterly","R1:3513","Repository: ILO-STATISTICS - Micro data processing"
"FRA","France","BA:148","LFS - Employment Survey","EMP_5EMP_SEX_OC2_NB","Employment by sex and occupation - ISCO level 2 -- 19th ICLS (thousands)","SEX_F","Female","OC2_ISCO08_93","Occupation (ISCO-08), 2 digit level: 93 - Labourers in mining, construction, manufacturing and transport","2023Q1",234.15,,,,,"I12:415","Frequency: Quarterly","R1:3513","Repository: ILO-STATISTICS - Micro data processing"
"FRA","France","BA:148","LFS - Employment Survey","EMP_5EMP_SEX_OC2_NB","Employment by sex and occupation - ISCO level 2 -- 19th ICLS (thousands)","SEX_F","Female","OC2_ISCO08_94","Occupation (ISCO-08), 2 digit level: 94 - Food preparation assistants","2023Q1",140.356,,,,,"I12:415","Frequency: Quarterly","R1:3513","Repository: ILO-STATISTICS - Micro data processing"
"FRA","France","BA:148","LFS - Employment Survey","EMP_5EMP_SEX_OC2_NB","Employment by sex and occupation - ISCO level 2 -- 19th ICLS (thousands)","SEX_F","Female","OC2_ISCO08_96","Occupation (ISCO-08), 2 digit level: 96 - Refuse workers and other elementary workers","2023Q1",48.267,,,,,"I12:415","Frequency: Quarterly","R1:3513","Repository: ILO-STATISTICS - Micro data processing"
"FRA","France","BA:148","LFS - Employment Survey","EMP_5EMP_SEX_OC2_NB","Employment by sex and occupation - ISCO level 2 -- 19th ICLS (thousands)","SEX_F","Female","OC2_ISCO08_X","Occupation (ISCO-08), 2 digit level: X - Not elsewhere classified","2023Q1",97.955,,,,,"I12:415","Frequency: Quarterly","R1:3513","Repository: ILO-STATISTICS - Micro data processing"
